{
  "成都俊发星雅俊园|成都西村大院": 46.93333333333333,
  "成都俊发星雅俊园|成都水井坊博物馆": 37.3,
  "成都俊发星雅俊园|成都太古里": 37.28333333333333,
  "成都俊发星雅俊园|成都当代美术馆": 51.35,
  "成都俊发星雅俊园|成都宽窄巷子": 49.05,
  "成都俊发星雅俊园|成都市武侯祠横街": 44.333333333333336,
  "成都俊发星雅俊园|成都九眼桥": 36.03333333333333,
  "成都俊发星雅俊园|全季酒店（成都武侯祠店)": 46.9,
  "成都西村大院|成都俊发星雅俊园": 50.86666666666667,
  "成都西村大院|成都水井坊博物馆": 41.05,
  "成都西村大院|成都太古里": 35.8,
  "成都西村大院|成都当代美术馆": 53.38333333333333,
  "成都西村大院|成都宽窄巷子": 27.816666666666666,
  "成都西村大院|成都市武侯祠横街": 30.5,
  "成都西村大院|成都九眼桥": 38.06666666666667,
  "成都西村大院|全季酒店（成都武侯祠店)": 33.75,
  "成都水井坊博物馆|成都俊发星雅俊园": 28.316666666666666,
  "成都水井坊博物馆|成都西村大院": 29.65,
  "成都水井坊博物馆|成都太古里": 8.516666666666667,
  "成都水井坊博物馆|成都当代美术馆": 41.766666666666666,
  "成都水井坊博物馆|成都宽窄巷子": 20.633333333333333,
  "成都水井坊博物馆|成都市武侯祠横街": 19.2,
  "成都水井坊博物馆|成都九眼桥": 8.566666666666666,
  "成都水井坊博物馆|全季酒店（成都武侯祠店)": 21.466666666666665,
  "成都太古里|成都俊发星雅俊园": 29.75,
  "成都太古里|成都西村大院": 23.383333333333333,
  "成都太古里|成都水井坊博物馆": 12.75,
  "成都太古里|成都当代美术馆": 40.916666666666664,
  "成都太古里|成都宽窄巷子": 15.45,
  "成都太古里|成都市武侯祠横街": 19.25,
  "成都太古里|成都九眼桥": 13.266666666666667,
  "成都太古里|全季酒店（成都武侯祠店)": 27.1,
  "成都当代美术馆|成都俊发星雅俊园": 31.783333333333335,
  "成都当代美术馆|成都西村大院": 33.733333333333334,
  "成都当代美术馆|成都水井坊博物馆": 34.3,
  "成都当代美术馆|成都太古里": 35.68333333333333,
  "成都当代美术馆|成都宽窄巷子": 40.06666666666667,
  "成都当代美术馆|成都市武侯祠横街": 34.61666666666667,
  "成都当代美术馆|成都九眼桥": 33.43333333333333,
  "成都当代美术馆|全季酒店（成都武侯祠店)": 36.95,
  "成都宽窄巷子|成都俊发星雅俊园": 42.85,
  "成都宽窄巷子|成都西村大院": 16.616666666666667,
  "成都宽窄巷子|成都水井坊博物馆": 25.716666666666665,
  "成都宽窄巷子|成都太古里": 16.5,
  "成都宽窄巷子|成都当代美术馆": 43.8,
  "成都宽窄巷子|成都市武侯祠横街": 17.033333333333335,
  "成都宽窄巷子|成都九眼桥": 22.666666666666668,
  "成都宽窄巷子|全季酒店（成都武侯祠店)": 18.483333333333334,
  "成都市武侯祠横街|成都俊发星雅俊园": 34.9,
  "成都市武侯祠横街|成都西村大院": 22.716666666666665,
  "成都市武侯祠横街|成都水井坊博物馆": 17.416666666666668,
  "成都市武侯祠横街|成都太古里": 19.75,
  "成都市武侯祠横街|成都当代美术馆": 36.65,
  "成都市武侯祠横街|成都宽窄巷子": 16.4,
  "成都市武侯祠横街|成都九眼桥": 14.0,
  "成都市武侯祠横街|全季酒店（成都武侯祠店)": 7.766666666666667,
  "成都九眼桥|成都俊发星雅俊园": 27.833333333333332,
  "成都九眼桥|成都西村大院": 35.35,
  "成都九眼桥|成都水井坊博物馆": 13.066666666666666,
  "成都九眼桥|成都太古里": 13.816666666666666,
  "成都九眼桥|成都当代美术馆": 42.983333333333334,
  "成都九眼桥|成都宽窄巷子": 27.266666666666666,
  "成都九眼桥|成都市武侯祠横街": 20.1,
  "成都九眼桥|全季酒店（成都武侯祠店)": 22.583333333333332,
  "全季酒店（成都武侯祠店)|成都俊发星雅俊园": 40.766666666666666,
  "全季酒店（成都武侯祠店)|成都西村大院": 17.4,
  "全季酒店（成都武侯祠店)|成都水井坊博物馆": 23.8,
  "全季酒店（成都武侯祠店)|成都太古里": 24.583333333333332,
  "全季酒店（成都武侯祠店)|成都当代美术馆": 42.166666666666664,
  "全季酒店（成都武侯祠店)|成都宽窄巷子": 16.45,
  "全季酒店（成都武侯祠店)|成都市武侯祠横街": 12.35,
  "全季酒店（成都武侯祠店)|成都九眼桥": 23.7
}