{
  "成都俊发星雅俊园": [
    104.154419,
    30.590294
  ],
  "成都西村大院": [
    104.00373,
    30.671288
  ],
  "成都水井坊博物馆": [
    104.086085,
    30.645047
  ],
  "成都太古里": [
    104.083809,
    30.653358
  ],
  "成都当代美术馆": [
    104.070635,
    30.541737
  ],
  "成都宽窄巷子": [
    104.05518,
    30.663213
  ],
  "成都市武侯祠横街": [
    104.047274,
    30.640526
  ],
  "成都九眼桥": [
    104.08958,
    30.640332
  ],
  "全季酒店（成都武侯祠店)": [
    104.041571,
    30.649561
  ]
}