{
  "成都俊发星雅俊园|成都西村大院": 46.38333333333333,
  "成都俊发星雅俊园|成都水井坊博物馆": 33.416666666666664,
  "成都俊发星雅俊园|成都太古里": 36.0,
  "成都俊发星雅俊园|成都当代美术馆": 39.6,
  "成都俊发星雅俊园|成都来福士广场": 31.916666666666668,
  "成都俊发星雅俊园|成都宽窄巷子": 44.1,
  "成都俊发星雅俊园|成都市武侯祠横街": 42.55,
  "成都俊发星雅俊园|成都九眼桥": 32.333333333333336,
  "成都俊发星雅俊园|全季酒店(成都武侯祠店)": 45.166666666666664,
  "成都西村大院|成都俊发星雅俊园": 37.18333333333333,
  "成都西村大院|成都水井坊博物馆": 33.56666666666667,
  "成都西村大院|成都太古里": 31.95,
  "成都西村大院|成都当代美术馆": 33.53333333333333,
  "成都西村大院|成都来福士广场": 21.35,
  "成都西村大院|成都宽窄巷子": 22.316666666666666,
  "成都西村大院|成都市武侯祠横街": 32.333333333333336,
  "成都西村大院|成都九眼桥": 30.733333333333334,
  "成都西村大院|全季酒店(成都武侯祠店)": 29.183333333333334,
  "成都水井坊博物馆|成都俊发星雅俊园": 30.583333333333332,
  "成都水井坊博物馆|成都西村大院": 37.35,
  "成都水井坊博物馆|成都太古里": 11.766666666666667,
  "成都水井坊博物馆|成都当代美术馆": 35.666666666666664,
  "成都水井坊博物馆|成都来福士广场": 20.466666666666665,
  "成都水井坊博物馆|成都宽窄巷子": 28.216666666666665,
  "成都水井坊博物馆|成都市武侯祠横街": 22.216666666666665,
  "成都水井坊博物馆|成都九眼桥": 9.566666666666666,
  "成都水井坊博物馆|全季酒店(成都武侯祠店)": 23.45,
  "成都太古里|成都俊发星雅俊园": 30.8,
  "成都太古里|成都西村大院": 29.016666666666666,
  "成都太古里|成都水井坊博物馆": 13.866666666666667,
  "成都太古里|成都当代美术馆": 38.1,
  "成都太古里|成都来福士广场": 23.15,
  "成都太古里|成都宽窄巷子": 22.416666666666668,
  "成都太古里|成都市武侯祠横街": 23.633333333333333,
  "成都太古里|成都九眼桥": 14.033333333333333,
  "成都太古里|全季酒店(成都武侯祠店)": 32.266666666666666,
  "成都当代美术馆|成都俊发星雅俊园": 33.63333333333333,
  "成都当代美术馆|成都西村大院": 39.4,
  "成都当代美术馆|成都水井坊博物馆": 32.9,
  "成都当代美术馆|成都太古里": 34.71666666666667,
  "成都当代美术馆|成都来福士广场": 23.9,
  "成都当代美术馆|成都宽窄巷子": 47.18333333333333,
  "成都当代美术馆|成都市武侯祠横街": 34.61666666666667,
  "成都当代美术馆|成都九眼桥": 34.43333333333333,
  "成都当代美术馆|全季酒店(成都武侯祠店)": 37.85,
  "成都来福士广场|成都俊发星雅俊园": 30.816666666666666,
  "成都来福士广场|成都西村大院": 34.516666666666666,
  "成都来福士广场|成都水井坊博物馆": 18.116666666666667,
  "成都来福士广场|成都太古里": 18.716666666666665,
  "成都来福士广场|成都当代美术馆": 26.066666666666666,
  "成都来福士广场|成都宽窄巷子": 27.25,
  "成都来福士广场|成都市武侯祠横街": 17.883333333333333,
  "成都来福士广场|成都九眼桥": 13.983333333333333,
  "成都来福士广场|全季酒店(成都武侯祠店)": 21.416666666666668,
  "成都宽窄巷子|成都俊发星雅俊园": 44.5,
  "成都宽窄巷子|成都西村大院": 19.95,
  "成都宽窄巷子|成都水井坊博物馆": 25.683333333333334,
  "成都宽窄巷子|成都太古里": 20.85,
  "成都宽窄巷子|成都当代美术馆": 40.083333333333336,
  "成都宽窄巷子|成都来福士广场": 27.983333333333334,
  "成都宽窄巷子|成都市武侯祠横街": 20.616666666666667,
  "成都宽窄巷子|成都九眼桥": 22.55,
  "成都宽窄巷子|全季酒店(成都武侯祠店)": 21.316666666666666,
  "成都市武侯祠横街|成都俊发星雅俊园": 33.733333333333334,
  "成都市武侯祠横街|成都西村大院": 25.783333333333335,
  "成都市武侯祠横街|成都水井坊博物馆": 20.25,
  "成都市武侯祠横街|成都太古里": 23.883333333333333,
  "成都市武侯祠横街|成都当代美术馆": 29.2,
  "成都市武侯祠横街|成都来福士广场": 18.233333333333334,
  "成都市武侯祠横街|成都宽窄巷子": 21.083333333333332,
  "成都市武侯祠横街|成都九眼桥": 15.516666666666667,
  "成都市武侯祠横街|全季酒店(成都武侯祠店)": 8.4,
  "成都九眼桥|成都俊发星雅俊园": 27.183333333333334,
  "成都九眼桥|成都西村大院": 38.68333333333333,
  "成都九眼桥|成都水井坊博物馆": 12.333333333333334,
  "成都九眼桥|成都太古里": 14.3,
  "成都九眼桥|成都当代美术馆": 33.516666666666666,
  "成都九眼桥|成都来福士广场": 20.383333333333333,
  "成都九眼桥|成都宽窄巷子": 28.883333333333333,
  "成都九眼桥|成都市武侯祠横街": 20.583333333333332,
  "成都九眼桥|全季酒店(成都武侯祠店)": 23.883333333333333,
  "全季酒店(成都武侯祠店)|成都俊发星雅俊园": 37.38333333333333,
  "全季酒店(成都武侯祠店)|成都西村大院": 20.233333333333334,
  "全季酒店(成都武侯祠店)|成都水井坊博物馆": 22.25,
  "全季酒店(成都武侯祠店)|成都太古里": 28.483333333333334,
  "全季酒店(成都武侯祠店)|成都当代美术馆": 33.233333333333334,
  "全季酒店(成都武侯祠店)|成都来福士广场": 20.783333333333335,
  "全季酒店(成都武侯祠店)|成都宽窄巷子": 19.733333333333334,
  "全季酒店(成都武侯祠店)|成都市武侯祠横街": 10.116666666666667,
  "全季酒店(成都武侯祠店)|成都九眼桥": 22.3
}