{
  "成都东站|成都西村大院": 33.13333333333333,
  "成都东站|成都水井坊博物馆": 28.35,
  "成都东站|成都太古里": 28.033333333333335,
  "成都东站|成都当代美术馆": 29.066666666666666,
  "成都东站|成都来福士广场": 21.966666666666665,
  "成都东站|成都宽窄巷子": 42.28333333333333,
  "成都东站|成都市武侯祠横街": 31.316666666666666,
  "成都东站|成都九眼桥": 27.95,
  "成都东站|全季酒店（成都武侯祠店）": 39.266666666666666,
  "成都西村大院|成都东站": 34.266666666666666,
  "成都西村大院|成都水井坊博物馆": 28.966666666666665,
  "成都西村大院|成都太古里": 21.083333333333332,
  "成都西村大院|成都当代美术馆": 30.566666666666666,
  "成都西村大院|成都来福士广场": 18.75,
  "成都西村大院|成都宽窄巷子": 12.116666666666667,
  "成都西村大院|成都市武侯祠横街": 22.05,
  "成都西村大院|成都九眼桥": 26.183333333333334,
  "成都西村大院|全季酒店（成都武侯祠店）": 16.85,
  "成都水井坊博物馆|成都东站": 27.666666666666668,
  "成都水井坊博物馆|成都西村大院": 30.083333333333332,
  "成都水井坊博物馆|成都太古里": 4.7,
  "成都水井坊博物馆|成都当代美术馆": 34.9,
  "成都水井坊博物馆|成都来福士广场": 19.566666666666666,
  "成都水井坊博物馆|成都宽窄巷子": 21.416666666666668,
  "成都水井坊博物馆|成都市武侯祠横街": 17.033333333333335,
  "成都水井坊博物馆|成都九眼桥": 7.066666666666666,
  "成都水井坊博物馆|全季酒店（成都武侯祠店）": 17.066666666666666,
  "成都太古里|成都东站": 32.11666666666667,
  "成都太古里|成都西村大院": 23.183333333333334,
  "成都太古里|成都水井坊博物馆": 9.783333333333333,
  "成都太古里|成都当代美术馆": 30.966666666666665,
  "成都太古里|成都来福士广场": 20.933333333333334,
  "成都太古里|成都宽窄巷子": 14.9,
  "成都太古里|成都市武侯祠横街": 20.316666666666666,
  "成都太古里|成都九眼桥": 11.733333333333333,
  "成都太古里|全季酒店（成都武侯祠店）": 19.383333333333333,
  "成都当代美术馆|成都东站": 30.25,
  "成都当代美术馆|成都西村大院": 32.68333333333333,
  "成都当代美术馆|成都水井坊博物馆": 29.15,
  "成都当代美术馆|成都太古里": 32.31666666666667,
  "成都当代美术馆|成都来福士广场": 20.316666666666666,
  "成都当代美术馆|成都宽窄巷子": 41.983333333333334,
  "成都当代美术馆|成都市武侯祠横街": 29.366666666666667,
  "成都当代美术馆|成都九眼桥": 26.716666666666665,
  "成都当代美术馆|全季酒店（成都武侯祠店）": 37.75,
  "成都来福士广场|成都东站": 28.716666666666665,
  "成都来福士广场|成都西村大院": 30.166666666666668,
  "成都来福士广场|成都水井坊博物馆": 9.333333333333334,
  "成都来福士广场|成都太古里": 13.866666666666667,
  "成都来福士广场|成都当代美术馆": 32.46666666666667,
  "成都来福士广场|成都宽窄巷子": 22.2,
  "成都来福士广场|成都市武侯祠横街": 13.75,
  "成都来福士广场|成都九眼桥": 6.9,
  "成都来福士广场|全季酒店（成都武侯祠店）": 18.733333333333334,
  "成都宽窄巷子|成都东站": 42.483333333333334,
  "成都宽窄巷子|成都西村大院": 12.816666666666666,
  "成都宽窄巷子|成都水井坊博物馆": 18.35,
  "成都宽窄巷子|成都太古里": 14.683333333333334,
  "成都宽窄巷子|成都当代美术馆": 38.233333333333334,
  "成都宽窄巷子|成都来福士广场": 28.016666666666666,
  "成都宽窄巷子|成都市武侯祠横街": 17.85,
  "成都宽窄巷子|成都九眼桥": 18.95,
  "成都宽窄巷子|全季酒店（成都武侯祠店）": 10.966666666666667,
  "成都市武侯祠横街|成都东站": 33.88333333333333,
  "成都市武侯祠横街|成都西村大院": 20.1,
  "成都市武侯祠横街|成都水井坊博物馆": 15.266666666666667,
  "成都市武侯祠横街|成都太古里": 16.466666666666665,
  "成都市武侯祠横街|成都当代美术馆": 33.016666666666666,
  "成都市武侯祠横街|成都来福士广场": 15.666666666666666,
  "成都市武侯祠横街|成都宽窄巷子": 16.3,
  "成都市武侯祠横街|成都九眼桥": 12.483333333333333,
  "成都市武侯祠横街|全季酒店（成都武侯祠店）": 8.316666666666666,
  "成都九眼桥|成都东站": 29.883333333333333,
  "成都九眼桥|成都西村大院": 29.733333333333334,
  "成都九眼桥|成都水井坊博物馆": 5.566666666666666,
  "成都九眼桥|成都太古里": 11.566666666666666,
  "成都九眼桥|成都当代美术馆": 25.566666666666666,
  "成都九眼桥|成都来福士广场": 16.416666666666668,
  "成都九眼桥|成都宽窄巷子": 23.45,
  "成都九眼桥|成都市武侯祠横街": 11.416666666666666,
  "成都九眼桥|全季酒店（成都武侯祠店）": 18.683333333333334,
  "全季酒店（成都武侯祠店）|成都东站": 41.15,
  "全季酒店（成都武侯祠店）|成都西村大院": 16.433333333333334,
  "全季酒店（成都武侯祠店）|成都水井坊博物馆": 21.266666666666666,
  "全季酒店（成都武侯祠店）|成都太古里": 18.983333333333334,
  "全季酒店（成都武侯祠店）|成都当代美术馆": 33.2,
  "全季酒店（成都武侯祠店）|成都来福士广场": 21.666666666666668,
  "全季酒店（成都武侯祠店）|成都宽窄巷子": 9.816666666666666,
  "全季酒店（成都武侯祠店）|成都市武侯祠横街": 10.816666666666666,
  "全季酒店（成都武侯祠店）|成都九眼桥": 18.266666666666666
}