{
  "成都东站|成都西村大院": 90.21666666666667,
  "成都东站|成都水井坊博物馆": 51.43333333333333,
  "成都东站|成都太古里": 59.36666666666667,
  "成都东站|成都当代美术馆": 65.66666666666667,
  "成都东站|成都来福士广场": 62.666666666666664,
  "成都东站|成都宽窄巷子": 75.38333333333334,
  "成都东站|成都市武侯祠横街": 65.45,
  "成都东站|成都九眼桥": 51.25,
  "成都东站|全季酒店（成都武侯祠店）": 70.05,
  "成都西村大院|成都东站": 66.43333333333334,
  "成都西村大院|成都水井坊博物馆": 47.75,
  "成都西村大院|成都太古里": 37.733333333333334,
  "成都西村大院|成都当代美术馆": 73.46666666666667,
  "成都西村大院|成都来福士广场": 49.416666666666664,
  "成都西村大院|成都宽窄巷子": 26.366666666666667,
  "成都西村大院|成都市武侯祠横街": 44.266666666666666,
  "成都西村大院|成都九眼桥": 46.166666666666664,
  "成都西村大院|全季酒店（成都武侯祠店）": 30.733333333333334,
  "成都水井坊博物馆|成都东站": 37.55,
  "成都水井坊博物馆|成都西村大院": 44.11666666666667,
  "成都水井坊博物馆|成都太古里": 6.35,
  "成都水井坊博物馆|成都当代美术馆": 56.166666666666664,
  "成都水井坊博物馆|成都来福士广场": 27.35,
  "成都水井坊博物馆|成都宽窄巷子": 27.8,
  "成都水井坊博物馆|成都市武侯祠横街": 21.85,
  "成都水井坊博物馆|成都九眼桥": 9.683333333333334,
  "成都水井坊博物馆|全季酒店（成都武侯祠店）": 26.666666666666668,
  "成都太古里|成都东站": 40.63333333333333,
  "成都太古里|成都西村大院": 35.43333333333333,
  "成都太古里|成都水井坊博物馆": 10.4,
  "成都太古里|成都当代美术馆": 54.1,
  "成都太古里|成都来福士广场": 25.316666666666666,
  "成都太古里|成都宽窄巷子": 19.983333333333334,
  "成都太古里|成都市武侯祠横街": 22.033333333333335,
  "成都太古里|成都九眼桥": 13.55,
  "成都太古里|全季酒店（成都武侯祠店）": 26.033333333333335,
  "成都当代美术馆|成都东站": 41.13333333333333,
  "成都当代美术馆|成都西村大院": 62.083333333333336,
  "成都当代美术馆|成都水井坊博物馆": 50.083333333333336,
  "成都当代美术馆|成都太古里": 56.333333333333336,
  "成都当代美术馆|成都来福士广场": 34.666666666666664,
  "成都当代美术馆|成都宽窄巷子": 59.28333333333333,
  "成都当代美术馆|成都市武侯祠横街": 50.21666666666667,
  "成都当代美术馆|成都九眼桥": 43.833333333333336,
  "成都当代美术馆|全季酒店（成都武侯祠店）": 56.86666666666667,
  "成都来福士广场|成都东站": 46.68333333333333,
  "成都来福士广场|成都西村大院": 43.266666666666666,
  "成都来福士广场|成都水井坊博物馆": 11.333333333333334,
  "成都来福士广场|成都太古里": 22.55,
  "成都来福士广场|成都当代美术馆": 44.71666666666667,
  "成都来福士广场|成都宽窄巷子": 27.6,
  "成都来福士广场|成都市武侯祠横街": 19.85,
  "成都来福士广场|成都九眼桥": 7.55,
  "成都来福士广场|全季酒店（成都武侯祠店）": 25.283333333333335,
  "成都宽窄巷子|成都东站": 65.88333333333334,
  "成都宽窄巷子|成都西村大院": 18.683333333333334,
  "成都宽窄巷子|成都水井坊博物馆": 23.966666666666665,
  "成都宽窄巷子|成都太古里": 12.566666666666666,
  "成都宽窄巷子|成都当代美术馆": 65.81666666666666,
  "成都宽窄巷子|成都来福士广场": 41.833333333333336,
  "成都宽窄巷子|成都市武侯祠横街": 34.2,
  "成都宽窄巷子|成都九眼桥": 28.783333333333335,
  "成都宽窄巷子|全季酒店（成都武侯祠店）": 14.95,
  "成都市武侯祠横街|成都东站": 53.916666666666664,
  "成都市武侯祠横街|成都西村大院": 37.85,
  "成都市武侯祠横街|成都水井坊博物馆": 16.516666666666666,
  "成都市武侯祠横街|成都太古里": 19.783333333333335,
  "成都市武侯祠横街|成都当代美术馆": 46.5,
  "成都市武侯祠横街|成都来福士广场": 22.916666666666668,
  "成都市武侯祠横街|成都宽窄巷子": 17.233333333333334,
  "成都市武侯祠横街|成都九眼桥": 25.066666666666666,
  "成都市武侯祠横街|全季酒店（成都武侯祠店）": 8.75,
  "成都九眼桥|成都东站": 42.46666666666667,
  "成都九眼桥|成都西村大院": 44.7,
  "成都九眼桥|成都水井坊博物馆": 6.966666666666667,
  "成都九眼桥|成都太古里": 14.6,
  "成都九眼桥|成都当代美术馆": 47.416666666666664,
  "成都九眼桥|成都来福士广场": 19.833333333333332,
  "成都九眼桥|成都宽窄巷子": 28.75,
  "成都九眼桥|成都市武侯祠横街": 15.2,
  "成都九眼桥|全季酒店（成都武侯祠店）": 25.416666666666668,
  "全季酒店（成都武侯祠店）|成都东站": 55.733333333333334,
  "全季酒店（成都武侯祠店）|成都西村大院": 24.466666666666665,
  "全季酒店（成都武侯祠店）|成都水井坊博物馆": 18.183333333333334,
  "全季酒店（成都武侯祠店）|成都太古里": 20.75,
  "全季酒店（成都武侯祠店）|成都当代美术馆": 57.5,
  "全季酒店（成都武侯祠店）|成都来福士广场": 34.78333333333333,
  "全季酒店（成都武侯祠店）|成都宽窄巷子": 12.633333333333333,
  "全季酒店（成都武侯祠店）|成都市武侯祠横街": 15.466666666666667,
  "全季酒店（成都武侯祠店）|成都九眼桥": 25.983333333333334
}