{
  "成都东站": [
    104.16081382252993,
    30.596588327804188
  ],
  "成都西村大院": [
    104.01041744794675,
    30.67658240238625
  ],
  "成都水井坊博物馆": [
    104.09261195295699,
    30.65083683070666
  ],
  "成都太古里": [
    104.09007540768845,
    30.659041936434615
  ],
  "成都当代美术馆": [
    104.0770248252395,
    30.547755614345345
  ],
  "成都来福士广场": [
    104.07416435100407,
    30.63803229199092
  ],
  "成都宽窄巷子": [
    104.05976298655975,
    30.66993788482242
  ],
  "成都市武侯祠横街": [
    104.05412019066829,
    30.64736569113113
  ],
  "成都九眼桥": [
    104.09498671340316,
    30.645554963049058
  ],
  "全季酒店（成都武侯祠店）": [
    104.0529868884369,
    30.657555213672904
  ]
}