{
  "成都东站|成都西村大院": 32.81666666666667,
  "成都东站|成都水井坊博物馆": 29.916666666666668,
  "成都东站|成都太古里": 29.55,
  "成都东站|成都当代美术馆": 28.666666666666668,
  "成都东站|成都来福士广场": 26.5,
  "成都西村大院|成都东站": 35.2,
  "成都西村大院|成都水井坊博物馆": 25.383333333333333,
  "成都西村大院|成都太古里": 29.816666666666666,
  "成都西村大院|成都当代美术馆": 29.466666666666665,
  "成都西村大院|成都来福士广场": 21.516666666666666,
  "成都水井坊博物馆|成都东站": 26.116666666666667,
  "成都水井坊博物馆|成都西村大院": 30.3,
  "成都水井坊博物馆|成都太古里": 5.116666666666666,
  "成都水井坊博物馆|成都当代美术馆": 28.983333333333334,
  "成都水井坊博物馆|成都来福士广场": 18.3,
  "成都太古里|成都东站": 28.216666666666665,
  "成都太古里|成都西村大院": 23.333333333333332,
  "成都太古里|成都水井坊博物馆": 8.416666666666666,
  "成都太古里|成都当代美术馆": 26.616666666666667,
  "成都太古里|成都来福士广场": 18.716666666666665,
  "成都当代美术馆|成都东站": 29.25,
  "成都当代美术馆|成都西村大院": 29.733333333333334,
  "成都当代美术馆|成都水井坊博物馆": 29.05,
  "成都当代美术馆|成都太古里": 31.05,
  "成都当代美术馆|成都来福士广场": 20.85,
  "成都来福士广场|成都东站": 27.666666666666668,
  "成都来福士广场|成都西村大院": 28.233333333333334,
  "成都来福士广场|成都水井坊博物馆": 8.733333333333333,
  "成都来福士广场|成都太古里": 13.35,
  "成都来福士广场|成都当代美术馆": 31.55,
  "成都东站|成都宽窄巷子": 42.0,
  "成都东站|成都市武侯祠横街": 32.75,
  "成都东站|四川省德阳市三星堆遗址": 54.35,
  "成都东站|成都九眼桥": 28.05,
  "成都东站|全季酒店（成都武侯祠店）": 38.06666666666667,
  "成都西村大院|成都宽窄巷子": 12.6,
  "成都西村大院|成都市武侯祠横街": 22.8,
  "成都西村大院|四川省德阳市三星堆遗址": 50.483333333333334,
  "成都西村大院|成都九眼桥": 26.366666666666667,
  "成都西村大院|全季酒店（成都武侯祠店）": 15.316666666666666,
  "成都水井坊博物馆|成都宽窄巷子": 20.866666666666667,
  "成都水井坊博物馆|成都市武侯祠横街": 17.066666666666666,
  "成都水井坊博物馆|四川省德阳市三星堆遗址": 57.3,
  "成都水井坊博物馆|成都九眼桥": 6.083333333333333,
  "成都水井坊博物馆|全季酒店（成都武侯祠店）": 15.833333333333334,
  "成都太古里|成都宽窄巷子": 16.816666666666666,
  "成都太古里|成都市武侯祠横街": 16.95,
  "成都太古里|四川省德阳市三星堆遗址": 52.93333333333333,
  "成都太古里|成都九眼桥": 10.433333333333334,
  "成都太古里|全季酒店（成都武侯祠店）": 16.8,
  "成都当代美术馆|成都宽窄巷子": 38.5,
  "成都当代美术馆|成都市武侯祠横街": 28.85,
  "成都当代美术馆|四川省德阳市三星堆遗址": 65.95,
  "成都当代美术馆|成都九眼桥": 26.066666666666666,
  "成都当代美术馆|全季酒店（成都武侯祠店）": 34.56666666666667,
  "成都来福士广场|成都宽窄巷子": 18.516666666666666,
  "成都来福士广场|成都市武侯祠横街": 11.583333333333334,
  "成都来福士广场|四川省德阳市三星堆遗址": 67.58333333333333,
  "成都来福士广场|成都九眼桥": 10.1,
  "成都来福士广场|全季酒店（成都武侯祠店）": 15.05,
  "成都宽窄巷子|成都东站": 39.61666666666667,
  "成都宽窄巷子|成都西村大院": 13.2,
  "成都宽窄巷子|成都水井坊博物馆": 18.316666666666666,
  "成都宽窄巷子|成都太古里": 17.55,
  "成都宽窄巷子|成都当代美术馆": 33.35,
  "成都宽窄巷子|成都来福士广场": 28.683333333333334,
  "成都宽窄巷子|成都市武侯祠横街": 14.833333333333334,
  "成都宽窄巷子|四川省德阳市三星堆遗址": 61.1,
  "成都宽窄巷子|成都九眼桥": 18.866666666666667,
  "成都宽窄巷子|全季酒店（成都武侯祠店）": 10.25,
  "成都市武侯祠横街|成都东站": 33.05,
  "成都市武侯祠横街|成都西村大院": 22.35,
  "成都市武侯祠横街|成都水井坊博物馆": 14.516666666666667,
  "成都市武侯祠横街|成都太古里": 16.316666666666666,
  "成都市武侯祠横街|成都当代美术馆": 27.133333333333333,
  "成都市武侯祠横街|成都来福士广场": 17.25,
  "成都市武侯祠横街|成都宽窄巷子": 15.5,
  "成都市武侯祠横街|四川省德阳市三星堆遗址": 78.45,
  "成都市武侯祠横街|成都九眼桥": 11.833333333333334,
  "成都市武侯祠横街|全季酒店（成都武侯祠店）": 7.95,
  "四川省德阳市三星堆遗址|成都东站": 59.36666666666667,
  "四川省德阳市三星堆遗址|成都西村大院": 56.233333333333334,
  "四川省德阳市三星堆遗址|成都水井坊博物馆": 69.63333333333334,
  "四川省德阳市三星堆遗址|成都太古里": 65.95,
  "四川省德阳市三星堆遗址|成都当代美术馆": 80.45,
  "四川省德阳市三星堆遗址|成都来福士广场": 74.41666666666667,
  "四川省德阳市三星堆遗址|成都宽窄巷子": 84.85,
  "四川省德阳市三星堆遗址|成都市武侯祠横街": 76.46666666666667,
  "四川省德阳市三星堆遗址|成都九眼桥": 68.61666666666666,
  "四川省德阳市三星堆遗址|全季酒店（成都武侯祠店）": 80.3,
  "成都九眼桥|成都东站": 30.166666666666668,
  "成都九眼桥|成都西村大院": 28.716666666666665,
  "成都九眼桥|成都水井坊博物馆": 5.3,
  "成都九眼桥|成都太古里": 9.55,
  "成都九眼桥|成都当代美术馆": 23.516666666666666,
  "成都九眼桥|成都来福士广场": 13.65,
  "成都九眼桥|成都宽窄巷子": 23.0,
  "成都九眼桥|成都市武侯祠横街": 10.583333333333334,
  "成都九眼桥|四川省德阳市三星堆遗址": 58.63333333333333,
  "成都九眼桥|全季酒店（成都武侯祠店）": 17.233333333333334,
  "全季酒店（成都武侯祠店）|成都东站": 40.31666666666667,
  "全季酒店（成都武侯祠店）|成都西村大院": 16.116666666666667,
  "全季酒店（成都武侯祠店）|成都水井坊博物馆": 19.116666666666667,
  "全季酒店（成都武侯祠店）|成都太古里": 16.216666666666665,
  "全季酒店（成都武侯祠店）|成都当代美术馆": 29.7,
  "全季酒店（成都武侯祠店）|成都来福士广场": 19.9,
  "全季酒店（成都武侯祠店）|成都宽窄巷子": 10.066666666666666,
  "全季酒店（成都武侯祠店）|成都市武侯祠横街": 9.216666666666667,
  "全季酒店（成都武侯祠店）|四川省德阳市三星堆遗址": 56.7,
  "全季酒店（成都武侯祠店）|成都九眼桥": 16.583333333333332
}