START_TIME,START_LAT,END_TIME,END_LNG,USER_ID,START_LNG,END_LAT,COM_ID,geometry
2021-01-01 00:01:27,22.630838096259694,2021-01-01 00:15:38,114.06049543794865,73711ce41c58c075086daa**********,114.06052095147834,22.630451131288133,,POINT (114.06052095147834 22.630838096259694)
2021-01-01 00:01:27,22.63092575425725,2021-01-01 00:15:38,114.06058315961249,0e99e106c42682a8434a38**********,114.06060867324372,22.630538789231867,,POINT (114.06060867324372 22.63092575425725)
2021-01-01 00:03:03,22.552855966166675,2021-01-01 00:17:56,114.08720030670399,5f3e845c37e63299b37d6a**********,114.08122824241256,22.558362923898038,,POINT (114.08122824241256 22.552855966166675)
2021-01-01 00:03:09,22.566833706360676,2021-01-01 00:07:11,114.10777466325912,7c5aac0ee549b5d8c9f510**********,114.10724779369129,22.57189391522189,,POINT (114.10724779369129 22.566833706360676)
2021-01-01 00:03:09,22.56690414179885,2021-01-01 00:07:11,114.10784515574106,edc439bf9798845f9d1850**********,114.10731828460963,22.57196435166254,,POINT (114.10731828460963 22.56690414179885)
2021-01-01 00:04:45,22.532182365752533,2021-01-01 00:21:15,114.01909046218701,3f79ca0d33c9bdbefa806a**********,113.999207740113,22.53589484325782,,POINT (113.999207740113 22.532182365752533)
2021-01-01 00:04:45,22.53221247286355,2021-01-01 00:21:15,114.01912059152396,1b1eb54e9c01da442854ea**********,113.99923786190396,22.53592495723979,,POINT (113.99923786190396 22.53221247286355)
2021-01-01 00:05:00,22.637826821030707,2021-01-01 00:11:55,114.04588927354312,c4f7562f8f9230ba6bb95e**********,114.0488110913822,22.64264048309405,,POINT (114.0488110913822 22.637826821030707)
2021-01-01 00:05:00,22.63776884309951,2021-01-01 00:11:55,114.0458312617271,088d08f44e65f3e971ee2d**********,114.04875307276927,22.642582511830025,,POINT (114.04875307276927 22.63776884309951)
2021-01-01 00:05:29,22.564089638582477,2021-01-01 00:11:55,114.24114622908826,caeab61520719ea04970f4**********,114.24077834314083,22.56508952197695,,POINT (114.24077834314083 22.564089638582477)
2021-01-01 00:06:37,22.544600832942475,2021-01-01 00:23:32,114.06684082205678,eab60c50c547719dadf354**********,114.07850206858147,22.538901395897373,,POINT (114.07850206858147 22.544600832942475)
2021-01-01 00:09:26,22.657715062311706,2021-01-01 00:24:27,114.00970507532716,d326afdcd2a33984e8b8c5**********,114.02320761520797,22.67455071019871,,POINT (114.02320761520797 22.657715062311706)
2021-01-01 00:09:26,22.657741485083353,2021-01-01 00:24:27,114.00973150898994,cc81ae3b8802919efed336**********,114.02323405561677,22.67457712619216,,POINT (114.02323405561677 22.657741485083353)
2021-01-01 00:09:44,22.55811340818162,2021-01-01 00:28:28,113.87849309242698,87f12ae18e5a88341e368f**********,113.88333458320072,22.571673493843548,,POINT (113.88333458320072 22.55811340818162)
2021-01-01 00:11:38,22.540168307195216,2021-01-01 00:27:17,113.96180645854099,5ac7a7bc5e7792f9fd05b0**********,113.96900391908636,22.534623812413567,,POINT (113.96900391908636 22.540168307195216)
2021-01-01 00:14:19,22.54437159931263,2021-01-01 00:26:46,114.10437690634517,363f814dfc6bd6ad459dd9**********,114.11368276245771,22.545277418075823,,POINT (114.11368276245771 22.54437159931263)
2021-01-01 00:14:20,22.53550961281947,2021-01-01 00:43:44,114.04819033457103,349d9d656fa98e4e8d9eb0**********,114.04960042566155,22.52336174059738,,POINT (114.04960042566155 22.53550961281947)
2021-01-01 00:14:27,22.57118360629564,2021-01-01 00:22:45,114.04111421727507,72865270cb9394f0fa3161**********,114.0526783869522,22.570384463024833,,POINT (114.0526783869522 22.57118360629564)
2021-01-01 00:15:22,22.557524739468022,2021-01-01 00:28:07,114.24178989534511,3d7f9bcc6293241b6b32ae**********,114.23564501851567,22.56486909850899,,POINT (114.23564501851567 22.557524739468022)
2021-01-01 00:15:34,22.65309278555272,2021-01-01 00:21:50,114.02309392791094,681257368e6c1b209b958f**********,114.0225155369431,22.657812110674453,,POINT (114.0225155369431 22.65309278555272)
2021-01-01 00:15:35,22.655106803633732,2021-01-01 00:28:30,114.00695396624813,3d3b3d1d02814c44987e40**********,114.01891273139992,22.653925251271378,,POINT (114.01891273139992 22.655106803633732)
2021-01-01 00:15:40,22.547096404422113,2021-01-01 00:31:12,114.07177901236747,72593bfceb8719c4f816f6**********,114.08373767833348,22.548000240076828,,POINT (114.08373767833348 22.547096404422113)
2021-01-01 00:16:35,22.53486153429695,2021-01-01 00:49:24,113.91854327456836,9b00e3320f3932ea0608a1**********,113.9589954201021,22.545110752408853,,POINT (113.9589954201021 22.53486153429695)
2021-01-01 00:18:32,22.638957273332974,2021-01-01 00:38:13,114.03359983693879,4702e5bc2ccd7d26f48ae0**********,114.03205852846402,22.62475338172653,,POINT (114.03205852846402 22.638957273332974)
2021-01-01 00:19:18,22.62713430308822,2021-01-01 00:27:02,114.03213025793687,2b42569239384f92ddd4a2**********,114.03356002717123,22.637135682324242,,POINT (114.03356002717123 22.62713430308822)
2021-01-01 00:19:42,22.51608176481781,2021-01-01 00:27:33,113.94441550507932,c19fafaebfc9981149c21a**********,113.9341710831785,22.519326618347023,,POINT (113.9341710831785 22.51608176481781)
2021-01-01 00:20:12,22.55616388755081,2021-01-01 00:23:27,114.03285918266285,e1bda6e18457f6b7ef9afd**********,114.02849306336871,22.553707900681456,,POINT (114.02849306336871 22.55616388755081)
2021-01-01 00:20:12,22.556240782630645,2021-01-01 00:23:27,114.0329361302522,0e080fda3bf212f30b9774**********,114.02857000090492,22.553784805376086,,POINT (114.02857000090492 22.556240782630645)
2021-01-01 00:20:12,22.52403596632939,2021-01-01 00:27:59,113.9275493087011,5c9dddaa3e3ac4f704c8d1**********,113.92869873274955,22.528524640773902,,POINT (113.92869873274955 22.52403596632939)
2021-01-01 00:22:15,22.55554640609651,2021-01-01 01:12:28,113.88026089929063,4df2e864c5854540e8f115**********,113.88099321146927,22.595339081847737,,POINT (113.88099321146927 22.55554640609651)
2021-01-01 00:22:15,22.55551548794812,2021-01-01 01:12:28,113.8802299565774,6cf37230a23ba36f086f9c**********,113.88096226969132,22.595308164412018,,POINT (113.88096226969132 22.55551548794812)
2021-01-01 00:22:17,22.51883164833324,2021-01-01 01:10:40,113.92748752111466,f21d26d2b3201e209e89b7**********,113.93427042531471,22.5458279180507,,POINT (113.93427042531471 22.51883164833324)
2021-01-01 00:22:17,22.518831947831043,2021-01-01 01:10:40,113.92748782087241,c561e27cce2153e917be5b**********,113.9342707249814,22.54582821762306,,POINT (113.9342707249814 22.518831947831043)
2021-01-01 00:22:43,22.6829987787714,2021-01-01 01:41:50,113.9403863975877,8852969b1ef3ce3fe475b5**********,113.9399443067401,22.681016274937228,,POINT (113.9399443067401 22.6829987787714)
2021-01-01 00:22:43,22.683065138747875,2021-01-01 01:41:50,113.94045280622319,6c9c97b6535739895d6a0f**********,113.94001071658303,22.681082633930263,,POINT (113.94001071658303 22.683065138747875)
2021-01-01 00:22:53,22.543755082339537,2021-01-01 00:40:38,114.08634040273569,fec024010f258ecfcc72af**********,114.09812312081323,22.548419389712045,,POINT (114.09812312081323 22.543755082339537)
2021-01-01 00:24:02,22.636480656174104,2021-01-01 00:25:18,114.05345379336894,2e6f3f6215a1b285c4d6ea**********,114.05304980857817,22.63618341579,,POINT (114.05304980857817 22.636480656174104)
2021-01-01 00:25:01,22.541325113542673,2021-01-01 00:35:07,114.07919592651251,cc7e97af8fa13c479f0b5b**********,114.08869912361946,22.534473792031303,,POINT (114.08869912361946 22.541325113542673)
2021-01-01 00:25:44,22.641587064332505,2021-01-01 00:38:09,114.06323598513862,de4ab5a6807ef80b1cec6e**********,114.0572855049765,22.656584944358226,,POINT (114.0572855049765 22.641587064332505)
2021-01-01 00:25:44,22.641499120205665,2021-01-01 00:38:09,114.0631479530505,a7d51a92f2b4781374b9b5**********,114.05719749662677,22.65649697963512,,POINT (114.05719749662677 22.641499120205665)
2021-01-01 00:26:10,22.638514764885556,2021-01-01 00:41:28,114.06884750120909,43795e94a8af2e6cb65144**********,114.06059840509259,22.62572263332321,,POINT (114.06059840509259 22.638514764885556)
2021-01-01 00:27:01,22.519603589906783,2021-01-01 00:37:09,113.93246300819861,8d9efc085ecb4b56940ca5**********,113.92683567406993,22.51315795296425,,POINT (113.92683567406993 22.519603589906783)
2021-01-01 00:27:03,22.5571560659605,2021-01-01 00:34:44,113.9014598578473,ac18a321c78e917750759c**********,113.90900387339471,22.56069574460143,,POINT (113.90900387339471 22.5571560659605)
2021-01-01 00:29:32,22.680906142853047,2021-01-01 00:33:22,114.01170487333205,f0457e0c748181843d3d76**********,114.01380951865742,22.68378883515567,,POINT (114.01380951865742 22.680906142853047)
2021-01-01 00:29:45,22.48792398338607,2021-01-01 00:42:58,113.92039374630242,1a26d851e4844f5c5c6fb3**********,113.91102678035517,22.493369235178307,,POINT (113.91102678035517 22.48792398338607)
2021-01-01 00:29:45,22.487985345379013,2021-01-01 00:42:58,113.92045511700279,44915b44bd4bd167c7c1db**********,113.91108817861063,22.49343057090386,,POINT (113.91108817861063 22.487985345379013)
2021-01-01 00:29:45,22.487985345379013,2021-01-01 00:42:58,113.92045511700279,421be62d3c2161e1484353**********,113.91108817861063,22.49343057090386,,POINT (113.91108817861063 22.487985345379013)
2021-01-01 00:30:18,22.606968549502415,2021-01-01 01:14:56,114.15855743832759,abf3d957fe2bdbc57ae33f**********,114.11246106881865,22.611648476820502,,POINT (114.11246106881865 22.606968549502415)
2021-01-01 00:30:18,22.606916815867866,2021-01-01 01:14:56,114.15850560225637,c3aabbcce68ea9cd36b98c**********,114.11240929110602,22.61159668817425,,POINT (114.11240929110602 22.606916815867866)
2021-01-01 00:30:23,22.546298495627283,2021-01-01 00:46:17,113.9287290423253,84172ded9d44ea75a295b9**********,113.94062118927859,22.52793129137039,,POINT (113.94062118927859 22.546298495627283)
2021-01-01 00:31:12,22.54339626710231,2021-01-01 00:41:18,114.09941036471317,8969408e203ef2d304b9c2**********,114.09481647337813,22.540072025609728,,POINT (114.09481647337813 22.54339626710231)
2021-01-01 00:31:35,22.6164869722366,2021-01-01 00:34:53,114.15589948787924,4b45e66eae66ae742ec8b3**********,114.15019600442562,22.616263593433583,,POINT (114.15019600442562 22.6164869722366)
2021-01-01 00:31:38,22.54148900622268,2021-01-01 00:51:13,113.97879142667776,5f90d13f0159bf51657821**********,113.98749973198713,22.556941978943474,,POINT (113.98749973198713 22.54148900622268)
2021-01-01 00:32:26,22.616708688870283,2021-01-01 01:03:04,114.05978588453631,c7729285ca1be61e57c1a2**********,114.03546345741528,22.61414483374772,,POINT (114.03546345741528 22.616708688870283)
2021-01-01 00:33:10,22.543062446364736,2021-01-01 00:50:35,113.92121825598144,18b80e4c52f1fa61d37b3e**********,113.9382617204076,22.535742228826372,,POINT (113.9382617204076 22.543062446364736)
2021-01-01 00:33:28,22.518457022521677,2021-01-01 00:41:05,114.04873564526338,4b284441b3f4e8c9fa81c6**********,114.05344034080323,22.518650124824664,,POINT (114.05344034080323 22.518457022521677)
2021-01-01 00:35:45,22.510055385844318,2021-01-01 00:50:07,113.9096467540795,a4c9338639e73648c2a013**********,113.89446249783983,22.516185482605792,,POINT (113.89446249783983 22.510055385844318)
2021-01-01 00:36:45,22.547153185604113,2021-01-01 01:14:45,114.1101225422532,df3a954909831b213ee778**********,114.08132708991879,22.547361341972476,,POINT (114.08132708991879 22.547153185604113)
2021-01-01 00:36:45,22.547092221754458,2021-01-01 01:14:45,114.11006145636578,55589fc6545e847679985b**********,114.08126608425395,22.54730030303287,,POINT (114.08126608425395 22.547092221754458)
2021-01-01 00:37:24,22.52803205222109,2021-01-01 01:04:24,114.02730494558176,c0b833eb9730bcfbeadb11**********,114.02885359294756,22.52812602415928,,POINT (114.02885359294756 22.52803205222109)
2021-01-01 00:38:57,22.537061167485902,2021-01-01 03:56:37,114.04607292154414,7aa8f32ce6f21e1980cdca**********,114.05358863040452,22.52588397437622,,POINT (114.05358863040452 22.537061167485902)
2021-01-01 00:39:06,22.543301498794474,2021-01-01 01:02:20,114.07320085809555,b83fa87e81aba7abf68f57**********,114.05144538464947,22.539185229125174,,POINT (114.05144538464947 22.543301498794474)
2021-01-01 00:40:38,22.563291685539227,2021-01-01 00:46:13,113.89634856447148,e2718c4c51767a949e6024**********,113.8899371403012,22.56129733784292,,POINT (113.8899371403012 22.563291685539227)
2021-01-01 00:40:38,22.56325077675411,2021-01-01 00:46:13,113.89630763692577,235b474c90438dafc08366**********,113.88989620076464,22.561256440210713,,POINT (113.88989620076464 22.56325077675411)
2021-01-01 00:41:41,22.487156397230308,2021-01-01 00:55:51,113.92036775101268,991100ec9b92b48ec2dc2a**********,113.90966562504411,22.496795461068363,,POINT (113.90966562504411 22.487156397230308)
2021-01-01 00:43:32,22.543045212986453,2021-01-01 00:48:51,113.93868967203736,ef79218335411fc8397afc**********,113.9386230477295,22.543096808429766,,POINT (113.9386230477295 22.543045212986453)
2021-01-01 00:45:18,22.542696455239362,2021-01-01 00:50:28,114.07374498434076,ad315cd492c24c3dc94cc8**********,114.07230479680246,22.537717648740756,,POINT (114.07230479680246 22.542696455239362)
2021-01-01 00:46:04,22.55037507877887,2021-01-01 01:18:37,113.87129890985636,f8a8050cdd1e1472a4c94a**********,113.88056959608738,22.574927541145225,,POINT (113.88056959608738 22.55037507877887)
2021-01-01 00:47:27,22.52511701638722,2021-01-01 01:26:12,114.01209093450743,ad8d0f61e7ca74eab2df06**********,113.98830961325278,22.538420376376916,,POINT (113.98830961325278 22.52511701638722)
2021-01-01 00:47:27,22.52515171006914,2021-01-01 01:26:12,114.01212564866597,6f1e0eb534e176c8a8c456**********,113.98834432353964,22.538455073031578,,POINT (113.98834432353964 22.52515171006914)
2021-01-01 00:49:21,22.610813950939306,2021-01-01 01:02:31,113.84224271082097,79a046e650c39444584ff8**********,113.83907584943782,22.616048666497882,,POINT (113.83907584943782 22.610813950939306)
2021-01-01 00:50:06,22.536233232158814,2021-01-01 01:12:24,113.94946917005511,75860249a926ec7539f1fa**********,113.97803896195842,22.546062327360904,,POINT (113.97803896195842 22.536233232158814)
2021-01-01 00:50:06,22.536191257120716,2021-01-01 01:12:24,113.94942714251205,e6ba458c53addfdda19daa**********,113.97799696594036,22.546020323368758,,POINT (113.97799696594036 22.536191257120716)
2021-01-01 00:51:06,22.65508563558632,2021-01-01 01:28:19,114.11190255108225,d2ca98386fb42fb576d8ce**********,114.07554035004227,22.628438940064107,,POINT (114.07554035004227 22.65508563558632)
2021-01-01 00:53:20,22.539495371851043,2021-01-01 01:14:46,114.04416926773642,76a625160edd22a82b8a80**********,114.04816064474029,22.52582553995771,,POINT (114.04816064474029 22.539495371851043)
2021-01-01 00:54:38,22.6620000673755,2021-01-01 01:00:13,114.06252780765448,85ee9dbabb03a3552b40be**********,114.06949733929999,22.661433058478785,,POINT (114.06949733929999 22.6620000673755)
2021-01-01 00:56:05,22.536928330358627,2021-01-01 01:00:01,113.94160806900307,7aff06bf8829c9f2bc4c19**********,113.94324716071323,22.53650081434499,,POINT (113.94324716071323 22.536928330358627)
2021-01-01 00:57:45,22.531542036420596,2021-01-01 01:14:21,114.03755971287868,54648a7cab943705370ae1**********,114.02132443282466,22.523075563223998,,POINT (114.02132443282466 22.531542036420596)
2021-01-01 00:59:50,22.535002253264132,2021-01-01 01:35:25,114.08792298613749,32acb8f0edbc20ff82a752**********,114.05907852162781,22.54797275028606,,POINT (114.05907852162781 22.535002253264132)
2021-01-01 00:59:50,22.535074540579817,2021-01-01 01:35:25,114.08799541605765,239e1ec321c5974af70eaf**********,114.05915085241885,22.548045128985216,,POINT (114.05915085241885 22.535074540579817)
2021-01-01 01:00:16,22.530094704846462,2021-01-01 01:15:34,114.0199167937356,1c4595e5b4760431f1b32b**********,114.00960521391583,22.529114120337418,,POINT (114.00960521391583 22.530094704846462)
2021-01-01 01:00:16,22.530094704846462,2021-01-01 01:15:34,114.0199167937356,cf933c8443d411f364e363**********,114.00960521391583,22.529114120337418,,POINT (114.00960521391583 22.530094704846462)
2021-01-01 01:00:16,22.53003747657668,2021-01-01 01:15:34,114.01985952707672,3849a1d22458c8ea06ad5e**********,114.00954795754346,22.52905688241769,,POINT (114.00954795754346 22.53003747657668)
2021-01-01 01:00:51,22.538088616866737,2021-01-01 01:20:24,114.07468481496628,64d206a56c5926209dfa89**********,114.05600911288272,22.53935197109051,,POINT (114.05600911288272 22.538088616866737)
2021-01-01 01:01:46,22.54213831132114,2021-01-01 01:23:51,113.94738852552995,fc41074b6aeafe138cbcc8**********,113.96188111609587,22.545302177094314,,POINT (113.96188111609587 22.54213831132114)
2021-01-01 01:02:04,22.574935406540835,2021-01-01 01:54:16,113.8368124448065,0e42a2e535b43547218798**********,113.86208672101766,22.604808642970344,,POINT (113.86208672101766 22.574935406540835)
2021-01-01 01:02:38,22.609010120280736,2021-01-01 01:09:28,114.11274532888233,0411e005f523f50a4a5d93**********,114.11250283135675,22.60292832103729,,POINT (114.11250283135675 22.609010120280736)
2021-01-01 01:03:03,22.49188894946661,2021-01-01 01:11:53,113.92466435928505,708c756e2615a49c40f232**********,113.91589890453018,22.494053998099762,,POINT (113.91589890453018 22.49188894946661)
2021-01-01 01:03:03,22.491872063699155,2021-01-01 01:11:53,113.92464747071041,2447a745a5b36b7212b12c**********,113.91588200893969,22.494037118953223,,POINT (113.91588200893969 22.491872063699155)
2021-01-01 01:03:23,22.542138816275514,2021-01-01 01:17:46,113.98136632451521,d26edb520280eb4c83bc08**********,113.96242167732797,22.53611979803039,,POINT (113.96242167732797 22.542138816275514)
2021-01-01 01:05:30,22.54050211007522,2021-01-01 01:11:25,113.96498609857566,2c5d454416245ec246ff63**********,113.96205567993469,22.541096704999962,,POINT (113.96205567993469 22.54050211007522)
2021-01-01 01:06:22,22.65837572659035,2021-01-01 01:15:06,114.05820731705901,db446577823280d282596b**********,114.0628210339184,22.66280108389365,,POINT (114.0628210339184 22.65837572659035)
2021-01-01 01:06:22,22.65828736424635,2021-01-01 01:15:06,114.05811890551107,f4f27f0283f46376aef214**********,114.06273260383438,22.662712739287894,,POINT (114.06273260383438 22.65828736424635)
2021-01-01 01:08:19,22.65119328736334,2021-01-01 01:38:07,114.05770971499035,f6a624db1913b959383db6**********,114.06805701680348,22.642515991372377,,POINT (114.06805701680348 22.65119328736334)
2021-01-01 01:08:35,22.524603211619468,2021-01-01 01:11:12,113.98794251855948,2527c6228baedde9d90ae4**********,113.98707570131698,22.52479755836589,,POINT (113.98707570131698 22.524603211619468)
2021-01-01 01:09:27,22.525353328089615,2021-01-01 01:20:57,113.94118368606753,3e1e33537187963706877c**********,113.94110613203506,22.5329637900548,,POINT (113.94110613203506 22.525353328089615)
2021-01-01 01:09:27,22.525298834642605,2021-01-01 01:20:57,113.94112916259999,efd5d9b0f744558a0a80a7**********,113.94105160838888,22.532909297321133,,POINT (113.94105160838888 22.525298834642605)
2021-01-01 01:10:07,22.541275087561598,2021-01-01 01:15:14,114.11985775703225,05c1ee762a986669e40e46**********,114.11692307559773,22.538903043208926,,POINT (114.11692307559773 22.541275087561598)
2021-01-01 01:10:07,22.54125236719121,2021-01-01 01:15:14,114.11983501656931,9136520b5e2a54dd7b5652**********,114.11690033756939,22.538880320477706,,POINT (114.11690033756939 22.54125236719121)
2021-01-01 01:10:57,22.57425776912597,2021-01-01 01:18:35,113.8694660247525,d2fa6b4df9edb4001e4bde**********,113.85757243855456,22.56888151898624,,POINT (113.85757243855456 22.57425776912597)
2021-01-01 01:11:46,22.540087623142174,2021-01-01 01:31:42,114.05926117850731,c0a6898d38be3b1d5f0d75**********,114.04787470726136,22.525958924139395,,POINT (114.04787470726136 22.540087623142174)
2021-01-01 01:11:57,22.730185731334867,2021-01-01 02:46:16,113.83786142025804,abb72e4bae1c8521ba929e**********,113.83762318203253,22.72994801961862,,POINT (113.83762318203253 22.730185731334867)
2021-01-01 01:12:04,22.53741400892288,2021-01-01 01:20:35,114.05074954866538,20d23b430ef505e0b27376**********,114.06279382868946,22.537612570800558,,POINT (114.06279382868946 22.53741400892288)
2021-01-01 01:12:04,22.537510573421653,2021-01-01 01:20:35,114.05084612133743,953b86b416530ec3e56e74**********,114.06289045265281,22.537709087400277,,POINT (114.06289045265281 22.537510573421653)
2021-01-01 01:13:07,22.536909272447645,2021-01-01 01:21:17,114.11305307711332,ef123bc48e49a91edb04ba**********,114.1123931880767,22.545705986452877,,POINT (114.1123931880767 22.536909272447645)
2021-01-01 01:13:55,22.540425812621287,2021-01-01 01:15:07,114.04693148235664,1dc886a45e12b655d6cd37**********,114.04769580161627,22.541751579560685,,POINT (114.04769580161627 22.540425812621287)
2021-01-01 01:14:05,22.586692180550077,2021-01-01 01:18:06,114.1129485678008,196a8d773c8eb3dd918304**********,114.11472636831883,22.58129948857229,,POINT (114.11472636831883 22.586692180550077)
2021-01-01 01:14:14,22.51815070644239,2021-01-01 02:12:03,113.88127452882904,aa30d6fdf5b5b25225bd85**********,113.92375763624557,22.498801689448253,,POINT (113.92375763624557 22.51815070644239)
2021-01-01 01:15:07,22.541689213699062,2021-01-01 01:17:39,114.0968851954259,f31f6dcd0cd21feccaa344**********,114.09121273043465,22.541154456774663,,POINT (114.09121273043465 22.541689213699062)
2021-01-01 01:15:07,22.54162822240087,2021-01-01 01:17:39,114.0968241447566,362d9c26aeefa9dc7a0a87**********,114.09115169588871,22.54109345034195,,POINT (114.09115169588871 22.54162822240087)
2021-01-01 01:15:59,22.53708136148859,2021-01-01 01:24:45,114.05754699551042,9808511cdab570dd72373d**********,114.05341846286325,22.533572993768068,,POINT (114.05341846286325 22.53708136148859)
2021-01-01 01:16:20,22.54311821275351,2021-01-01 02:00:40,113.8972561230378,362fabd8bec3f813b3f259**********,113.93830605272319,22.583293827356425,,POINT (113.93830605272319 22.54311821275351)
2021-01-01 01:17:06,22.558424109311456,2021-01-01 01:46:38,114.11633644794982,7a34667782e7b89ba0b2cb**********,114.06567001756375,22.563220067984748,,POINT (114.06567001756375 22.558424109311456)
2021-01-01 01:17:07,22.53823563960591,2021-01-01 02:09:54,114.08096766338375,f075640972117683af2b5c**********,114.05337554672718,22.541668490592297,,POINT (114.05337554672718 22.53823563960591)
2021-01-01 01:17:07,22.53819581128786,2021-01-01 02:09:54,114.08092776035103,3f114f467b63ce62ddade9**********,114.05333569495566,22.541628614579764,,POINT (114.05333569495566 22.53819581128786)
2021-01-01 01:19:20,22.521259097275003,2021-01-01 01:30:38,113.92852788363233,a47601d978208513922352**********,113.93837598111489,22.523642811950122,,POINT (113.93837598111489 22.521259097275003)
2021-01-01 01:19:54,22.538902049564797,2021-01-01 01:28:58,114.11293035116442,e7be45d9e2cd6e5254d085**********,114.11364339407714,22.544646157682546,,POINT (114.11364339407714 22.538902049564797)
2021-01-01 01:20:29,22.522233833638623,2021-01-01 01:25:28,113.93563020780617,74d6035dc8a8587ce6d8f9**********,113.9362986830522,22.52263901344975,,POINT (113.9362986830522 22.522233833638623)
2021-01-01 01:20:35,22.550576048584006,2021-01-01 01:32:00,114.09148486109123,2e1d146109df7511ab344e**********,114.08450772805965,22.541585250528577,,POINT (114.08450772805965 22.550576048584006)
2021-01-01 01:21:09,22.695390079707938,2021-01-01 01:33:49,113.96473559381779,bae39d0718fe83fda63ee7**********,113.96635076726916,22.70281067797951,,POINT (113.96635076726916 22.695390079707938)
2021-01-01 01:21:23,22.60413901667438,2021-01-01 01:24:43,114.03996619904696,a743f4824fa147cf999f22**********,114.04083558438484,22.608427631463456,,POINT (114.04083558438484 22.60413901667438)
2021-01-01 01:21:34,22.53272973318901,2021-01-01 01:30:58,114.03088731629381,f09a7b7bbcf49459f929dc**********,114.02151466177826,22.523007634376004,,POINT (114.02151466177826 22.53272973318901)
2021-01-01 01:21:43,22.656305999704042,2021-01-01 01:27:43,114.03206854617795,5476c5040c9f83aa114cac**********,114.02648112661589,22.663681054789187,,POINT (114.02648112661589 22.656305999704042)
2021-01-01 01:21:51,22.564224858792205,2021-01-01 01:23:33,114.06211158308456,145e3ea8b25f25d40260f0**********,114.06195981972537,22.563940705621597,,POINT (114.06195981972537 22.564224858792205)
2021-01-01 01:21:51,22.56419130834604,2021-01-01 01:23:33,114.06207801066377,1bf32908f25e9fa321f708**********,114.06192624753835,22.5639071549449,,POINT (114.06192624753835 22.56419130834604)
2021-01-01 01:23:00,22.515286784553172,2021-01-01 01:34:27,113.92383875717555,4111725e225aeb22fc42ba**********,113.92794030915442,22.505673744740022,,POINT (113.92794030915442 22.515286784553172)
2021-01-01 01:23:00,22.51529027963787,2021-01-01 01:34:27,113.92384225494206,67c0327f8e73a7de987cc3**********,113.9279438062566,22.50567724049139,,POINT (113.9279438062566 22.51529027963787)
2021-01-01 01:23:29,22.631167959189103,2021-01-01 01:25:49,114.0292492629814,b2eff6b38d38f1e071a82e**********,114.02682017204812,22.63179990465333,,POINT (114.02682017204812 22.631167959189103)
2021-01-01 01:25:00,22.543035097668305,2021-01-01 01:51:25,114.09727635734811,b32076a0766849633df0b4**********,114.09947468697835,22.561454423059686,,POINT (114.09947468697835 22.543035097668305)
2021-01-01 01:25:18,22.548540243896426,2021-01-01 01:47:18,113.95519080764085,32c0a07a64784bfacab15e**********,113.95543098474526,22.571085545437317,,POINT (113.95543098474526 22.548540243896426)
2021-01-01 01:26:14,22.522268051804026,2021-01-01 01:45:27,113.91732596228924,2bebaaef3b79079ad3c071**********,113.9342023293463,22.518697009815487,,POINT (113.9342023293463 22.522268051804026)
2021-01-01 01:27:25,22.635911275096163,2021-01-01 01:35:56,114.00890443725417,1ddec5544944e594bdb67c**********,114.0159429782895,22.638634254753644,,POINT (114.0159429782895 22.635911275096163)
2021-01-01 01:27:25,22.635907586320208,2021-01-01 01:35:56,114.00890074655224,67ffeef7fb35c648cfe64a**********,114.01593928718489,22.638630566364064,,POINT (114.01593928718489 22.635907586320208)
2021-01-01 01:27:27,22.53790457597491,2021-01-01 01:35:59,114.0743212998225,44b8db683f3b027e8ddb75**********,114.06436614550627,22.53961170697445,,POINT (114.06436614550627 22.53790457597491)
2021-01-01 01:27:27,22.537837965181136,2021-01-01 01:35:59,114.07425461619454,07a30c451cc211deca11d1**********,114.06429949335538,22.53954506693022,,POINT (114.06429949335538 22.537837965181136)
2021-01-01 01:27:34,22.55093651812908,2021-01-01 01:57:25,114.1023135342272,e5bd9cfa34f2b3974e9452**********,114.08395281834937,22.572396865747606,,POINT (114.08395281834937 22.55093651812908)
2021-01-01 01:27:43,22.527315976959102,2021-01-01 02:20:57,113.96707381442903,59a6210526dc376567e6bf**********,113.9877025510973,22.541102438716653,,POINT (113.9877025510973 22.527315976959102)
2021-01-01 01:29:49,22.543249117420572,2021-01-01 01:50:39,113.94976949279133,b4f0f361884f2691fa5c97**********,113.96113871844486,22.576225365319885,,POINT (113.96113871844486 22.543249117420572)
2021-01-01 01:32:43,22.523866023996217,2021-01-01 02:04:40,114.01728680455355,5da2340d0f45460110952a**********,113.98611821072485,22.52902098312115,,POINT (113.98611821072485 22.523866023996217)
2021-01-01 01:33:08,22.629341242704374,2021-01-01 01:40:32,114.0673952835405,6899d1246a38b2ccfc2722**********,114.05758405737333,22.630116312145997,,POINT (114.05758405737333 22.629341242704374)
2021-01-01 01:33:08,22.62926457648856,2021-01-01 01:40:32,114.06731852779758,6e7dd60a5d634bde0be8ea**********,114.05750733622449,22.630039613724964,,POINT (114.05750733622449 22.62926457648856)
2021-01-01 01:33:13,22.523866023996217,2021-01-01 02:51:21,113.91437915322028,a06fc0988fd80b9289745c**********,113.98611821072485,22.52721888900972,,POINT (113.98611821072485 22.523866023996217)
2021-01-01 01:34:57,22.641035504220742,2021-01-01 01:39:48,114.03882940410443,32465c31877d0033f6d9c0**********,114.03942317728735,22.643288360806828,,POINT (114.03942317728735 22.641035504220742)
2021-01-01 01:34:58,22.53230089990234,2021-01-01 01:44:18,114.00901838013263,0cc463e8a1f815e76934de**********,114.01932039099097,22.53644433059143,,POINT (114.01932039099097 22.53230089990234)
2021-01-01 01:35:23,22.525835347375363,2021-01-01 01:57:54,113.91367032043796,560297892f816fda2ea586**********,113.92270959454498,22.533078833507204,,POINT (113.92270959454498 22.525835347375363)
2021-01-01 01:35:23,22.52577481947804,2021-01-01 01:57:54,113.91360972971566,831c3e007b07fe2d257016**********,113.9226490299309,22.53301828173577,,POINT (113.9226490299309 22.52577481947804)
2021-01-01 01:35:43,22.510390905172322,2021-01-01 01:57:06,113.92014381123238,7b4949d9d6296ada84ed47**********,113.92745595368116,22.496649504721237,,POINT (113.92745595368116 22.510390905172322)
2021-01-01 01:35:58,22.527700010404317,2021-01-01 01:59:36,114.02514808428843,1c8c267c85bb506d2a78f7**********,113.99566842789562,22.5232153643128,,POINT (113.99566842789562 22.527700010404317)
2021-01-01 01:36:49,22.53945850552827,2021-01-01 01:39:18,114.05744097220396,b042be08f89bd565bfa5c6**********,114.05896809009408,22.536880390461185,,POINT (114.05896809009408 22.53945850552827)
2021-01-01 01:37:17,22.51444029823121,2021-01-01 01:56:38,113.91528513919974,a5d921d394dcf53b86ec45**********,113.94127127150645,22.516129902732807,,POINT (113.94127127150645 22.51444029823121)
2021-01-01 01:37:17,22.514368737537996,2021-01-01 01:56:38,113.9152134557149,f733eb3c33ced8b59b1784**********,113.94119967221742,22.51605826337348,,POINT (113.94119967221742 22.514368737537996)
2021-01-01 01:37:37,22.625032304226455,2021-01-01 01:48:22,114.04044628121761,95ce4cfd0f0920262770d1**********,114.0343910999076,22.60975901246096,,POINT (114.0343910999076 22.625032304226455)
2021-01-01 01:38:38,22.544192263288952,2021-01-01 02:16:12,114.09416511489015,43e905c949213496defcb3**********,114.07633369894329,22.568200555475595,,POINT (114.07633369894329 22.544192263288952)
2021-01-01 01:41:37,22.53896256711754,2021-01-01 01:57:31,114.04992458331576,2d22ec91269af563457380**********,114.06835753031606,22.537999012420567,,POINT (114.06835753031606 22.53896256711754)
2021-01-01 01:44:12,22.541149982058514,2021-01-01 02:21:56,113.94835289753264,25ac0f7a649c7c524830a9**********,113.96696110889482,22.54077363346728,,POINT (113.96696110889482 22.541149982058514)
2021-01-01 01:44:12,22.54112156104868,2021-01-01 02:21:56,113.948324445426,406ce60de734429fb64bb0**********,113.96693267310356,22.54074519718221,,POINT (113.96693267310356 22.54112156104868)
2021-01-01 01:45:35,22.64203531846107,2021-01-01 02:01:27,114.18742498755826,9cc2182bbb01519cff1330**********,114.1873728059485,22.642196268186105,,POINT (114.1873728059485 22.64203531846107)
2021-01-01 01:45:40,22.61838549478624,2021-01-01 01:51:16,114.14996913993042,e4f97da5df08c75914954c**********,114.15314526431426,22.62227524952118,,POINT (114.15314526431426 22.61838549478624)
2021-01-01 01:46:34,22.525677674083408,2021-01-01 01:57:27,114.04129345088242,62e4ff44baa377a4551f5b**********,114.04835199442356,22.526189561636514,,POINT (114.04835199442356 22.525677674083408)
2021-01-01 01:48:13,22.540962166281915,2021-01-01 02:04:02,114.08153890613103,ac3afe3fe4123071127f81**********,114.09828234494123,22.542532256152622,,POINT (114.09828234494123 22.540962166281915)
2021-01-01 01:48:22,22.524600271125117,2021-01-01 02:07:48,113.9621061947285,6f97caddcb95a3a4f97acb**********,113.98702282433968,22.528894028412257,,POINT (113.98702282433968 22.524600271125117)
2021-01-01 01:48:22,22.52459279397282,2021-01-01 02:07:48,113.96209871068173,e3f8caa62eb7728b55e30b**********,113.98701534361018,22.528886548196272,,POINT (113.98701534361018 22.52459279397282)
2021-01-01 01:48:34,22.539347409012052,2021-01-01 02:01:17,114.08751909266508,71026ba4f9d179e5f2b682**********,114.07357658351111,22.54114463995966,,POINT (114.07357658351111 22.539347409012052)
2021-01-01 01:48:52,22.530175808488867,2021-01-01 02:02:51,113.99131097040834,12760911ab00220c7ec7b2**********,113.97218967386404,22.534697762284054,,POINT (113.97218967386404 22.530175808488867)
2021-01-01 01:51:18,22.543583550541882,2021-01-01 02:13:22,114.12962478652076,d4be5c6a1c9895b00bc22d**********,114.0883387044579,22.555369762921814,,POINT (114.0883387044579 22.543583550541882)
2021-01-01 01:52:29,22.533533450394025,2021-01-01 02:18:33,114.07109282806071,20a7f2ec91d0b280d851f5**********,114.06093437731721,22.53024298073384,,POINT (114.06093437731721 22.533533450394025)
2021-01-01 01:52:29,22.533505491783203,2021-01-01 02:18:33,114.07106483924032,30cd1ca49a2098b7633b21**********,114.06090640179667,22.530215009581156,,POINT (114.06090640179667 22.533505491783203)
2021-01-01 01:52:35,22.517116728241863,2021-01-01 02:38:18,113.95143800000493,513b0d37a73f3afbe5636a**********,113.93997623934703,22.538185144761968,,POINT (113.93997623934703 22.517116728241863)
2021-01-01 01:52:35,22.517071514195766,2021-01-01 02:38:18,113.95139278113466,24451cb86a2b69ffa5afff**********,113.93993100060261,22.538139950562645,,POINT (113.93993100060261 22.517071514195766)
2021-01-01 01:53:02,22.616052480397087,2021-01-01 02:01:41,114.03407204601491,19fa438f99c3837df2c4ce**********,114.03487903733055,22.626747114152376,,POINT (114.03487903733055 22.616052480397087)
2021-01-01 01:53:47,22.537324072852897,2021-01-01 02:04:21,114.06755089675335,ebc2fec061391b890b20ba**********,114.04947790746077,22.53870245736145,,POINT (114.04947790746077 22.537324072852897)
2021-01-01 01:53:57,22.52403192963344,2021-01-01 02:33:43,113.91822145511783,a604157c3b9d8284614848**********,113.93946579558768,22.52628754571753,,POINT (113.93946579558768 22.52403192963344)
2021-01-01 01:54:13,22.531166393707892,2021-01-01 02:10:28,114.00247817950961,3e2c72c48b8afda7e0dea3**********,113.99449948443949,22.53614384897345,,POINT (113.99449948443949 22.531166393707892)
2021-01-01 01:55:09,22.55351104543161,2021-01-01 01:58:43,114.10766763643093,7dc8b2318dd568bf49b8a0**********,114.10405831077576,22.54929461979691,,POINT (114.10405831077576 22.55351104543161)
2021-01-01 01:56:54,22.568196849527187,2021-01-01 02:51:03,113.882385199368,653ae04d635d6366ff2bd0**********,113.89391034853803,22.57087101016539,,POINT (113.89391034853803 22.568196849527187)
2021-01-01 01:56:54,22.56814044730662,2021-01-01 02:51:03,113.8823287263434,7715a3d75dd54e0184a151**********,113.8938539041698,22.570814581210016,,POINT (113.8938539041698 22.56814044730662)
2021-01-01 01:57:30,22.524873584125878,2021-01-01 02:21:02,113.918023497625,f0efbf99a1a193c69a1fe2**********,113.94551899731853,22.5279969893999,,POINT (113.94551899731853 22.524873584125878)
2021-01-01 01:57:30,22.5249073126081,2021-01-01 02:21:02,113.9180572853187,0dbfc177a0429b95074dea**********,113.94555274409217,22.528030756044178,,POINT (113.94555274409217 22.5249073126081)
2021-01-01 01:57:48,22.539796467072158,2021-01-01 02:00:04,114.06305593944114,97b856c7926a728344a379**********,114.06195987316089,22.539884321751842,,POINT (114.06195987316089 22.539796467072158)
2021-01-01 01:57:48,22.539702003686006,2021-01-01 02:00:04,114.06296141310193,bb68428d9b20a5c9b5cb44**********,114.06186535158561,22.53978985392887,,POINT (114.06186535158561 22.539702003686006)
2021-01-01 01:58:22,22.539577276891,2021-01-01 02:25:58,114.07160197113403,8371c2bad58cb8db8309bc**********,114.05466707741778,22.527378427873394,,POINT (114.05466707741778 22.539577276891)
2021-01-01 01:58:22,22.539636772919447,2021-01-01 02:25:58,114.07166154891236,52ec3f43097359d8f4344e**********,114.05472660881784,22.527437968163262,,POINT (114.05472660881784 22.539636772919447)
2021-01-01 01:58:49,22.541160989074655,2021-01-01 02:06:53,114.12036864440078,d0363964a880b37a3b9255**********,114.11693810912907,22.544140950672688,,POINT (114.11693810912907 22.541160989074655)
2021-01-01 01:58:49,22.541139069407006,2021-01-01 02:06:53,114.12034670496438,825a3cbcb1a0aa2ddabb32**********,114.11691617242835,22.544119028519173,,POINT (114.11691617242835 22.541139069407006)
2021-01-01 02:00:05,22.547221839030026,2021-01-01 02:03:33,114.06585395258388,d80d488865bffe5a573fb9**********,114.05714077028139,22.547498654622583,,POINT (114.05714077028139 22.547221839030026)
2021-01-01 02:00:05,22.54718260408724,2021-01-01 02:03:33,114.06581467802773,a347508a52ddba14da5e36**********,114.05710151134625,22.547459405111344,,POINT (114.05710151134625 22.54718260408724)
2021-01-01 02:00:05,22.547221839030026,2021-01-01 02:03:33,114.06585395258388,417769f7d8122513ece2a4**********,114.05714077028139,22.547498654622583,,POINT (114.05714077028139 22.547221839030026)
2021-01-01 02:01:54,22.517993637394163,2021-01-01 02:10:25,113.92108796478178,409a43545ae78cebf34e1b**********,113.92489877333668,22.511974381079312,,POINT (113.92489877333668 22.517993637394163)
2021-01-01 02:01:54,22.517905949303646,2021-01-01 02:10:25,113.92100020927008,0fffad0b3ec2f7fa5a4ce3**********,113.92481103353002,22.51188667758102,,POINT (113.92481103353002 22.517905949303646)
2021-01-01 02:02:16,22.53984132248121,2021-01-01 02:09:16,114.02243558570436,4412b76882af37bf7daf00**********,114.01864208150606,22.53866765331218,,POINT (114.01864208150606 22.53984132248121)
2021-01-01 02:03:31,22.538732481537615,2021-01-01 02:53:59,114.01193552259068,9c7fb64e82e95be44b95f7**********,114.04758010189485,22.542851187832454,,POINT (114.04758010189485 22.538732481537615)
2021-01-01 02:03:31,22.53877679184949,2021-01-01 02:53:59,114.0119798129638,5bd824738f799b12f89744**********,114.04762443762719,22.542895455624308,,POINT (114.04762443762719 22.53877679184949)
2021-01-01 02:04:23,22.54151060403293,2021-01-01 02:30:15,113.96803251362923,6c5ea21c3e0f89bebdd91e**********,113.98690639198252,22.540840328090542,,POINT (113.98690639198252 22.54151060403293)
2021-01-01 02:04:23,22.54147760557944,2021-01-01 02:30:15,113.96799948903838,9dfeef4e073bf08f9764ea**********,113.98687337701122,22.54080732059956,,POINT (113.98687337701122 22.54147760557944)
2021-01-01 02:07:36,22.553319466364776,2021-01-01 02:28:19,114.09900066853935,37521221b31371e8a45f36**********,114.11839102487623,22.563808113890268,,POINT (114.11839102487623 22.553319466364776)
2021-01-01 02:07:42,22.560727801981567,2021-01-01 02:34:00,113.86038113853208,bb2cd326296f0b734a5ff5**********,113.87948343444305,22.57092835292214,,POINT (113.87948343444305 22.560727801981567)
2021-01-01 02:08:51,22.539588963155595,2021-01-01 02:18:44,114.0561840876672,4d5e2c04e8acd533e49e65**********,114.05230019372583,22.53971029570263,,POINT (114.05230019372583 22.539588963155595)
2021-01-01 02:08:51,22.539510607733426,2021-01-01 02:18:44,114.05610567306466,01c9f059b5075bf00b50bd**********,114.05222179226811,22.53963192802581,,POINT (114.05222179226811 22.539510607733426)
2021-01-01 02:09:13,22.542599637501315,2021-01-01 02:29:51,114.11656728440407,b1b16f3282b75b8c136c8c**********,114.11350712461125,22.54906086380932,,POINT (114.11350712461125 22.542599637501315)
2021-01-01 02:09:16,22.535342487474527,2021-01-01 02:17:19,114.02032007087118,ee8a1f7795ac73198e5534**********,114.02113626698433,22.532387930956745,,POINT (114.02113626698433 22.535342487474527)
2021-01-01 02:10:52,22.517222018228406,2021-01-01 02:43:00,113.90990669849702,fed67373e943ce11493968**********,113.93996386865891,22.490644027293232,,POINT (113.93996386865891 22.517222018228406)
2021-01-01 02:11:53,22.646317645193456,2021-01-01 02:17:53,114.0432853844105,da17b965841769945188ed**********,114.03871543234926,22.644420784969427,,POINT (114.03871543234926 22.646317645193456)
2021-01-01 02:12:07,22.53883500608432,2021-01-01 02:26:23,114.06396975214682,609d4f420e3ee32d8eb6a9**********,114.04756452680182,22.53782997072361,,POINT (114.04756452680182 22.53883500608432)
2021-01-01 02:14:51,22.633392399387567,2021-01-01 02:25:55,114.05868208883385,29680eb69b240bdcf30466**********,114.05129143392404,22.624305260069132,,POINT (114.05129143392404 22.633392399387567)
2021-01-01 02:14:51,22.633355273776633,2021-01-01 02:25:55,114.0586449251707,e25202d9a0580f2f8efd6c**********,114.05125428220269,22.62426812291327,,POINT (114.05125428220269 22.633355273776633)
2021-01-01 02:17:49,22.582639511968008,2021-01-01 03:19:32,113.94433401770776,f0ce8aa03247eb3f663914**********,113.88766447668189,22.56028219801766,,POINT (113.88766447668189 22.582639511968008)
2021-01-01 02:17:49,22.58268312429569,2021-01-01 03:19:32,113.9443775510156,baca7fdaf1c2b74c0c75a9**********,113.88770812314782,22.560325705589317,,POINT (113.88770812314782 22.58268312429569)
2021-01-01 02:18:43,22.53117823524244,2021-01-01 02:51:14,114.01966201544728,15e5a5e8d266f6e966633d**********,113.9944823472114,22.532443878829486,,POINT (113.9944823472114 22.53117823524244)
2021-01-01 02:18:43,22.531273042157714,2021-01-01 02:51:14,114.01975689415588,fd9e137475da0a1732d62b**********,113.99457720016217,22.53253870952536,,POINT (113.99457720016217 22.531273042157714)
2021-01-01 02:19:33,22.526347230945987,2021-01-01 02:47:43,114.01447042877783,1ab676769fe24744d891a1**********,113.98814553778284,22.53130579628649,,POINT (113.98814553778284 22.526347230945987)
2021-01-01 02:19:33,22.52628093413425,2021-01-01 02:47:43,114.01440409029998,035a2b9023995dade8f3c4**********,113.98807920913279,22.531239490809995,,POINT (113.98807920913279 22.52628093413425)
2021-01-01 02:21:14,22.524879205998207,2021-01-01 02:35:45,113.92561654791396,bbb2a39c8f8ded8dcde314**********,113.94529140036798,22.513160395744663,,POINT (113.94529140036798 22.524879205998207)
2021-01-01 02:21:27,22.543020231162004,2021-01-01 03:03:31,114.13480630465976,377d0a9ed826b08e564baf**********,114.11515923571889,22.54625178950447,,POINT (114.11515923571889 22.543020231162004)
2021-01-01 02:21:27,22.542988204533735,2021-01-01 03:03:31,114.13477423285353,2f4454ee5ae7c75ccd15d7**********,114.11512718425374,22.54621974384284,,POINT (114.11512718425374 22.542988204533735)
2021-01-01 02:22:19,22.5402781135316,2021-01-01 02:55:21,113.95459561038457,08ae6fdd00f928a0db3f31**********,113.96896298384833,22.54857696311059,,POINT (113.96896298384833 22.5402781135316)
2021-01-01 02:22:30,22.540269921890577,2021-01-01 02:50:43,113.95502444017686,2a57c278d17bc1688fe738**********,113.96922435776612,22.54886678734809,,POINT (113.96922435776612 22.540269921890577)
2021-01-01 02:23:12,22.537339000988467,2021-01-01 02:34:48,113.97300102844187,8448bfce8b135d78ce9b54**********,113.96201930656129,22.54058274539239,,POINT (113.96201930656129 22.537339000988467)
2021-01-01 02:23:12,22.537263800487978,2021-01-01 02:34:48,113.97292580814833,ecb963add11158d1513e09**********,113.96194406670402,22.540507563514797,,POINT (113.96194406670402 22.537263800487978)
2021-01-01 02:25:54,22.523297869020773,2021-01-01 02:34:10,114.0677016964117,9ee59bb79ee3283b671c93**********,114.060217216368,22.519759575925033,,POINT (114.060217216368 22.523297869020773)
2021-01-01 02:25:54,22.523260524941712,2021-01-01 02:34:10,114.06766431737222,b4e140e8e4346f1a77ef2c**********,114.06017985028839,22.519722219568592,,POINT (114.06017985028839 22.523260524941712)
2021-01-01 02:27:11,22.584045698336816,2021-01-01 02:54:44,113.97569731689784,69aa5fc52736e24843e3ae**********,113.94153043887661,22.56360256912326,,POINT (113.94153043887661 22.584045698336816)
2021-01-01 02:27:39,22.539221371699085,2021-01-01 03:42:19,113.96065503613403,8b1ce073cf47234a80634f**********,113.96196146611574,22.521823130424565,,POINT (113.96196146611574 22.539221371699085)
2021-01-01 02:27:39,22.539257974502934,2021-01-01 03:42:19,113.96069165955703,fab84d0d3cefa6ac523bf0**********,113.9619980881688,22.521859735345586,,POINT (113.9619980881688 22.539257974502934)
2021-01-01 02:29:09,22.539326222156927,2021-01-01 02:45:19,114.04685307891786,21a4ca9c77c9f4b40fbc37**********,114.06335925202283,22.52568530739788,,POINT (114.06335925202283 22.539326222156927)
2021-01-01 02:29:09,22.539379348723248,2021-01-01 02:45:19,114.04690620038419,efbbfb1abe94a62b04003f**********,114.06341241152441,22.525738399418326,,POINT (114.06341241152441 22.539379348723248)
2021-01-01 02:29:16,22.536635129656347,2021-01-01 02:53:57,114.04133995190938,86f43db18116f385a5c5c7**********,114.05338801673565,22.55129725793378,,POINT (114.05338801673565 22.536635129656347)
2021-01-01 02:29:18,22.540095215516654,2021-01-01 03:00:09,114.01034843472563,b2530b76412cb4783f4324**********,114.05120653761641,22.55248553957079,,POINT (114.05120653761641 22.540095215516654)
2021-01-01 02:30:15,22.530894560978457,2021-01-01 03:26:09,114.03664396164186,688ef6315c1b6f2c84b9c0**********,113.99300817929426,22.548593419371084,,POINT (113.99300817929426 22.530894560978457)
2021-01-01 02:30:15,22.530932443942724,2021-01-01 03:26:09,114.03668189119706,5004ccd0e9d3d86a3d7426**********,113.99304608063937,22.54863132772134,,POINT (113.99304608063937 22.530932443942724)
2021-01-01 02:32:10,22.535640382373106,2021-01-01 03:16:13,114.03931490618154,0b600a906de434668bfeab**********,114.01924586445743,22.52244853286267,,POINT (114.01924586445743 22.535640382373106)
2021-01-01 02:32:55,22.528922166453913,2021-01-01 03:15:13,113.91515487024198,2b4a5973ca92843b247f24**********,113.9405056821802,22.508526846944182,,POINT (113.9405056821802 22.528922166453913)
2021-01-01 02:33:09,22.531118058871108,2021-01-01 02:41:20,114.04727085285654,28252dd0778e1da85facc7**********,114.04693453028942,22.521515071045446,,POINT (114.04693453028942 22.531118058871108)
2021-01-01 02:35:14,22.58602570136598,2021-01-01 02:38:32,113.88836508326473,808f9f66deebda25576cc7**********,113.8895181690946,22.588545676520052,,POINT (113.8895181690946 22.58602570136598)
2021-01-01 02:35:14,22.58605710769103,2021-01-01 02:38:32,113.88839651576644,421c79536824eb38b658f0**********,113.88954959998628,22.588577084256418,,POINT (113.88954959998628 22.58605710769103)
2021-01-01 02:35:49,22.53156504711657,2021-01-01 03:27:39,114.10456294714098,4f0134167fe5e64360534a**********,114.06380820934199,22.558324204808777,,POINT (114.06380820934199 22.53156504711657)
2021-01-01 02:35:59,22.547055424109008,2021-01-01 02:57:29,113.94923356527285,1377563fd3f02113af725d**********,113.95488308702559,22.582653985877457,,POINT (113.95488308702559 22.547055424109008)
2021-01-01 02:36:11,22.531298859358632,2021-01-01 03:27:35,114.10473848796339,07d4d2fb0bedf0233e2f66**********,114.06360243699825,22.558897242633197,,POINT (114.06360243699825 22.531298859358632)
2021-01-01 02:36:59,22.539397320247577,2021-01-01 02:55:56,114.04449362141884,db655eec99addd3a0f7ebb**********,114.05091569441285,22.551876182668302,,POINT (114.05091569441285 22.539397320247577)
2021-01-01 02:39:20,22.530894932598656,2021-01-01 04:15:54,113.85156251308274,9d7be8ebbec76e475a3093**********,113.9148463973424,22.589697801755623,,POINT (113.9148463973424 22.530894932598656)
2021-01-01 02:39:20,22.53086685639073,2021-01-01 04:15:54,113.85153434797864,3571dd19184959c53e58ca**********,113.9148183032552,22.589669660847917,,POINT (113.9148183032552 22.53086685639073)
2021-01-01 02:40:03,22.5362281105252,2021-01-01 03:12:37,114.04109501574882,685dfb20d6027c2bd91536**********,114.02148775508554,22.531247445616465,,POINT (114.02148775508554 22.5362281105252)
2021-01-01 02:41:26,22.53734064838617,2021-01-01 03:19:56,114.04280631716455,d1ecb5800dff028eb27c36**********,114.05749558948133,22.5105541570388,,POINT (114.05749558948133 22.53734064838617)
2021-01-01 02:41:29,22.52565369974459,2021-01-01 02:47:29,113.93309387341903,3f08ff24f2632e8ecbb94e**********,113.9293736101434,22.53236489699636,,POINT (113.9293736101434 22.52565369974459)
2021-01-01 02:45:00,22.568932183380785,2021-01-01 02:51:23,113.85848140061435,87c7ae6ea2f24464f8f235**********,113.86313381851254,22.57502661060208,,POINT (113.86313381851254 22.568932183380785)
2021-01-01 02:45:00,22.56900917438799,2021-01-01 02:51:23,113.85855846516633,04a184e388caff8f5e0019**********,113.86321087248818,22.575103611032905,,POINT (113.86321087248818 22.56900917438799)
2021-01-01 02:45:54,22.526180346131582,2021-01-01 03:06:20,113.96197402832863,500ab52b9a61f317785e94**********,113.98802698712556,22.53563909324792,,POINT (113.98802698712556 22.526180346131582)
2021-01-01 02:47:29,22.50888029168509,2021-01-01 02:49:03,113.920137457022,823bdf5c53dc724365e04e**********,113.91941151098541,22.510393410978345,,POINT (113.91941151098541 22.50888029168509)
2021-01-01 02:47:29,22.508957812199895,2021-01-01 02:49:03,113.92021502089268,4a9dc8391dadf6fcb068b3**********,113.91948907753232,22.510470928830376,,POINT (113.91948907753232 22.508957812199895)
2021-01-01 02:50:53,22.537100439428073,2021-01-01 03:05:57,114.08798410419186,90c7438369ca94f5c84a33**********,114.07386658983656,22.5487574703882,,POINT (114.07386658983656 22.537100439428073)
2021-01-01 02:52:16,22.541803869141173,2021-01-01 03:09:05,113.95904137682874,1369430b77f358f108c8cb**********,113.96196334773917,22.56521172671062,,POINT (113.96196334773917 22.541803869141173)
2021-01-01 02:53:28,22.54040678254387,2021-01-01 02:59:11,114.04830305896579,5eb606c2ce25b7c76ded90**********,114.04784457788034,22.540450927574497,,POINT (114.04784457788034 22.54040678254387)
2021-01-01 02:55:09,22.534211422875938,2021-01-01 03:08:36,114.02963119317549,1136e27cd9a351544ab45b**********,114.04228509308837,22.52208860270283,,POINT (114.04228509308837 22.534211422875938)
2021-01-01 02:55:52,22.534160588642642,2021-01-01 03:23:18,113.93527149825893,aafbbac489dc7759c6415e**********,113.96178263709749,22.53598306537939,,POINT (113.96178263709749 22.534160588642642)
2021-01-01 02:56:09,22.538010777684114,2021-01-01 03:06:03,113.96395914137273,a91174848fdb71c858f991**********,113.96245937198101,22.544497556438678,,POINT (113.96245937198101 22.538010777684114)
2021-01-01 02:57:56,22.530365140803884,2021-01-01 02:59:17,114.04663242623927,065e55947211cc3de16b11**********,114.04670602280233,22.53130549222114,,POINT (114.04670602280233 22.530365140803884)
2021-01-01 02:59:15,22.535512252576577,2021-01-01 03:08:07,114.05015433059788,dc0f4cc7830f13d0d5b681**********,114.0590671785243,22.537193058938197,,POINT (114.0590671785243 22.535512252576577)
2021-01-01 02:59:15,22.535555185575753,2021-01-01 03:08:07,114.05019727286813,2e517f1f2f7bda40448047**********,114.0591101373691,22.53723597637397,,POINT (114.0591101373691 22.535555185575753)
2021-01-01 02:59:54,22.532034703898475,2021-01-01 03:16:54,114.01992023663686,3c15805a3860a4264e806e**********,114.0181480808101,22.532810100768504,,POINT (114.0181480808101 22.532034703898475)
2021-01-01 02:59:54,22.532091939674455,2021-01-01 03:16:54,114.01997750336733,762c4a9421513bec241d06**********,114.0182053454073,22.532867338473313,,POINT (114.0182053454073 22.532091939674455)
2021-01-01 03:00:35,22.547998429593946,2021-01-01 03:24:31,114.06409228105494,205b774cdc02d94e4abc8f**********,114.07165392048724,22.533372476909737,,POINT (114.07165392048724 22.547998429593946)
2021-01-01 03:02:06,22.492440312904826,2021-01-01 03:20:28,113.92255724465056,7092f5a47ba5008a1ab1ee**********,113.91891569333828,22.50839073205748,,POINT (113.91891569333828 22.492440312904826)
2021-01-01 03:02:42,22.540466400874294,2021-01-01 03:26:22,114.05311773540757,240a004b42739708746e67**********,114.04933851555586,22.52591868808123,,POINT (114.04933851555586 22.540466400874294)
2021-01-01 03:09:47,22.53543060469668,2021-01-01 03:29:32,114.11359789173024,d0c2ba5f0123e365294398**********,114.11129520155339,22.537654564133373,,POINT (114.11129520155339 22.53543060469668)
2021-01-01 03:12:13,22.597225992220256,2021-01-01 03:19:28,114.10894791891626,06924ac02e587486a18ea0**********,114.10772712845669,22.601643266150372,,POINT (114.10772712845669 22.597225992220256)
2021-01-01 03:13:18,22.523093620357084,2021-01-01 04:22:56,114.10048151466401,2fa628874703ed3d83efd3**********,114.0483815326155,22.552959303504093,,POINT (114.0483815326155 22.523093620357084)
2021-01-01 03:14:31,22.547314394754576,2021-01-01 03:29:18,114.06066699015102,9c6e1e26c21fee6f17166a**********,114.06093536804183,22.564126151558952,,POINT (114.06093536804183 22.547314394754576)
2021-01-01 03:14:31,22.547372907176307,2021-01-01 03:29:18,114.06072553831038,5701d90acf29a6f8fa42fd**********,114.06099391692268,22.564184662027202,,POINT (114.06099391692268 22.547372907176307)
2021-01-01 03:18:25,22.610056782809863,2021-01-01 03:27:12,114.1179723700046,f16fe404fb41935ea39b5e**********,114.11283776081136,22.612846140885324,,POINT (114.11283776081136 22.610056782809863)
2021-01-01 03:18:51,22.53125531367859,2021-01-01 03:39:47,113.98702985053326,ceb95601591115ba8df8ab**********,114.00393896889919,22.524696276088896,,POINT (114.00393896889919 22.53125531367859)
2021-01-01 03:18:51,22.531211148736645,2021-01-01 03:39:47,113.9869856643542,b7e326553f93a9c95628ac**********,114.00389478238763,22.524652111043867,,POINT (114.00389478238763 22.531211148736645)
2021-01-01 03:20:03,22.53544739014916,2021-01-01 03:44:02,114.0108560610836,2de6aef0a75850a251bec9**********,114.02019755908383,22.55232886969177,,POINT (114.02019755908383 22.53544739014916)
2021-01-01 03:22:18,22.521143933035418,2021-01-01 03:43:57,113.93014512187295,e017e895e18d4f3da7b3a5**********,113.92768398389968,22.53125030526741,,POINT (113.92768398389968 22.521143933035418)
2021-01-01 03:23:52,22.536055866594012,2021-01-01 03:42:24,114.04554131932242,2c991bf4c901e2159d6603**********,114.02125294004225,22.533047798822615,,POINT (114.02125294004225 22.536055866594012)
2021-01-01 03:26:23,22.54342127770957,2021-01-01 04:09:19,113.94711897435937,6751b419494c76bb1ec762**********,113.96316579242804,22.569035318324833,,POINT (113.96316579242804 22.54342127770957)
2021-01-01 03:27:23,22.538007431040096,2021-01-01 03:37:33,114.05581561836918,8b638aa2ba3799ed2ccd32**********,114.05571655135397,22.537545554977893,,POINT (114.05571655135397 22.538007431040096)
2021-01-01 03:28:08,22.571379704573793,2021-01-01 03:41:23,113.94327092117149,f0e70520a3983a25dcdb68**********,113.94363150477712,22.58556009083378,,POINT (113.94363150477712 22.571379704573793)
2021-01-01 03:33:47,22.645397644472194,2021-01-01 03:58:32,114.0339542305296,79561f0ca1c3f692ef0b7e**********,114.00931249809929,22.619952776337584,,POINT (114.00931249809929 22.645397644472194)
2021-01-01 03:37:02,22.534555316823845,2021-01-01 03:44:40,114.0406589396919,9ca581cb2fbd5a061a66ca**********,114.04389552721736,22.52867326940235,,POINT (114.04389552721736 22.534555316823845)
2021-01-01 03:42:45,22.529987255870193,2021-01-01 03:55:26,113.91520546014429,9b155201381266245e1002**********,113.92207444482652,22.541525066749838,,POINT (113.92207444482652 22.529987255870193)
2021-01-01 03:45:32,22.53065296827391,2021-01-01 03:52:50,114.04234513420364,9383d94ab79cf90fab9655**********,114.040459520967,22.52319332749279,,POINT (114.040459520967 22.53065296827391)
2021-01-01 03:45:32,22.530674718925653,2021-01-01 03:52:50,114.04236689822008,3d05dcc192de42504995a8**********,114.04048128346967,22.5232150797701,,POINT (114.04048128346967 22.530674718925653)
2021-01-01 03:48:53,22.542123801267195,2021-01-01 03:53:17,114.08244343936119,fbec6957bcb9fc4850dcaf**********,114.08432679337487,22.546213277251006,,POINT (114.08432679337487 22.542123801267195)
2021-01-01 03:52:53,22.536313748806997,2021-01-01 04:02:42,114.00724700169737,1e55fb92db21da03b8baa1**********,114.0192445438648,22.536900863264506,,POINT (114.0192445438648 22.536313748806997)
2021-01-01 03:53:37,22.537649620156138,2021-01-01 03:56:48,114.07642764643892,96d0e4ecc27630050776b7**********,114.07398097139236,22.533841748104557,,POINT (114.07398097139236 22.537649620156138)
2021-01-01 03:54:06,22.529572278766658,2021-01-01 03:58:28,114.04098739167407,ea236f7fe65963076191b2**********,114.04519007293675,22.524330800408112,,POINT (114.04519007293675 22.529572278766658)
2021-01-01 03:57:08,22.53764335398663,2021-01-01 04:49:35,114.08951617691692,97b73064074c4dc2b01f8f**********,114.04981752478696,22.53920879238121,,POINT (114.04981752478696 22.53764335398663)
2021-01-01 04:00:02,22.532212758267836,2021-01-01 04:06:48,113.9926702336384,3c8ba8d93522947808c0f9**********,113.99073851033324,22.541840347874626,,POINT (113.99073851033324 22.532212758267836)
2021-01-01 04:02:05,22.55197305429585,2021-01-01 04:10:31,114.08687432668877,5252f1f75d830ad1106f92**********,114.07833471451517,22.546684510928483,,POINT (114.07833471451517 22.55197305429585)
2021-01-01 04:06:42,22.532064109619483,2021-01-01 04:26:25,114.03442232173241,52d362d023c8f2b6d35ffb**********,114.01826976912545,22.52497951856756,,POINT (114.01826976912545 22.532064109619483)
2021-01-01 04:16:11,22.58406203616844,2021-01-01 04:34:10,113.88805254115678,cded1d2be3657c4ff6354f**********,113.89454709671878,22.57425811690859,,POINT (113.89454709671878 22.58406203616844)
2021-01-01 04:19:42,22.52319411621561,2021-01-01 05:04:48,113.92453609195043,23edaa8f6692f5ab66512f**********,113.91784273421906,22.512211523522474,,POINT (113.91784273421906 22.52319411621561)
2021-01-01 04:23:44,22.57536727195459,2021-01-01 04:33:18,113.86854788368487,91d469a2339c839a6fc141**********,113.87093590043438,22.56990116135998,,POINT (113.87093590043438 22.57536727195459)
2021-01-01 04:28:03,22.536590446047146,2021-01-01 04:36:57,114.01142889559458,d652f0fbffddb90f18b062**********,114.00145784999933,22.544558367630877,,POINT (114.00145784999933 22.536590446047146)
2021-01-01 04:28:03,22.536680767775817,2021-01-01 04:36:57,114.01151927124295,3c44c6f0803df9830d0628**********,114.00154821636738,22.54464869704322,,POINT (114.00154821636738 22.536680767775817)
2021-01-01 04:42:10,22.49034767714709,2021-01-01 05:09:49,113.94716357349088,3c2ebe74bf07c3fd09e454**********,113.9217177385415,22.502211818282085,,POINT (113.9217177385415 22.49034767714709)
2021-01-01 04:42:10,22.49027865304812,2021-01-01 05:09:49,113.94709458645822,e4378bb5e9e84e450a7dc3**********,113.92164867562593,22.502142866305395,,POINT (113.92164867562593 22.49027865304812)
2021-01-01 05:07:31,22.733446286250544,2021-01-01 05:53:03,113.8266002669904,b2e8b8d6680d57b3960b51**********,113.8899317515578,22.721874143160857,,POINT (113.8899317515578 22.733446286250544)
2021-01-01 05:15:31,22.51296907695662,2021-01-01 05:36:29,113.93131206035623,ccc2a5d59c597fedf0b957**********,113.92922629346114,22.513064193645157,,POINT (113.92922629346114 22.51296907695662)
2021-01-01 06:01:06,22.655382746673908,2021-01-01 06:14:00,113.99879311749709,e8cf5ed5bd56706030c558**********,114.01901986859058,22.65294393016136,,POINT (114.01901986859058 22.655382746673908)
2021-01-01 06:01:06,22.655470183633184,2021-01-01 06:14:00,113.99888059002889,1f58732b37a06d278667fc**********,114.01910736311552,22.65303134693282,,POINT (114.01910736311552 22.655470183633184)
2021-01-01 06:11:57,22.52131418243192,2021-01-01 06:21:57,113.92377696349018,b9934a8dc28f7d3d769b71**********,113.93106408530328,22.51374178790693,,POINT (113.93106408530328 22.52131418243192)
2021-01-01 06:20:32,22.679782305935895,2021-01-01 06:25:31,114.00660364613253,1385646ec6188dab574da5**********,114.00224726627194,22.68196172005216,,POINT (114.00224726627194 22.679782305935895)
2021-01-01 06:33:59,22.526670167603022,2021-01-01 07:01:23,114.09944426631553,10fb02c9257f0d5ee3c212**********,114.06903613794222,22.544261548909763,,POINT (114.06903613794222 22.526670167603022)
2021-01-01 06:33:59,22.526731399251403,2021-01-01 07:01:23,114.09950562454503,50aa75d0c6eda27cf7ceb1**********,114.06909740759794,22.544322861964062,,POINT (114.06909740759794 22.526731399251403)
2021-01-01 06:37:35,22.54167246432298,2021-01-01 06:47:40,114.11964017669776,0344560ab31f5d848081de**********,114.10961266663631,22.54398960558251,,POINT (114.10961266663631 22.54167246432298)
2021-01-01 06:48:35,22.670302003458726,2021-01-01 07:04:56,114.06520443345443,fccd78afe8c4933f107b03**********,114.04823768997612,22.66201794256811,,POINT (114.04823768997612 22.670302003458726)
2021-01-01 06:48:56,22.520115139604453,2021-01-01 06:56:49,113.94405357442649,2af97f0fff748811c6e9aa**********,113.9391530788409,22.518856888943745,,POINT (113.9391530788409 22.520115139604453)
2021-01-01 06:52:27,22.551192090108916,2021-01-01 06:55:37,114.12632425814915,433c09b50f9a887f31dbbf**********,114.12573467462246,22.550366541697105,,POINT (114.12573467462246 22.551192090108916)
2021-01-01 06:54:06,22.544237326952587,2021-01-01 07:21:12,114.03254403754588,ac34b1968f3d9cf313c120**********,114.013027260078,22.54787234452223,,POINT (114.013027260078 22.544237326952587)
2021-01-01 06:54:57,22.636729949344954,2021-01-01 06:59:33,114.05436559170745,72ef12c6dc5a330b5e2b6c**********,114.05232046880407,22.63020138134326,,POINT (114.05232046880407 22.636729949344954)
2021-01-01 07:03:37,22.564416402064246,2021-01-01 07:07:50,114.09434587695331,20d0db0bdb7214e2fc39ba**********,114.09845210106506,22.567864278175666,,POINT (114.09845210106506 22.564416402064246)
2021-01-01 07:03:37,22.564385097599242,2021-01-01 07:07:50,114.09431455460235,e867c67f769e24916d69c5**********,114.09842077280038,22.567832979386953,,POINT (114.09842077280038 22.564385097599242)
2021-01-01 07:15:40,22.52275236711081,2021-01-01 07:22:26,114.0288988433181,1654f81f0f975f8512b228**********,114.03295225507402,22.52814731064642,,POINT (114.03295225507402 22.52275236711081)
2021-01-01 07:28:21,22.502228186026166,2021-01-01 07:45:52,113.95734945123797,6914e4925ffa67884db847**********,113.94905407743227,22.52139072421359,,POINT (113.94905407743227 22.502228186026166)
2021-01-01 07:30:09,22.519104155951847,2021-01-01 07:58:47,113.91661662494161,088e578ad5ad1735863a3f**********,113.91117841037763,22.502120000129157,,POINT (113.91117841037763 22.519104155951847)
2021-01-01 07:39:52,22.623901019649438,2021-01-01 07:44:24,114.0559293265857,e2d3c552965fffd762afef**********,114.05788166925868,22.6203365561402,,POINT (114.05788166925868 22.623901019649438)
2021-01-01 07:40:42,22.527021498233395,2021-01-01 07:49:26,114.03455233963064,1243a783a24c8ec4ccd98f**********,114.03493530589657,22.526976540860435,,POINT (114.03493530589657 22.527021498233395)
2021-01-01 07:52:41,22.654722460395586,2021-01-01 07:56:40,113.81781685666532,a1ab3990d8946a7a5ceaf2**********,113.81631865714172,22.65013812422996,,POINT (113.81631865714172 22.654722460395586)
2021-01-01 07:57:45,22.686600795810513,2021-01-01 08:15:35,113.94291841934067,c871cf240bd0ef12107896**********,113.9446059503396,22.68633001145423,,POINT (113.9446059503396 22.686600795810513)
2021-01-01 08:00:21,22.518098297604098,2021-01-01 08:09:23,113.93686135367585,9676644a860ef6c360a210**********,113.92273597917544,22.515798664738224,,POINT (113.92273597917544 22.518098297604098)
2021-01-01 08:02:36,22.573129511977044,2021-01-01 08:20:04,113.9083350667028,5528a0765ed5b1a5df0a4b**********,113.90027095089145,22.565339664266798,,POINT (113.90027095089145 22.573129511977044)
2021-01-01 08:02:36,22.573194795742527,2021-01-01 08:20:04,113.90840037328316,6e6274c9a0d07786fe359c**********,113.90033628267109,22.565404925065838,,POINT (113.90033628267109 22.573194795742527)
2021-01-01 08:12:46,22.531368103297574,2021-01-01 08:23:58,113.914850236088,084062137bb9b5edcc8d4d**********,113.90371011128572,22.526468079385392,,POINT (113.90371011128572 22.531368103297574)
2021-01-01 08:13:44,22.531423825522193,2021-01-01 08:23:22,113.90003078836308,1dc4271050bf146f1c1b29**********,113.90376061728362,22.535405646597138,,POINT (113.90376061728362 22.531423825522193)
2021-01-01 08:14:11,22.53569062743922,2021-01-01 08:19:23,113.98688836626977,4b9d69d6363b212226efeb**********,113.99168682380073,22.54059087528323,,POINT (113.99168682380073 22.53569062743922)
2021-01-01 08:19:35,22.664313722641165,2021-01-01 08:23:46,113.85955637205166,ce4ca9fbf6ed9caef308d1**********,113.8546977041677,22.66026029303425,,POINT (113.8546977041677 22.664313722641165)
2021-01-01 08:19:35,22.664387417726513,2021-01-01 08:23:46,113.85963012737211,bcb0312f24c2854f58c5f4**********,113.85477146913287,22.66033397929858,,POINT (113.85477146913287 22.664387417726513)
2021-01-01 08:22:33,22.66017250537817,2021-01-01 08:29:22,114.04208406690425,11624bb5367f20de3abc06**********,114.03416275501135,22.6592974324642,,POINT (114.03416275501135 22.66017250537817)
2021-01-01 08:22:57,22.541961905093903,2021-01-01 08:48:34,114.12238257948157,0b49ce0f16f4fd942e2a95**********,114.11619411423314,22.562601641427463,,POINT (114.11619411423314 22.541961905093903)
2021-01-01 08:31:24,22.64090284289398,2021-01-01 08:37:44,114.01656922561683,72ca1cccec4100e001eaaf**********,114.02219639541477,22.64034099839639,,POINT (114.02219639541477 22.64090284289398)
2021-01-01 08:33:09,22.534288593306268,2021-01-01 08:38:17,113.9194649627949,68f4c7777b7e1694db5b8e**********,113.91381381047117,22.53547880653193,,POINT (113.91381381047117 22.534288593306268)
2021-01-01 08:34:42,22.681463134392022,2021-01-01 08:41:38,113.98265668991375,5d7bf7053ee25c89a7c0ae**********,113.9849548979619,22.672993374759717,,POINT (113.9849548979619 22.681463134392022)
2021-01-01 08:34:42,22.681487555353602,2021-01-01 08:41:38,113.9826811278481,162b8b3da5c7fa85aa73a0**********,113.98497933533095,22.67301779647958,,POINT (113.98497933533095 22.681487555353602)
2021-01-01 08:47:17,22.62459987383184,2021-01-01 08:53:21,114.06478509936615,26e13ff584672c2414af9f**********,114.0598213203061,22.61963115729885,,POINT (114.0598213203061 22.62459987383184)
2021-01-01 08:47:17,22.624564631789415,2021-01-01 08:53:21,114.06474982399071,0468336917448982e7f030**********,114.05978605297607,22.619595907535913,,POINT (114.05978605297607 22.624564631789415)
2021-01-01 08:47:47,22.55793867318797,2021-01-01 08:58:07,113.9374091171548,018b0f2e60514ada716798**********,113.94490825719386,22.550776265318515,,POINT (113.94490825719386 22.55793867318797)
2021-01-01 08:47:47,22.55792310651936,2021-01-01 08:58:07,113.93739353659332,79ebc3dc20bbf313cb10f3**********,113.94489268138605,22.550760694058198,,POINT (113.94489268138605 22.55792310651936)
2021-01-01 08:48:20,22.63895582712983,2021-01-01 08:56:55,114.0249915437638,f6f34851a829e2e4dbcc96**********,114.02138762958634,22.63492653005323,,POINT (114.02138762958634 22.63895582712983)
2021-01-01 08:51:53,22.545180739263373,2021-01-01 08:54:29,114.11978492903695,d79683e32ef102989e3e43**********,114.12226343901327,22.547596452053686,,POINT (114.12226343901327 22.545180739263373)
2021-01-01 08:51:53,22.54516572317714,2021-01-01 08:54:29,114.11976990233471,7e55f77306fa174fcee0ea**********,114.12224841101029,22.547581437239494,,POINT (114.12224841101029 22.54516572317714)
2021-01-01 08:53:01,22.569847646841453,2021-01-01 09:01:31,114.09938556027728,12dbe07c7866c851d28b1a**********,114.10757094708947,22.563558599595414,,POINT (114.10757094708947 22.569847646841453)
2021-01-01 08:54:25,22.516095312979544,2021-01-01 08:57:39,113.90018545102704,967e5b3ff0e4bad3e47d3d**********,113.90646470012166,22.513735924014206,,POINT (113.90646470012166 22.516095312979544)
2021-01-01 08:55:28,22.485449906192297,2021-01-01 10:45:00,113.99260273428743,20d9f6539bebdcbfca4654**********,113.91171222952839,22.54900577797802,,POINT (113.91171222952839 22.485449906192297)
2021-01-01 08:55:53,22.632501592628973,2021-01-01 09:05:21,114.01618979370386,c63d8807d67d573ce53b3c**********,114.00867765176474,22.62446042006044,,POINT (114.00867765176474 22.632501592628973)
2021-01-01 08:59:15,22.561570107454006,2021-01-01 09:06:08,113.9700820322627,ac47dd4cb6e34ab1f01dfd**********,113.9702945596089,22.56657046957702,,POINT (113.9702945596089 22.561570107454006)
2021-01-01 09:02:12,22.54319860288114,2021-01-01 09:13:44,113.93808289814987,8d5d8a24b19fe58cf3e6b8**********,113.95018905659622,22.534058993642464,,POINT (113.95018905659622 22.54319860288114)
2021-01-01 09:02:12,22.543262655044156,2021-01-01 09:13:44,113.93814701623515,b4d282404e414151cb4d16**********,113.95025314432282,22.534123074972957,,POINT (113.95025314432282 22.543262655044156)
2021-01-01 09:02:43,22.526095958886934,2021-01-01 09:21:26,114.06347882318762,9400af50d9b75a476a4807**********,114.05461892813348,22.52514669949788,,POINT (114.05461892813348 22.526095958886934)
2021-01-01 09:02:43,22.526085177570835,2021-01-01 09:21:26,114.06346803136456,49987e3380181f1414b336**********,114.05460814060207,22.525135914161762,,POINT (114.05460814060207 22.526085177570835)
2021-01-01 09:04:55,22.59832105101472,2021-01-01 09:11:12,114.11271172007434,3ffea4e2f10600837cb904**********,114.10773857284128,22.604706919605484,,POINT (114.10773857284128 22.59832105101472)
2021-01-01 09:05:58,22.757686095370417,2021-01-01 09:18:30,113.8605565531846,29fa721970800575b4f80a**********,113.85904690788603,22.757727266970523,,POINT (113.85904690788603 22.757686095370417)
2021-01-01 09:05:58,22.757735448825535,2021-01-01 09:18:30,113.86060595585846,7ca8d3ec8fa16b067e1494**********,113.85909631271024,22.75777661838487,,POINT (113.85909631271024 22.757735448825535)
2021-01-01 09:05:58,22.5883429347247,2021-01-01 09:29:58,113.83965027963099,31ba1dcac0a45c81f2014b**********,113.83884475317133,22.59403604564272,,POINT (113.83884475317133 22.5883429347247)
2021-01-01 09:06:35,22.58792277357989,2021-01-01 09:29:46,113.83967027501635,78ce91ebb933bf80d5321b**********,113.83735058283723,22.59413604828713,,POINT (113.83735058283723 22.58792277357989)
2021-01-01 09:06:35,22.588018134684624,2021-01-01 09:29:46,113.83976571594263,780088d166b89280cf774f**********,113.83744602647062,22.59423140596785,,POINT (113.83744602647062 22.588018134684624)
2021-01-01 09:06:35,22.588018134684624,2021-01-01 09:29:46,113.83976571594263,0bd885518be4d7e68e53ef**********,113.83744602647062,22.59423140596785,,POINT (113.83744602647062 22.588018134684624)
2021-01-01 09:06:53,22.660605399297978,2021-01-01 10:39:16,114.00559869951117,b3f83bf1bde7c7a782af77**********,114.04069795467852,22.734550535095593,,POINT (114.04069795467852 22.660605399297978)
2021-01-01 09:07:59,22.57037313083975,2021-01-01 09:23:12,114.09410709738735,8856fcc518ac414b2763eb**********,114.09312967981093,22.568550938313145,,POINT (114.09312967981093 22.57037313083975)
2021-01-01 09:09:41,22.677818463087984,2021-01-01 09:17:55,113.92041893481098,7e8f1508c2edb2c3456511**********,113.92560796497293,22.66806859164733,,POINT (113.92560796497293 22.677818463087984)
2021-01-01 09:11:44,22.542853529270044,2021-01-01 09:13:37,113.96368268286749,09bb65ee570cf92d9cbc61**********,113.96336180696102,22.543606685318107,,POINT (113.96336180696102 22.542853529270044)
2021-01-01 09:12:20,22.662384034975204,2021-01-01 09:21:25,114.01804788668764,9ae521b930799b8dae3678**********,114.01938945023115,22.654953457225176,,POINT (114.01938945023115 22.662384034975204)
2021-01-01 09:12:20,22.66232132377339,2021-01-01 09:21:25,114.01798513541289,e6180e8e74d2b8da71fa63**********,114.0193266972183,22.65489074710701,,POINT (114.0193266972183 22.66232132377339)
2021-01-01 09:12:53,22.546790065435005,2021-01-01 09:14:46,114.07901428094668,c367df654413073ce064ec**********,114.08073872811474,22.54499568005685,,POINT (114.08073872811474 22.546790065435005)
2021-01-01 09:13:04,22.510026471528445,2021-01-01 09:20:10,114.03909553221214,e42bced050a1a88164d7d1**********,114.05154963358179,22.512562484155012,,POINT (114.05154963358179 22.510026471528445)
2021-01-01 09:13:04,22.509953006362785,2021-01-01 09:20:10,114.03902206251003,f2ffe88fd2c188bf694164**********,114.05147612827294,22.512489052458196,,POINT (114.05147612827294 22.509953006362785)
2021-01-01 09:13:52,22.68085604234733,2021-01-01 09:25:27,114.00532729861177,cf58fc4089db729f297e1a**********,113.99811899170551,22.674151765039575,,POINT (113.99811899170551 22.68085604234733)
2021-01-01 09:16:18,22.523743135352124,2021-01-01 09:56:05,114.04799029744493,50b2703bb8a815502691cc**********,113.98789114555233,22.535039647753642,,POINT (113.98789114555233 22.523743135352124)
2021-01-01 09:17:28,22.564867362345865,2021-01-01 09:20:46,114.10562048782235,c619a3ca3d44f14433c586**********,114.10018535736725,22.566520457236123,,POINT (114.10018535736725 22.564867362345865)
2021-01-01 09:17:59,22.546900063395867,2021-01-01 09:26:45,114.10493802630562,b85f8919cfeba9404f72f0**********,114.11425285483921,22.548772250674098,,POINT (114.11425285483921 22.546900063395867)
2021-01-01 09:20:34,22.66679183569958,2021-01-01 09:29:01,113.99775661198717,b1e2ba4867f23719a727dc**********,114.00009108285451,22.67544660563396,,POINT (114.00009108285451 22.66679183569958)
2021-01-01 09:23:31,22.5221966009175,2021-01-01 09:27:35,113.96052055427252,b8573473053d0dfd790300**********,113.96807786208623,22.521888651983208,,POINT (113.96807786208623 22.5221966009175)
2021-01-01 09:25:03,22.512353246975394,2021-01-01 09:30:08,113.92774806290339,cd6341752decc58768f51a**********,113.93305447795534,22.510735029613706,,POINT (113.93305447795534 22.512353246975394)
2021-01-01 09:25:27,22.5629961005262,2021-01-01 09:29:08,114.03318155883203,1797c70f283ad7bf69b6c7**********,114.0275362619614,22.563206392477113,,POINT (114.0275362619614 22.5629961005262)
2021-01-01 09:25:27,22.562963987240778,2021-01-01 09:29:08,114.0331494222179,fd833ab28c7404a7baf9ca**********,114.02750413072569,22.563174274187773,,POINT (114.02750413072569 22.562963987240778)
2021-01-01 09:26:32,22.528910451815015,2021-01-01 09:47:11,113.94982656458446,7814b20bb499303e84c98b**********,113.93058634338523,22.527150678517586,,POINT (113.93058634338523 22.528910451815015)
2021-01-01 09:26:32,22.528998017053592,2021-01-01 09:47:11,113.94991411234106,abb601eaa8a875b3459695**********,113.93067396007544,22.527238179460312,,POINT (113.93067396007544 22.528998017053592)
2021-01-01 09:26:37,22.53893814447991,2021-01-01 09:44:26,114.07563225126957,14f09f493f877079296bee**********,114.07290942403978,22.542611191286895,,POINT (114.07290942403978 22.53893814447991)
2021-01-01 09:27:01,22.514651725075787,2021-01-01 10:22:11,113.91853718282346,b96a960c992b2c34dde6c2**********,113.91972382015906,22.515543927597264,,POINT (113.91972382015906 22.514651725075787)
2021-01-01 09:30:17,22.559916505254325,2021-01-01 09:53:17,114.23411513302332,9ac7c18f25cf9531407cda**********,114.23368919224787,22.560041472135623,,POINT (114.23368919224787 22.559916505254325)
2021-01-01 09:32:37,22.668984109995712,2021-01-01 09:45:11,114.0393573866894,f70b523c930311cd1fb329**********,114.04371514391414,22.661584996710094,,POINT (114.04371514391414 22.668984109995712)
2021-01-01 09:32:37,22.669043072716914,2021-01-01 09:45:11,114.03941638263143,9c811ffffe548bfba8774c**********,114.04377414935338,22.661643951076933,,POINT (114.04377414935338 22.669043072716914)
2021-01-01 09:33:55,22.46979766122312,2021-01-01 09:45:35,113.89062937686037,de43bbfa3d4ba15e07d773**********,113.89222084443398,22.470252041812433,,POINT (113.89222084443398 22.46979766122312)
2021-01-01 09:37:06,22.658278758193326,2021-01-01 09:52:27,113.99303058139635,fcd75cd418716f0ac9eb7a**********,113.99668152389985,22.674908079571694,,POINT (113.99668152389985 22.658278758193326)
2021-01-01 09:37:53,22.521266269659264,2021-01-01 09:43:08,114.03190354917139,1640f14121dcdf94e58f76**********,114.03411685451876,22.52644938171421,,POINT (114.03411685451876 22.521266269659264)
2021-01-01 09:37:53,22.521318241836305,2021-01-01 09:43:08,114.0319555446364,327967e6cd901c6f26133e**********,114.03416885361632,22.526501350149744,,POINT (114.03416885361632 22.521318241836305)
2021-01-01 09:39:41,22.65606524370543,2021-01-01 09:54:00,114.01826885540798,699b1ba6e3ac26bb7fe206**********,114.02687878740157,22.666675511256834,,POINT (114.02687878740157 22.65606524370543)
2021-01-01 09:40:14,22.57846481417086,2021-01-01 09:45:30,114.12060576720128,8d808fea0aba6d32f0aa44**********,114.12849554791076,22.57604418343833,,POINT (114.12849554791076 22.57846481417086)
2021-01-01 09:40:39,22.662779819782997,2021-01-01 10:05:11,114.01144827232895,d74ef8959b2816ee94d903**********,114.01183637074794,22.663035560354796,,POINT (114.01183637074794 22.662779819782997)
2021-01-01 09:40:47,22.68364632490549,2021-01-01 10:05:19,113.98981758538932,1172a423aaeabf64abc908**********,114.00109968078338,22.697789949996043,,POINT (114.00109968078338 22.68364632490549)
2021-01-01 09:40:47,22.6836439327176,2021-01-01 10:05:19,113.98981519160444,4592a48f4d40f28a0f42c8**********,114.00109728698536,22.697787557855573,,POINT (114.00109728698536 22.6836439327176)
2021-01-01 09:42:25,22.59287467185836,2021-01-01 10:00:58,114.1237802387984,c21a046bfb4ec68152a2b9**********,114.12382792416271,22.592888583460926,,POINT (114.12382792416271 22.59287467185836)
2021-01-01 09:42:34,22.55555229972563,2021-01-01 09:52:57,114.02774954955716,fa886b78c06bda4464d168**********,114.02423333432773,22.55653649438952,,POINT (114.02423333432773 22.55555229972563)
2021-01-01 09:42:34,22.555490171961285,2021-01-01 09:52:57,114.02768738225319,1067825b3b6931617c94d9**********,114.02417117280243,22.55647436131984,,POINT (114.02417117280243 22.555490171961285)
2021-01-01 09:42:59,22.633077253124455,2021-01-01 09:45:05,114.04636276647742,96daef1630e42241387d61**********,114.04738308144736,22.632590881782413,,POINT (114.04738308144736 22.633077253124455)
2021-01-01 09:43:27,22.560913873142315,2021-01-01 09:57:23,114.01678926436469,329aabadb4606a69068339**********,114.03141912723716,22.553674827113245,,POINT (114.03141912723716 22.560913873142315)
2021-01-01 09:44:03,22.56974867697299,2021-01-01 09:58:34,114.1368808188663,e729461e550b1e7b74068e**********,114.12513595446889,22.568061745582842,,POINT (114.12513595446889 22.56974867697299)
2021-01-01 09:44:03,22.569700522616635,2021-01-01 09:58:34,114.13683260844134,f034bd373bc3a92f5339fe**********,114.1250877600771,22.56801357597015,,POINT (114.1250877600771 22.569700522616635)
2021-01-01 09:47:16,22.572378552329564,2021-01-01 11:22:46,114.05355032122904,aad4725c0babee384c494a**********,114.0541172836849,22.57284053046363,,POINT (114.0541172836849 22.572378552329564)
2021-01-01 09:50:15,22.614183579403715,2021-01-01 10:00:59,114.02854957882225,2a6d5c9bc12c2426319b13**********,114.02797894817363,22.603375525051483,,POINT (114.02797894817363 22.614183579403715)
2021-01-01 09:52:37,22.67334783883031,2021-01-01 10:09:58,114.04094465901697,294d86c49d480186a6cfc9**********,114.02636044987747,22.67558568551994,,POINT (114.02636044987747 22.67334783883031)
2021-01-01 09:55:53,22.65357374039228,2021-01-01 10:04:21,114.02538658703467,663cb87aca51f60b1b3061**********,114.0200502039944,22.64846891181295,,POINT (114.0200502039944 22.65357374039228)
2021-01-01 09:59:25,22.550024279561153,2021-01-01 10:06:08,113.88018895812628,bbe2b2a8d60ad7cb891495**********,113.88015696467532,22.548802690318976,,POINT (113.88015696467532 22.550024279561153)
2021-01-01 10:00:07,22.56936550450657,2021-01-01 10:34:26,113.93853759632563,e2d8aa7e1ff16c6fcf6bc6**********,113.9386192143875,22.57108125160091,,POINT (113.9386192143875 22.56936550450657)
2021-01-01 10:00:08,22.570481710589075,2021-01-01 11:33:21,113.84148416315014,355c1a8030bf0f4122b724**********,113.86769260177512,22.629789466047573,,POINT (113.86769260177512 22.570481710589075)
2021-01-01 10:09:06,22.548219937718038,2021-01-01 10:13:11,114.12366380222608,f33aee0a3580db507f976c**********,114.11682332175498,22.547501804111064,,POINT (114.11682332175498 22.548219937718038)
2021-01-01 10:09:06,22.548301209701627,2021-01-01 10:13:11,114.12374515779217,deebfa90a68d3e45006a68**********,114.11690465764741,22.54758309468082,,POINT (114.11690465764741 22.548301209701627)
2021-01-01 10:10:16,22.63367492195254,2021-01-01 10:14:54,114.03236502462624,1c1b256a3f944fafec6535**********,114.03239247571854,22.64064039833319,,POINT (114.03239247571854 22.63367492195254)
2021-01-01 10:10:16,22.633594236327475,2021-01-01 10:14:54,114.03228428610241,976696369c72336db54f93**********,114.03231173711713,22.64055971344805,,POINT (114.03231173711713 22.633594236327475)
2021-01-01 10:11:08,22.640424384261813,2021-01-01 10:24:37,114.05711424140112,c25fd5598a6068fa327420**********,114.04565708696336,22.636865476088406,,POINT (114.04565708696336 22.640424384261813)
2021-01-01 10:11:08,22.640386768003097,2021-01-01 10:24:37,114.05707658086294,8fa512ae6e4942e83c8be2**********,114.04561944451156,22.636827842806085,,POINT (114.04561944451156 22.640386768003097)
2021-01-01 10:12:04,22.533130644512685,2021-01-01 10:15:41,114.0782934032973,d715ef76defd7dd8457301**********,114.0748356068641,22.533429272804746,,POINT (114.0748356068641 22.533130644512685)
2021-01-01 10:12:49,22.52237425752502,2021-01-01 12:42:26,113.94421044212861,3254253d9397168d3f240c**********,113.94878306463498,22.519226158841427,,POINT (113.94878306463498 22.52237425752502)
2021-01-01 10:18:17,22.675192450369412,2021-01-01 10:26:17,114.02855106411835,661eee76bb1b58d3e3cb28**********,114.02991756507038,22.66986483280295,,POINT (114.02991756507038 22.675192450369412)
2021-01-01 10:20:53,22.577806761729097,2021-01-01 10:31:09,113.95925983322687,5d7a4deda5905ac8d9ae88**********,113.95245953395823,22.586241376814147,,POINT (113.95245953395823 22.577806761729097)
2021-01-01 10:21:42,22.656945591494598,2021-01-01 10:44:24,113.99169133563507,4bebd80c82260d14ff4c6d**********,113.99590348781337,22.65458443417151,,POINT (113.99590348781337 22.656945591494598)
2021-01-01 10:21:42,22.656907714613226,2021-01-01 10:44:24,113.99165343427191,d2a14ce335bfb76e9ca438**********,113.99586558662114,22.6545465570208,,POINT (113.99586558662114 22.656907714613226)
2021-01-01 10:25:03,22.55647910004989,2021-01-01 10:33:20,114.14043152790371,254a2a616fac3018c25cb5**********,114.14335409262887,22.550721329123732,,POINT (114.14335409262887 22.55647910004989)
2021-01-01 10:36:12,22.55106587263327,2021-01-01 10:49:43,114.11494539637097,4f3f322d266f6c717cb3f7**********,114.1302569175317,22.549379312990744,,POINT (114.1302569175317 22.55106587263327)
2021-01-01 10:36:12,22.55097545504084,2021-01-01 10:49:43,114.1148549519798,a7e331626af481d3d40593**********,114.13016642620086,22.549288939392184,,POINT (114.13016642620086 22.55097545504084)
2021-01-01 10:38:26,22.53389883536096,2021-01-01 10:51:26,113.97164425498086,87978962d49be4e790b5bc**********,113.96496758708702,22.526192644583954,,POINT (113.96496758708702 22.53389883536096)
2021-01-01 10:42:42,22.560508264040475,2021-01-01 10:52:52,113.85967033615161,a4d4bcb9791f364a717674**********,113.86801188295127,22.565567519962844,,POINT (113.86801188295127 22.560508264040475)
2021-01-01 10:43:00,22.67771317560525,2021-01-01 10:48:41,113.98525191894112,f5deba2b5e66c7d0339052**********,113.99147727530442,22.672569910284377,,POINT (113.99147727530442 22.67771317560525)
2021-01-01 10:45:15,22.575320538063952,2021-01-01 10:56:12,114.13850360750136,b8fa3be3b8dee81321c24d**********,114.13169871111714,22.56875997862984,,POINT (114.13169871111714 22.575320538063952)
2021-01-01 10:45:16,22.587178167703588,2021-01-01 11:01:50,114.10365073828766,f2b0079c08ff3cec217480**********,114.11127002915674,22.56503502729524,,POINT (114.11127002915674 22.587178167703588)
2021-01-01 10:47:52,22.658150665628263,2021-01-01 11:46:02,114.03784540442348,d951f0619176f57f8ebd68**********,114.03767871391128,22.65810201085575,,POINT (114.03767871391128 22.658150665628263)
2021-01-01 10:47:52,22.65813560362365,2021-01-01 11:46:02,114.03783033183127,4851836811a9e6cb3bf729**********,114.03766364140616,22.65808694876914,,POINT (114.03766364140616 22.65813560362365)
2021-01-01 10:48:11,22.655566836335776,2021-01-01 10:57:33,113.99843931513402,3b83985b0eddb5cd0584e5**********,114.00382912998057,22.65139472682355,,POINT (114.00382912998057 22.655566836335776)
2021-01-01 10:52:01,22.738465534518188,2021-01-01 11:03:39,113.91700153166481,0efd97135fdda1341cfc7f**********,113.92577000945091,22.740688857363182,,POINT (113.92577000945091 22.738465534518188)
2021-01-01 10:52:32,22.581484673893502,2021-01-01 10:54:39,113.89670324761735,0b553eecdff4c63e3754b2**********,113.89662689213213,22.58131893394841,,POINT (113.89662689213213 22.581484673893502)
2021-01-01 10:53:18,22.627375816243006,2021-01-01 10:56:03,114.03303957238727,713a5293d10eb84118869e**********,114.02821752789687,22.629676216205848,,POINT (114.02821752789687 22.627375816243006)
2021-01-01 10:53:18,22.627315881934962,2021-01-01 10:56:03,114.03297959105042,45740c6bcd42081de80ac7**********,114.02815755519129,22.629616274023086,,POINT (114.02815755519129 22.627315881934962)
2021-01-01 10:54:29,22.60642347641857,2021-01-01 11:08:58,114.15038116531296,aa57f5cf725517bfad6061**********,114.14913075487158,22.602097706607054,,POINT (114.14913075487158 22.60642347641857)
2021-01-01 10:54:29,22.606471053610914,2021-01-01 11:08:58,114.1504287864935,1452f7866d9815c15cf673**********,114.14917837523313,22.60214528485156,,POINT (114.14917837523313 22.606471053610914)
2021-01-01 10:56:23,22.532560616842503,2021-01-01 12:02:58,113.91469537697762,eabe8626cdc4e9b926d166**********,113.91392675808652,22.523321398917552,,POINT (113.91392675808652 22.532560616842503)
2021-01-01 10:58:43,22.52647618736393,2021-01-01 11:01:58,114.03810190950057,309385808942a4069ae49a**********,114.04303438457258,22.52343804851251,,POINT (114.04303438457258 22.52647618736393)
2021-01-01 10:59:04,22.668495898424542,2021-01-01 12:02:08,114.0215686661376,faf71932fa99dde5702ad6**********,114.02142615097179,22.673056608104996,,POINT (114.02142615097179 22.668495898424542)
2021-01-01 10:59:58,22.562194977319272,2021-01-01 11:05:46,114.09382623068512,e78753f08ff690850fc78a**********,114.09149619506378,22.56153735194812,,POINT (114.09149619506378 22.562194977319272)
2021-01-01 11:00:24,22.52856006516768,2021-01-01 11:13:52,114.01711529054705,15e5f7baa259af111c948c**********,113.99689747151146,22.529048668226828,,POINT (113.99689747151146 22.52856006516768)
2021-01-01 11:02:33,22.65849407865146,2021-01-01 11:23:25,114.01448365065875,e03fcdb37b08d38406dedc**********,114.00093695106297,22.665451507827147,,POINT (114.00093695106297 22.65849407865146)
2021-01-01 11:02:33,22.658452513234376,2021-01-01 11:23:25,114.01444205203433,6cf7db2e5346ab40d37e91**********,114.0008953588411,22.66540993679311,,POINT (114.0008953588411 22.658452513234376)
2021-01-01 11:04:25,22.650822099007815,2021-01-01 11:18:04,114.03898082377873,b12c38edc9f245ff641fcb**********,114.04175342186034,22.65707662643857,,POINT (114.04175342186034 22.650822099007815)
2021-01-01 11:04:26,22.62184852638752,2021-01-01 11:10:45,114.0320074517678,e45088c0ee45ad87fb40ce**********,114.03569829268162,22.624628023791413,,POINT (114.03569829268162 22.62184852638752)
2021-01-01 11:06:29,22.501861176103937,2021-01-01 11:26:04,113.92465477084686,bcb70dfbe7ed7933126750**********,113.93647139443155,22.494122520013068,,POINT (113.93647139443155 22.501861176103937)
2021-01-01 11:06:49,22.780210912830103,2021-01-01 11:24:28,113.89348257760452,ef3e3577263270bfa8cbb1**********,113.89539346902725,22.76916752642834,,POINT (113.89539346902725 22.780210912830103)
2021-01-01 11:06:54,22.572507802047717,2021-01-01 11:35:57,114.08589729324622,7888dffa601c82b3f60309**********,114.07888990003981,22.56584454574694,,POINT (114.07888990003981 22.572507802047717)
2021-01-01 11:07:47,22.679729146320255,2021-01-01 11:13:39,114.03105480680561,a0f1261f151c74ba48080b**********,114.0280021488987,22.676167161638514,,POINT (114.0280021488987 22.679729146320255)
2021-01-01 11:09:08,22.5602988913948,2021-01-01 11:26:06,114.02480393610277,ae28122aee5bd638b4facd**********,114.03586145373724,22.545820916340343,,POINT (114.03586145373724 22.5602988913948)
2021-01-01 11:09:15,22.64642615800445,2021-01-01 11:27:12,114.01952347170108,5fe1910fe48913e0242d7e**********,114.02419253634052,22.654755276943206,,POINT (114.02419253634052 22.64642615800445)
2021-01-01 11:09:47,22.565392606799474,2021-01-01 11:15:21,113.85827932141969,206aaef9efdb453022cdba**********,113.85866465451642,22.56342879399756,,POINT (113.85866465451642 22.565392606799474)
2021-01-01 11:09:55,22.671286694867504,2021-01-01 11:27:27,114.03900913293054,be55f842e1a718302533ec**********,114.02881904362454,22.672108671926722,,POINT (114.02881904362454 22.671286694867504)
2021-01-01 11:09:55,22.671353807025074,2021-01-01 11:27:27,114.03907631360278,c8a124fcde5751c57e5bf4**********,114.0288862022988,22.672175804512243,,POINT (114.0288862022988 22.671353807025074)
2021-01-01 11:10:59,22.680887705729134,2021-01-01 11:22:07,113.93416951753383,ed2f73dc30b237f24b40b1**********,113.93478323106035,22.68016440934115,,POINT (113.93478323106035 22.680887705729134)
2021-01-01 11:12:02,22.56299358238545,2021-01-01 11:27:19,113.88509208157596,90e8cc2b5f20420896e18c**********,113.8656955755872,22.581173898326913,,POINT (113.8656955755872 22.56299358238545)
2021-01-01 11:12:02,22.56298196945116,2021-01-01 11:27:19,113.88508046790065,6326b1bb254fdbfdb2cedc**********,113.86568395329493,22.581162293790722,,POINT (113.86568395329493 22.56298196945116)
2021-01-01 11:12:11,22.632545523873677,2021-01-01 11:19:50,113.8253707554236,a3df1b2d141d2eb7c64d56**********,113.83039154040989,22.64128508393435,,POINT (113.83039154040989 22.632545523873677)
2021-01-01 11:13:42,22.632114612153384,2021-01-01 11:23:11,114.03533544218274,20835ba415dca3f83e7f93**********,114.0321498771978,22.62100696888883,,POINT (114.0321498771978 22.632114612153384)
2021-01-01 11:14:12,22.55638160123469,2021-01-01 12:00:15,114.03887972722177,c724b8b2eab192ca59ca23**********,114.02777103517289,22.552928972515467,,POINT (114.02777103517289 22.55638160123469)
2021-01-01 11:14:26,22.591783514138054,2021-01-01 11:25:59,114.25280967737447,df7686ee271053512ebcb2**********,114.26518241773935,22.592310379477453,,POINT (114.26518241773935 22.591783514138054)
2021-01-01 11:17:06,22.54000249008314,2021-01-01 11:40:56,113.98902575925287,be2fb95761725dd6c35c24**********,114.01304290645888,22.54143626812144,,POINT (114.01304290645888 22.54000249008314)
2021-01-01 11:17:38,22.5834291711705,2021-01-01 11:26:36,113.90523428972409,5905bc3e7a6893c6ac0b06**********,113.89729264976279,22.57836309022218,,POINT (113.89729264976279 22.5834291711705)
2021-01-01 11:18:20,22.60827074617675,2021-01-01 11:25:14,114.11558730717265,aab87963352433c2740c15**********,114.11160229300182,22.606222580918185,,POINT (114.11160229300182 22.60827074617675)
2021-01-01 11:18:52,22.621982640198834,2021-01-01 11:26:13,114.05582130674273,cc596e428140e42bb33a12**********,114.04953432128492,22.62693985629099,,POINT (114.04953432128492 22.621982640198834)
2021-01-01 11:18:54,22.54240596382654,2021-01-01 11:25:35,113.96386655659363,1ff3378245b266b371791f**********,113.96159542700715,22.5365078390202,,POINT (113.96159542700715 22.54240596382654)
2021-01-01 11:18:54,22.542496822978464,2021-01-01 11:25:35,113.9639574583384,8d13e8c63a32ce5625c0f8**********,113.96168633437766,22.53659869360975,,POINT (113.96168633437766 22.542496822978464)
2021-01-01 11:18:57,22.610134340479647,2021-01-01 11:29:16,114.02874227142881,c262bcf95608a7c3b71666**********,114.03675374829665,22.61387823287173,,POINT (114.03675374829665 22.610134340479647)
2021-01-01 11:18:57,22.61011718327374,2021-01-01 11:29:16,114.02872510758989,1d15eac1fc7bfc07e81f9b**********,114.0367365801492,22.613861079759367,,POINT (114.0367365801492 22.61011718327374)
2021-01-01 11:19:24,22.669034662616358,2021-01-01 11:31:04,114.00421317382845,46a785a613e25b69b99636**********,113.98933894359394,22.673370535965322,,POINT (113.98933894359394 22.669034662616358)
2021-01-01 11:19:24,22.66907234011098,2021-01-01 11:31:04,114.00425087697667,c9b473daca45b2b14ae9c8**********,113.98937664581344,22.67340821411845,,POINT (113.98937664581344 22.66907234011098)
2021-01-01 11:20:31,22.55442814808694,2021-01-01 11:34:00,113.87474929155249,a8d31a76f191947cac770a**********,113.86640180898284,22.55880579913069,,POINT (113.86640180898284 22.55442814808694)
2021-01-01 11:21:13,22.650135828231782,2021-01-01 11:28:01,114.0290693382888,8ffcaeac59a2651b7fe986**********,114.02364671992737,22.650826241472963,,POINT (114.02364671992737 22.650135828231782)
2021-01-01 11:23:14,22.549979451132646,2021-01-01 11:25:57,114.01312859575862,5ec729f884b03b80a7e1cc**********,114.01370101941323,22.553232483865525,,POINT (114.01370101941323 22.549979451132646)
2021-01-01 11:24:10,22.643316895014916,2021-01-01 11:35:52,114.03205795619719,c1423f6eb03606a8ee703c**********,114.03371119565419,22.63287355499551,,POINT (114.03371119565419 22.643316895014916)
2021-01-01 11:24:13,22.542353680104704,2021-01-01 11:38:30,114.0839367042627,482a6b0cc2d4d0d567231f**********,114.07862515833168,22.546021567752057,,POINT (114.07862515833168 22.542353680104704)
2021-01-01 11:24:13,22.54227123858368,2021-01-01 11:38:30,114.08385418625626,da607c24eba195b168aff7**********,114.07854266148534,22.545939106848873,,POINT (114.07854266148534 22.54227123858368)
2021-01-01 11:25:09,22.597873416205314,2021-01-01 11:32:32,114.11734065014447,68820eaad4cbe6213e295d**********,114.11233813861043,22.604918902614987,,POINT (114.11233813861043 22.597873416205314)
2021-01-01 11:25:14,22.66060708164454,2021-01-01 11:41:06,114.0267358209299,2f43caace97adec94cac40**********,114.01566170391393,22.67287877644816,,POINT (114.01566170391393 22.66060708164454)
2021-01-01 11:25:14,22.660554144546516,2021-01-01 11:41:06,114.02668283559868,923c93e5ddf70b24e23c28**********,114.01560873189725,22.67282582769174,,POINT (114.01560873189725 22.660554144546516)
2021-01-01 11:26:00,22.559186345061082,2021-01-01 11:31:36,114.23180437946583,009934b634c1a68bfad54c**********,114.2335648631236,22.562682323812524,,POINT (114.2335648631236 22.559186345061082)
2021-01-01 11:26:00,22.55911341985263,2021-01-01 11:31:36,114.23173139918451,5730337d08ec3531674349**********,114.2334918880413,22.562609394212387,,POINT (114.2334918880413 22.55911341985263)
2021-01-01 11:27:26,22.530679756286002,2021-01-01 12:17:30,113.89419410507901,c065656ed7235e58bedb25**********,113.89283525858465,22.541619801837136,,POINT (113.89283525858465 22.530679756286002)
2021-01-01 11:28:31,22.603612583925198,2021-01-01 11:35:53,114.02956611252695,ec7e9177b1262e7193485b**********,114.0360331119841,22.607223157542105,,POINT (114.0360331119841 22.603612583925198)
2021-01-01 11:28:31,22.60363462863216,2021-01-01 11:35:53,114.02958816660271,551e7d4abb42685752e94f**********,114.03605517053691,22.607245197978617,,POINT (114.03605517053691 22.60363462863216)
2021-01-01 11:28:36,22.670574549031404,2021-01-01 11:57:56,114.03479945357334,552fd20d4e030d9ca07871**********,114.04851351858646,22.651029791267206,,POINT (114.04851351858646 22.670574549031404)
2021-01-01 11:30:31,22.55339909128598,2021-01-01 11:45:36,114.05827314979393,9e63d7a77ef41fcdd2c6d0**********,114.04441363293903,22.551505106709666,,POINT (114.04441363293903 22.55339909128598)
2021-01-01 11:31:25,22.546730842110936,2021-01-01 11:41:28,114.11747946466252,98338cfef9dec4b7b88407**********,114.11799152945973,22.54163775359372,,POINT (114.11799152945973 22.546730842110936)
2021-01-01 11:31:31,22.549378201339227,2021-01-01 11:54:29,114.09883242564791,b12c444f67b2a4735a9411**********,114.09940361207,22.569432593719522,,POINT (114.09940361207 22.549378201339227)
2021-01-01 11:31:31,22.54940120602521,2021-01-01 11:54:29,114.09885544684353,a3b6a8c993f057ef993cc0**********,114.09942663385667,22.5694555972485,,POINT (114.09942663385667 22.54940120602521)
2021-01-01 11:33:04,22.688009772083223,2021-01-01 11:39:38,113.99850560716503,c05aa67b92cb8531bc2c1d**********,114.00079749160986,22.681987812016896,,POINT (114.00079749160986 22.688009772083223)
2021-01-01 11:33:04,22.688042564786592,2021-01-01 11:39:38,113.99853842177667,d374b4f3dc40ec5850b73e**********,114.0008303065376,22.682020604643625,,POINT (114.0008303065376 22.688042564786592)
2021-01-01 11:34:00,22.620716082043696,2021-01-01 11:39:57,113.85668094492863,e1b4bc8d7b1e464d830641**********,113.85981579952556,22.616589287506777,,POINT (113.85981579952556 22.620716082043696)
2021-01-01 11:34:37,22.580239118797106,2021-01-01 12:07:45,113.89304306101533,2f0377eefe9762574cc887**********,113.91551152138176,22.587898526107256,,POINT (113.91551152138176 22.580239118797106)
2021-01-01 11:34:42,22.5129054510061,2021-01-01 11:58:49,113.9334311006869,60107f460c4ebb85190ddc**********,113.93365395832382,22.519617277812348,,POINT (113.93365395832382 22.5129054510061)
2021-01-01 11:36:56,22.52314704534212,2021-01-01 11:43:18,113.98585922783778,4222bef3a8ce84ce6a498e**********,113.98126485447033,22.523575863988775,,POINT (113.98126485447033 22.52314704534212)
2021-01-01 11:38:03,22.636128037921385,2021-01-01 11:49:21,114.05343779000677,c5ba9fcccfe79c3d0edc59**********,114.05537274607875,22.65378487071481,,POINT (114.05537274607875 22.636128037921385)
2021-01-01 11:38:49,22.513402006581074,2021-01-01 11:44:19,114.03771044200312,d1afdefda3612bd4814d1c**********,114.03954139001556,22.51439045680074,,POINT (114.03954139001556 22.513402006581074)
2021-01-01 11:39:35,22.56859439063595,2021-01-01 11:46:15,113.85392897170114,5afc39a65a8626145b0140**********,113.86298118470947,22.569330130088844,,POINT (113.86298118470947 22.56859439063595)
2021-01-01 11:40:33,22.55144652520974,2021-01-01 11:44:21,113.945297121325,fe6a7aaa80aa6a1fc199f7**********,113.94914602309272,22.554842594074728,,POINT (113.94914602309272 22.55144652520974)
2021-01-01 11:43:17,22.65016696356274,2021-01-01 11:54:48,114.03527783022349,560fe7a7a6803ae2d63166**********,114.02287910708958,22.653777430174458,,POINT (114.02287910708958 22.65016696356274)
2021-01-01 11:43:17,22.65011960196054,2021-01-01 11:54:48,114.03523042058872,7ff6fbeb0dc83ac66a5a53**********,114.0228317143171,22.65373005306638,,POINT (114.0228317143171 22.65011960196054)
2021-01-01 11:43:40,22.56684273080751,2021-01-01 11:49:58,114.16956842702884,eaec5e6ddfeac2fa002acb**********,114.17061830522773,22.56976181609493,,POINT (114.17061830522773 22.56684273080751)
2021-01-01 11:43:40,22.566898530710876,2021-01-01 11:49:58,114.16962427468796,3142dfd4d25c9fcebb8b64**********,114.17067415268819,22.569817615934642,,POINT (114.17067415268819 22.566898530710876)
2021-01-01 11:43:53,22.524338656215523,2021-01-01 11:52:22,113.9164297712918,c9e469690142fc4a10707a**********,113.91440704140156,22.519981106094406,,POINT (113.91440704140156 22.524338656215523)
2021-01-01 11:43:53,22.524369331055393,2021-01-01 11:52:22,113.91646046245862,e03b334aeebce8ddb86248**********,113.91443773554806,22.520011778320054,,POINT (113.91443773554806 22.524369331055393)
2021-01-01 11:43:59,22.571150414432616,2021-01-01 11:54:48,114.0556403737973,dcfbacedb4119e24408aaf**********,114.06723511032055,22.573080142567534,,POINT (114.06723511032055 22.571150414432616)
2021-01-01 11:44:20,22.587529733923876,2021-01-01 11:56:16,114.11997924578829,cff621529db9c3e8ff398c**********,114.11188398654222,22.591068128775593,,POINT (114.11188398654222 22.587529733923876)
2021-01-01 11:44:36,22.537355670678473,2021-01-01 12:01:41,114.0245553163603,847f33acbea9f30275480e**********,114.02478035571663,22.532471436958293,,POINT (114.02478035571663 22.537355670678473)
2021-01-01 11:45:02,22.65779911966415,2021-01-01 11:50:39,114.0727554386418,0c1f9ad119e50e6ae8fece**********,114.07399231559421,22.6540489014156,,POINT (114.07399231559421 22.65779911966415)
2021-01-01 11:46:13,22.636165083626764,2021-01-01 11:52:52,114.04580755353271,848053e8387d2705c25adc**********,114.05511287016311,22.640482207429784,,POINT (114.05511287016311 22.636165083626764)
2021-01-01 11:47:56,22.557277145276863,2021-01-01 11:53:16,114.03148899263317,6ca846444b7feccfb7a690**********,114.03747141494601,22.558877035159366,,POINT (114.03747141494601 22.557277145276863)
2021-01-01 11:48:06,22.615384955,2021-01-01 11:59:56,114.03655164298955,5ecdd6328446506d18551c**********,114.04089428427653,22.605190095390483,,POINT (114.04089428427653 22.615384955)
2021-01-01 11:48:06,22.615440922753038,2021-01-01 11:59:56,114.03660763878759,8b1445627f4053b4b1c6b9**********,114.04095028864144,22.605246055861922,,POINT (114.04095028864144 22.615440922753038)
2021-01-01 11:48:12,22.68808752789907,2021-01-01 12:05:58,113.9911819658295,3141222f7f8507b3e1998a**********,113.98770737276335,22.679706559473352,,POINT (113.98770737276335 22.68808752789907)
2021-01-01 11:48:12,22.688059419637355,2021-01-01 12:05:58,113.99115383899877,00958b855574efa53f9c34**********,113.98767924545146,22.679678451407778,,POINT (113.98767924545146 22.688059419637355)
2021-01-01 11:48:49,22.647662540565154,2021-01-01 11:56:06,114.04405092156557,9345964c10a9793bffa0de**********,114.04345225369379,22.6409624003866,,POINT (114.04345225369379 22.647662540565154)
2021-01-01 11:49:53,22.68786028547892,2021-01-01 12:05:52,113.99120054013639,21348640ae9932ecc22e01**********,113.98792508867352,22.67968444824619,,POINT (113.98792508867352 22.68786028547892)
2021-01-01 11:49:57,22.62315498977315,2021-01-01 11:59:47,114.03150837304214,8cdae35223e3ed3942a957**********,114.03481465369428,22.63618199628738,,POINT (114.03481465369428 22.62315498977315)
2021-01-01 11:51:35,22.559239417435926,2021-01-01 11:54:32,114.04373437876284,0b12785393d9331e5257ba**********,114.04159123736669,22.557376371478835,,POINT (114.04159123736669 22.559239417435926)
2021-01-01 11:51:35,22.559317041473573,2021-01-01 11:54:32,114.04381205447136,a73af77636fd917f96b49d**********,114.04166890681677,22.557454001540346,,POINT (114.04166890681677 22.559317041473573)
2021-01-01 11:55:15,22.527477367568217,2021-01-01 12:24:55,114.03632341863234,df93c932d6befcbcc233ad**********,113.9954128015354,22.519347363888194,,POINT (113.9954128015354 22.527477367568217)
2021-01-01 11:55:20,22.681177015008036,2021-01-01 12:08:19,113.9343535824507,b894aef542bf332e5d4b29**********,113.93631738510301,22.692446505922028,,POINT (113.93631738510301 22.681177015008036)
2021-01-01 11:56:07,22.53573640096953,2021-01-01 12:00:44,113.98723894128254,0e11d480326a4423c5ab02**********,113.9909040048602,22.541278855997888,,POINT (113.9909040048602 22.53573640096953)
2021-01-01 11:56:20,22.61586342306889,2021-01-01 12:09:55,114.03961424370632,91839bf03dba22aefbd0c9**********,114.02685765969748,22.613454386878722,,POINT (114.02685765969748 22.61586342306889)
2021-01-01 11:56:20,22.61590311256255,2021-01-01 12:09:55,114.03965397400674,a5ad35e9d8c64f1f67a83d**********,114.02689737396906,22.613494091425093,,POINT (114.02689737396906 22.61590311256255)
2021-01-01 11:56:46,22.569595372157675,2021-01-01 12:00:00,113.86540248649605,d241c8446206dabb71d399**********,113.86369520961836,22.57146964808681,,POINT (113.86369520961836 22.569595372157675)
2021-01-01 11:57:11,22.677779512504685,2021-01-01 12:53:07,113.81387140393866,78339cffaf0704728bf26d**********,113.80034029295653,22.664411643883334,,POINT (113.80034029295653 22.677779512504685)
2021-01-01 11:57:11,22.677780313677978,2021-01-01 12:53:07,113.8138722060128,7095d1b19624d618c76acd**********,113.80034109487998,22.664412445200263,,POINT (113.80034109487998 22.677780313677978)
2021-01-01 11:57:40,22.67613086350812,2021-01-01 12:03:35,114.02371188303192,c230c52dfb6d1a14b4bb89**********,114.03097383912817,22.676921724964252,,POINT (114.03097383912817 22.67613086350812)
2021-01-01 11:57:45,22.621161339174527,2021-01-01 12:11:21,114.03190970873867,0ca5c6718d7380e829cab8**********,114.03566907085087,22.63756512131248,,POINT (114.03566907085087 22.621161339174527)
2021-01-01 11:57:45,22.621150865797315,2021-01-01 12:11:21,114.03189922983232,5825e0edc60a5c5f56e2fc**********,114.03565859067888,22.6375546493209,,POINT (114.03565859067888 22.621150865797315)
2021-01-01 11:58:05,22.676187314747487,2021-01-01 12:12:10,113.99317271378214,cc4bfbb0f21903aabbfdfe**********,114.00936019301457,22.66695963278789,,POINT (114.00936019301457 22.676187314747487)
2021-01-01 11:58:05,22.6761193313898,2021-01-01 12:12:10,113.99310469105698,a3e2b3dbbf57f4b707e13f**********,114.00929216408818,22.666891654463146,,POINT (114.00929216408818 22.6761193313898)
2021-01-01 11:59:36,22.528372481487168,2021-01-01 12:15:27,113.9605907427451,26497437dea16cb4cf1a65**********,113.96239469014431,22.521880332838965,,POINT (113.96239469014431 22.528372481487168)
2021-01-01 11:59:57,22.565172618881366,2021-01-01 12:08:11,113.88230257759612,1054a8d4b802eab7f3bfd1**********,113.88782934603613,22.55773340608498,,POINT (113.88782934603613 22.565172618881366)
2021-01-01 11:59:57,22.565076990058365,2021-01-01 12:08:11,113.88220685341248,74a2c236722c4797f1dc58**********,113.88773364455619,22.557637754980085,,POINT (113.88773364455619 22.565076990058365)
2021-01-01 12:00:22,22.63624244481636,2021-01-01 12:48:29,114.04357083641051,9f9c9b468e937552125c03**********,114.0541330041188,22.639306320642852,,POINT (114.0541330041188 22.63624244481636)
2021-01-01 12:01:13,22.653948083389665,2021-01-01 12:19:08,114.19171450580272,2293f4a7401ace4fabd992**********,114.19396387899955,22.651178962942893,,POINT (114.19396387899955 22.653948083389665)
2021-01-01 12:02:55,22.5401798865646,2021-01-01 12:05:41,113.94986995781048,29a457afd47ba2d88e950e**********,113.94519869951557,22.541865631169888,,POINT (113.94519869951557 22.5401798865646)
2021-01-01 12:03:01,22.523578315985244,2021-01-01 12:21:45,113.96294048979884,09d4bb03b8975de78109ab**********,113.96109113781071,22.533602952112474,,POINT (113.96109113781071 22.523578315985244)
2021-01-01 12:05:01,22.635133779808314,2021-01-01 12:09:55,114.03936989331079,72547da119b43f084a9a31**********,114.03947947711929,22.637121423606896,,POINT (114.03947947711929 22.635133779808314)
2021-01-01 12:06:16,22.66116612128607,2021-01-01 12:08:56,114.0658815865658,97144ce3aa68ff4eb31798**********,114.06194714066358,22.660841791282632,,POINT (114.06194714066358 22.66116612128607)
2021-01-01 12:06:27,22.643869877184954,2021-01-01 12:12:01,114.04459401266986,24c5c9020120f1332b9661**********,114.04575663633793,22.636620015748473,,POINT (114.04575663633793 22.643869877184954)
2021-01-01 12:06:27,22.643802128075748,2021-01-01 12:12:01,114.0445262191602,786d407dba4999f921027f**********,114.04568883976366,22.636552268913906,,POINT (114.04568883976366 22.643802128075748)
2021-01-01 12:06:37,22.68073416443489,2021-01-01 12:14:25,114.00718132036792,9771a4ebc9917f0cd2b7a5**********,113.9968180942325,22.67817022339,,POINT (113.9968180942325 22.68073416443489)
2021-01-01 12:06:37,22.68073416443489,2021-01-01 12:14:25,114.00718132036792,3d60d997bfca99bbf34f3b**********,113.9968180942325,22.67817022339,,POINT (113.9968180942325 22.68073416443489)
2021-01-01 12:06:37,22.6806405711171,2021-01-01 12:14:25,114.00708765835004,bae47d4d17251a08c96df1**********,113.99672443833667,22.678076624142513,,POINT (113.99672443833667 22.6806405711171)
2021-01-01 12:06:46,22.521493423848554,2021-01-01 12:21:02,113.94273731376644,057af9ad1a44b4f2944d02**********,113.93365993927273,22.519378895252764,,POINT (113.93365993927273 22.521493423848554)
2021-01-01 12:06:46,22.521469563332392,2021-01-01 12:21:02,113.94271344877143,631a42687d132cab8e0e57**********,113.93363606517555,22.51935504318727,,POINT (113.93363606517555 22.521469563332392)
2021-01-01 12:07:07,22.562451204024704,2021-01-01 12:48:58,114.15520544191958,89fa57c965410dd121eaa3**********,114.14533322087135,22.57082339570913,,POINT (114.14533322087135 22.562451204024704)
2021-01-01 12:08:02,22.52217330633513,2021-01-01 12:40:20,114.04885135964759,071e9b3592f8177ef4f1f3**********,114.03958415775435,22.536025909293702,,POINT (114.03958415775435 22.52217330633513)
2021-01-01 12:08:29,22.54930411591552,2021-01-01 12:38:46,114.10647817621248,ba36beef8364ed2367464c**********,114.0818892569334,22.54482786029563,,POINT (114.0818892569334 22.54930411591552)
2021-01-01 12:08:29,22.549370378304957,2021-01-01 12:38:46,114.10654455965646,7b1b1ea91feb434ec07f43**********,114.0819555650945,22.544894193543374,,POINT (114.0819555650945 22.549370378304957)
2021-01-01 12:08:45,22.585691726491163,2021-01-01 12:32:26,113.87638049822637,00e5a0dd9cfec1fd59cf54**********,113.88962825516705,22.599584981399598,,POINT (113.88962825516705 22.585691726491163)
2021-01-01 12:09:23,22.58660995337953,2021-01-01 12:18:33,113.9146232910659,aa0341f2f0abd834948c30**********,113.92460506700847,22.58437506142622,,POINT (113.92460506700847 22.58660995337953)
2021-01-01 12:11:25,22.64008793837387,2021-01-01 12:17:29,114.05671749591141,238e9cbef5f04a66630433**********,114.05221845079484,22.63653576957506,,POINT (114.05221845079484 22.64008793837387)
2021-01-01 12:12:33,22.5596786434683,2021-01-01 12:19:43,114.23008901695667,b09c7e901a71d287f7e759**********,114.23823231682944,22.553518354590516,,POINT (114.23823231682944 22.5596786434683)
2021-01-01 12:14:13,22.636552009419148,2021-01-01 12:20:09,114.0542819758316,6adda5cfd527fca948a2b0**********,114.05617083766057,22.639652589914895,,POINT (114.05617083766057 22.636552009419148)
2021-01-01 12:15:22,22.672136586132204,2021-01-01 12:34:01,114.0320952574059,20eca84ae024ee2512452c**********,114.0392164269637,22.660415445022164,,POINT (114.0392164269637 22.672136586132204)
2021-01-01 12:16:42,22.53377542963399,2021-01-01 12:32:37,113.91010964994808,356953235651b452a6c9fb**********,113.9100918155555,22.5337285516282,,POINT (113.9100918155555 22.53377542963399)
2021-01-01 12:17:16,22.467002858154537,2021-01-01 12:44:57,113.8858082021933,2daa20ff4561a1bda9d4c0**********,113.89034656768312,22.482710356356144,,POINT (113.89034656768312 22.467002858154537)
2021-01-01 12:19:40,22.571129778203613,2021-01-01 12:24:59,114.11823131687561,d0fabd18e42297b7e78735**********,114.12007691142507,22.571684650894717,,POINT (114.12007691142507 22.571129778203613)
2021-01-01 12:19:40,22.571162509841354,2021-01-01 12:24:59,114.11826407328539,cb801dfbf46df5f486e105**********,114.12010967001365,22.571717380460086,,POINT (114.12010967001365 22.571162509841354)
2021-01-01 12:19:40,22.569763929323134,2021-01-01 12:25:08,114.11797406685882,3350182b8fe83729cb35be**********,114.12191314128454,22.571556506822056,,POINT (114.12191314128454 22.569763929323134)
2021-01-01 12:23:02,22.558712535478865,2021-01-01 12:48:18,114.06900353477874,2bcbdf6334e3355a6c492f**********,114.08565212690067,22.56878328010909,,POINT (114.08565212690067 22.558712535478865)
2021-01-01 12:23:31,22.5449757872885,2021-01-01 12:31:57,113.9440806632652,7fe9149d07d45b224d9370**********,113.94890899397028,22.553111712020797,,POINT (113.94890899397028 22.5449757872885)
2021-01-01 12:23:31,22.545056304731634,2021-01-01 12:31:57,113.94416124057396,035297981d65c96c1992eb**********,113.94898955654429,22.553192242392573,,POINT (113.94898955654429 22.545056304731634)
2021-01-01 12:26:12,22.653722361894896,2021-01-01 12:38:00,113.90884925053092,f1d2d928a51e2b8520cf57**********,113.91627521663611,22.65424018165527,,POINT (113.91627521663611 22.653722361894896)
2021-01-01 12:26:19,22.550306698613642,2021-01-01 13:37:26,113.85664935342287,240db0bc064268aa041d69**********,113.89900619714153,22.60983327222215,,POINT (113.89900619714153 22.550306698613642)
2021-01-01 12:26:32,22.66571560773225,2021-01-01 12:31:22,114.0378146332086,42ec2530be22e46f5444eb**********,114.03128175174346,22.65802804728284,,POINT (114.03128175174346 22.66571560773225)
2021-01-01 12:26:32,22.665785916168886,2021-01-01 12:31:22,114.03788500527432,0cc56ec523ae8c0d332ce3**********,114.03135210881948,22.65809837029975,,POINT (114.03135210881948 22.665785916168886)
2021-01-01 12:28:03,22.536631311316555,2021-01-01 12:40:18,113.91850878420298,f1088e8b7f8d57156a28f2**********,113.91973346919683,22.547193663533367,,POINT (113.91973346919683 22.536631311316555)
2021-01-01 12:28:36,22.563484514201907,2021-01-01 12:34:15,114.03435860627314,af4f075d27242ae58aa1f8**********,114.03760886881581,22.56259453357379,,POINT (114.03760886881581 22.563484514201907)
2021-01-01 12:28:37,22.563933316866844,2021-01-01 12:50:42,113.9478579332198,70f334d3803b50fc8033a1**********,113.97578461829127,22.571509293426974,,POINT (113.97578461829127 22.563933316866844)
2021-01-01 12:28:50,22.565368940277413,2021-01-01 12:40:39,113.88510205930423,45317fb1c27f100bcdee52**********,113.88405664333145,22.55988731029092,,POINT (113.88405664333145 22.565368940277413)
2021-01-01 12:29:28,22.593997621492967,2021-01-01 13:02:34,113.87534269037528,ce4cabceded2a189860170**********,113.89121895057612,22.601933164401828,,POINT (113.89121895057612 22.593997621492967)
2021-01-01 12:30:07,22.564489282075723,2021-01-01 12:37:29,114.03523314352765,59a11900b5544bb80df91b**********,114.03547921906271,22.56060605948761,,POINT (114.03547921906271 22.564489282075723)
2021-01-01 12:30:15,22.544152085584077,2021-01-01 12:43:55,114.00839264474327,23f78a124f4caa9726f0ca**********,114.01730383579947,22.553346160803226,,POINT (114.01730383579947 22.544152085584077)
2021-01-01 12:30:16,22.581826390707707,2021-01-01 12:35:16,113.85703289016033,793751626eddb3ab5ef80b**********,113.85511515099446,22.576685793858175,,POINT (113.85511515099446 22.581826390707707)
2021-01-01 12:30:18,22.69053950109285,2021-01-01 13:04:39,113.89815483084828,b5eb4794ec280a951d0dd1**********,113.9210011379083,22.719431705606578,,POINT (113.9210011379083 22.69053950109285)
2021-01-01 12:30:46,22.572883071858932,2021-01-01 12:34:21,113.94322623309489,c4f72f7319fb31797522d6**********,113.94338161800226,22.572988351371226,,POINT (113.94338161800226 22.572883071858932)
2021-01-01 12:32:04,22.52807004380534,2021-01-01 12:38:40,113.96393532430103,fac07b2e22687cf9521928**********,113.96789089237869,22.53504375746985,,POINT (113.96789089237869 22.52807004380534)
2021-01-01 12:32:04,22.52807004380534,2021-01-01 12:38:40,113.96393532430103,92aff40811aadd170ede15**********,113.96789089237869,22.53504375746985,,POINT (113.96789089237869 22.52807004380534)
2021-01-01 12:32:04,22.528008714437167,2021-01-01 12:38:40,113.96387395812577,b7f2de5ffd46d3f9bbbae6**********,113.96782953224977,22.534982423005488,,POINT (113.96782953224977 22.528008714437167)
2021-01-01 12:32:08,22.571153060626315,2021-01-01 12:36:28,113.95455694626695,57232f08d48dae5b9878e7**********,113.95645386916216,22.57443632612744,,POINT (113.95645386916216 22.571153060626315)
2021-01-01 12:32:08,22.571053812818196,2021-01-01 12:36:28,113.95445763499849,423727cbb22f79161000b2**********,113.95635456400377,22.574337073022637,,POINT (113.95635456400377 22.571053812818196)
2021-01-01 12:32:33,22.611284913589923,2021-01-01 12:49:52,114.131961249097,d30708586c1979c04b2f4d**********,114.11565050451547,22.616317317205613,,POINT (114.11565050451547 22.611284913589923)
2021-01-01 12:32:33,22.611322442217247,2021-01-01 12:49:52,114.13199883046887,df7edbd78e2ebec397a57e**********,114.11568806560895,22.616354864689928,,POINT (114.11568806560895 22.611322442217247)
2021-01-01 12:32:41,22.67148662712662,2021-01-01 12:46:46,113.9882986592578,f8f1c35d82413c40739b9e**********,113.98578672012566,22.676662259944834,,POINT (113.98578672012566 22.67148662712662)
2021-01-01 12:32:41,22.671489617462303,2021-01-01 12:46:46,113.98830165151439,46aa20b0d9d6bc8ae58539**********,113.98578971243609,22.676665250212775,,POINT (113.98578971243609 22.671489617462303)
2021-01-01 12:32:53,22.661147609089387,2021-01-01 12:39:19,114.06599461796294,63d3f72f390b7c012fd8c2**********,114.06606135289859,22.659212808156663,,POINT (114.06606135289859 22.661147609089387)
2021-01-01 12:34:23,22.54710366721577,2021-01-01 12:43:56,114.00062040860415,bc10086ed076bbf513d3c5**********,114.00455573396502,22.546907111142737,,POINT (114.00455573396502 22.54710366721577)
2021-01-01 12:34:23,22.547050729962393,2021-01-01 12:43:56,114.00056744580989,130219738cce2f82123da5**********,114.00450276974502,22.546854175197208,,POINT (114.00450276974502 22.547050729962393)
2021-01-01 12:35:56,22.64580727359775,2021-01-01 13:09:34,114.02128463798178,b741d196dd876e979828eb**********,114.03971070920923,22.671244477284116,,POINT (114.03971070920923 22.64580727359775)
2021-01-01 12:36:17,22.63171801050512,2021-01-01 12:41:31,114.057683710969,97b79b24f45b8cd4126b61**********,114.05554293506911,22.633176458244144,,POINT (114.05554293506911 22.63171801050512)
2021-01-01 12:36:22,22.494960814936015,2021-01-01 13:05:46,113.91444713848315,590cedc28920e2406f5d7a**********,113.92593317575397,22.527790881056642,,POINT (113.92593317575397 22.494960814936015)
2021-01-01 12:36:25,22.520757830925913,2021-01-01 12:38:25,114.04497952203066,8c87659871c1b914b12b79**********,114.0430810835,22.51932485284167,,POINT (114.0430810835 22.520757830925913)
2021-01-01 12:36:34,22.56561775700142,2021-01-01 14:37:49,114.1384050024098,88f7191c447d6e840ede9a**********,114.14177699280349,22.569675972679747,,POINT (114.14177699280349 22.56561775700142)
2021-01-01 12:36:49,22.51460290797503,2021-01-01 12:41:35,113.93944461513827,4367676e2bfa17dc79cca0**********,113.93914124257255,22.51419464914186,,POINT (113.93914124257255 22.51460290797503)
2021-01-01 12:37:30,22.69285430273872,2021-01-01 13:02:38,114.04082914399659,8d922efd31ad1242a5eba7**********,114.04499465468093,22.67581456787531,,POINT (114.04499465468093 22.69285430273872)
2021-01-01 12:37:45,22.522685143481812,2021-01-01 12:40:12,113.95322515498025,57d9aa0134997d43518ecb**********,113.95344228465311,22.522996480676504,,POINT (113.95344228465311 22.522685143481812)
2021-01-01 12:38:12,22.608908420069874,2021-01-01 12:46:57,114.03905702345665,e0299e7a586c72f4199eb7**********,114.03148409755688,22.611421467475807,,POINT (114.03148409755688 22.608908420069874)
2021-01-01 12:38:12,22.608897449160107,2021-01-01 12:46:57,114.03904604294799,2e1ee85589c59c27f3a6f2**********,114.03147311979328,22.611410494041863,,POINT (114.03147311979328 22.608897449160107)
2021-01-01 12:38:41,22.67112457229512,2021-01-01 12:53:16,114.0667904043152,21aca5c53974fc3ce19204**********,114.04982295169992,22.660291083635745,,POINT (114.04982295169992 22.67112457229512)
2021-01-01 12:38:41,22.67118424677699,2021-01-01 12:53:16,114.06685016833568,fb281155a254fe19ebaf64**********,114.04988267053665,22.66035080099153,,POINT (114.04988267053665 22.67118424677699)
2021-01-01 12:38:45,22.534738320804546,2021-01-01 13:34:48,113.88458445757297,236734dd2e724b0480e2fc**********,113.89261507397381,22.500370663845665,,POINT (113.89261507397381 22.534738320804546)
2021-01-01 12:39:57,22.640558857710186,2021-01-01 12:59:50,114.01776142159466,f259f46094df76506540f1**********,114.02407518248398,22.62350363716726,,POINT (114.02407518248398 22.640558857710186)
2021-01-01 12:40:01,22.522401062507303,2021-01-01 12:57:22,113.96071391051865,a035c1c3683c33e9715b9e**********,113.97828896326178,22.52192117613407,,POINT (113.97828896326178 22.522401062507303)
2021-01-01 12:40:01,22.52234084088094,2021-01-01 12:57:22,113.96065363656548,644cdef6e1c92f8ef6dc9d**********,113.97822871264104,22.521860932633768,,POINT (113.97822871264104 22.52234084088094)
2021-01-01 12:42:05,22.515095006380676,2021-01-01 12:59:47,113.91034289329002,9be05a7633d43a5607c5d1**********,113.90647495579212,22.532207091117993,,POINT (113.90647495579212 22.515095006380676)
2021-01-01 12:42:35,22.627464114091932,2021-01-01 12:48:52,114.03193613230509,aa868cf4bd8c0359dc20d2**********,114.03342581038687,22.639328658372275,,POINT (114.03342581038687 22.627464114091932)
2021-01-01 12:43:27,22.564525527449163,2021-01-01 13:13:03,114.02840767315872,24b0db4f674490d284bfdc**********,114.03215717298893,22.568251892843524,,POINT (114.03215717298893 22.564525527449163)
2021-01-01 12:43:27,22.56456831727818,2021-01-01 13:13:03,114.0284504826279,50b21d44510e9b44f538f6**********,114.03219998721696,22.568294678032583,,POINT (114.03219998721696 22.56456831727818)
2021-01-01 12:45:22,22.61244619270762,2021-01-01 12:50:27,114.03840523449007,6782f893da712810495723**********,114.03479176418129,22.61419490410713,,POINT (114.03479176418129 22.61244619270762)
2021-01-01 12:45:34,22.734441166788557,2021-01-01 13:03:10,114.2811717990282,a5262922ec111b6c8c89f5**********,114.26126625290735,22.749579196013798,,POINT (114.26126625290735 22.734441166788557)
2021-01-01 12:45:56,22.658837327958093,2021-01-01 12:54:01,114.02134794659602,9de52a2f91760db366a2e3**********,114.01758206974752,22.65265872430357,,POINT (114.01758206974752 22.658837327958093)
2021-01-01 12:46:38,22.53556338938249,2021-01-01 13:34:30,113.9114593337296,04887fe7da982e39fc4c9c**********,113.93689545336797,22.508361957362112,,POINT (113.93689545336797 22.53556338938249)
2021-01-01 12:46:46,22.529905928294095,2021-01-01 12:59:55,114.03373532042495,e52343e6d0fad39aa87f88**********,114.01654181925872,22.518221699353813,,POINT (114.01654181925872 22.529905928294095)
2021-01-01 12:50:39,22.655259481937577,2021-01-01 12:52:34,114.05894969126399,366064da3d93612d6d97d9**********,114.05966599782198,22.651891078659435,,POINT (114.05966599782198 22.655259481937577)
2021-01-01 12:51:02,22.528389825251487,2021-01-01 12:56:50,113.96211141382,f736a269d54aeeb80599b6**********,113.96212391018854,22.536747775183937,,POINT (113.96212391018854 22.528389825251487)
2021-01-01 12:51:41,22.518257684132575,2021-01-01 13:02:07,113.93817907757372,0fafdae260322a0dbb85dd**********,113.94371866784425,22.51089028822414,,POINT (113.94371866784425 22.518257684132575)
2021-01-01 12:51:57,22.638078985431026,2021-01-01 12:58:33,114.0081437137138,109c34acf676df37c3b64e**********,114.00254087809607,22.638700537679547,,POINT (114.00254087809607 22.638078985431026)
2021-01-01 12:53:13,22.546580598559437,2021-01-01 14:27:44,114.11265380071018,fe82d630713c1b163b5725**********,114.11186395807093,22.547628408912125,,POINT (114.11186395807093 22.546580598559437)
2021-01-01 12:53:28,22.634953882903364,2021-01-01 13:13:15,114.11240965461788,596a7c58b780599d0a095e**********,114.12630861826327,22.611324986667977,,POINT (114.12630861826327 22.634953882903364)
2021-01-01 12:53:28,22.635037073125297,2021-01-01 13:13:15,114.11249287958628,f9e6e4551231d64a425086**********,114.1263918847083,22.611408140322997,,POINT (114.1263918847083 22.635037073125297)
2021-01-01 12:54:06,22.63064423673227,2021-01-01 13:26:23,113.97113019217994,8cfd4a13504271b35659f3**********,113.93759322079285,22.624109959141087,,POINT (113.93759322079285 22.63064423673227)
2021-01-01 12:56:36,22.69489075396784,2021-01-01 13:12:20,113.991014641943,d609f56e30205cd0953b0b**********,113.98683848053118,22.67999016115949,,POINT (113.98683848053118 22.69489075396784)
2021-01-01 12:58:08,22.570983893381385,2021-01-01 14:27:47,114.14547588885782,8f1d9b6dad40e0210de76c**********,114.15535451861545,22.562966731411592,,POINT (114.15535451861545 22.570983893381385)
2021-01-01 12:58:24,22.5457300680875,2021-01-01 13:09:28,114.11797836685426,96475daa2a3cc4541714f5**********,114.12621041391249,22.548259921234873,,POINT (114.12621041391249 22.5457300680875)
2021-01-01 12:58:37,22.55715002994341,2021-01-01 13:16:37,114.24999143857508,2b05580fe122bcdcbe6757**********,114.22635261421055,22.572399329071306,,POINT (114.22635261421055 22.55715002994341)
2021-01-01 13:02:52,22.525391193610734,2021-01-01 13:09:00,113.99061060493754,b816f3ccae1198000cba62**********,113.99068461483999,22.524725945191683,,POINT (113.99068461483999 22.525391193610734)
2021-01-01 13:04:22,22.694844831203593,2021-01-01 13:18:40,113.9582357286769,9bb89720bf3c404c8b1f55**********,113.95800622309929,22.69759261959637,,POINT (113.95800622309929 22.694844831203593)
2021-01-01 13:04:22,22.694844831203593,2021-01-01 13:18:40,113.9582357286769,7dc41a0cdcf937874f3919**********,113.95800622309929,22.69759261959637,,POINT (113.95800622309929 22.694844831203593)
2021-01-01 13:04:22,22.69481710709454,2021-01-01 13:18:40,113.95820798475754,d17591459ca051fb2d3b75**********,113.95797847898304,22.69756489575242,,POINT (113.95797847898304 22.69481710709454)
2021-01-01 13:04:57,22.522256499569167,2021-01-01 13:07:10,113.97847846560298,46981ce740adc38875dc8e**********,113.97813099394719,22.521612867055865,,POINT (113.97813099394719 22.522256499569167)
2021-01-01 13:05:29,22.675553654297786,2021-01-01 13:13:04,114.041463848968,90d63d2f0ded895de3e594**********,114.03623275591335,22.67439876692759,,POINT (114.03623275591335 22.675553654297786)
2021-01-01 13:06:10,22.67483540003831,2021-01-01 13:31:55,114.04739055764594,f890eb00f1b60127787261**********,114.04094320048098,22.67135408545363,,POINT (114.04094320048098 22.67483540003831)
2021-01-01 13:06:24,22.677815839156057,2021-01-01 13:15:30,113.98469238556304,7a5464bb9cecc98ce505b0**********,113.99193255295117,22.67212431871908,,POINT (113.99193255295117 22.677815839156057)
2021-01-01 13:06:24,22.677747263449255,2021-01-01 13:15:30,113.98462376123362,fd4aaaddba458dd9023d56**********,113.9918639316151,22.67205573976553,,POINT (113.9918639316151 22.677747263449255)
2021-01-01 13:07:01,22.653454842921775,2021-01-01 13:27:46,114.06403215761122,db8e3c6a16805efa8ba6a3**********,114.06105659375427,22.633550295856963,,POINT (114.06105659375427 22.653454842921775)
2021-01-01 13:07:11,22.522172298634487,2021-01-01 13:15:43,113.92747447591842,0f8762f2cc525b860fa7a3**********,113.93621009748968,22.517738320666414,,POINT (113.93621009748968 22.522172298634487)
2021-01-01 13:07:11,22.52209104151084,2021-01-01 13:15:43,113.92739314142159,106145ac64bc3dfac5c41c**********,113.93612879461229,22.517657033470584,,POINT (113.93612879461229 22.52209104151084)
2021-01-01 13:08:19,22.60634409675977,2021-01-01 13:10:53,114.11593776995099,1133e7faaa4e7dd369f2e5**********,114.11563508998331,22.609315555030495,,POINT (114.11563508998331 22.60634409675977)
2021-01-01 13:09:19,22.646679519749075,2021-01-01 13:44:29,113.92047911847536,614d043b2256760c4cd8fe**********,113.92294007462458,22.64917601364619,,POINT (113.92294007462458 22.646679519749075)
2021-01-01 13:09:57,22.584796046111194,2021-01-01 13:12:18,113.85890614386717,037089d836927c1793dc99**********,113.85843139045167,22.585402401162707,,POINT (113.85843139045167 22.584796046111194)
2021-01-01 13:12:02,22.693148637355304,2021-01-01 13:30:22,113.98707348074424,646214e82b0ff0d65a604b**********,113.99343210137876,22.697040635807785,,POINT (113.99343210137876 22.693148637355304)
2021-01-01 13:12:02,22.693136975731637,2021-01-01 13:30:22,113.98706181085463,e87d6a678f0df367d41f92**********,113.99342043180279,22.69702897393671,,POINT (113.99342043180279 22.693136975731637)
2021-01-01 13:12:25,22.604804878413002,2021-01-01 13:21:31,114.10666501939735,0beb8e573a07e3e33870d9**********,114.11314494052796,22.601578691918597,,POINT (114.11314494052796 22.604804878413002)
2021-01-01 13:12:41,22.578731287849173,2021-01-01 13:19:27,113.84494798994825,5ad4380efd512a8cd9a2e5**********,113.85004163313124,22.575669614773734,,POINT (113.85004163313124 22.578731287849173)
2021-01-01 13:13:34,22.56668931285324,2021-01-01 13:19:33,114.12265182874123,b0a8d2ccd85b718bfbed89**********,114.11825965189092,22.569883818512974,,POINT (114.11825965189092 22.56668931285324)
2021-01-01 13:13:34,22.56677579169055,2021-01-01 13:19:33,114.12273839135973,59dd89a23e43223654555a**********,114.11834620110662,22.569970309598048,,POINT (114.11834620110662 22.56677579169055)
2021-01-01 13:13:54,22.649439359442443,2021-01-01 13:23:10,114.03950811280016,5a7d754d09e40641f285e4**********,114.03708463364981,22.657271304024245,,POINT (114.03708463364981 22.649439359442443)
2021-01-01 13:14:07,22.56840135742686,2021-01-01 13:30:06,114.03695870930291,7aec74362812df4bae9e13**********,114.03708843946376,22.568418328410754,,POINT (114.03708843946376 22.56840135742686)
2021-01-01 13:14:09,22.52441327086809,2021-01-01 13:17:27,113.98602991935466,5dfa76c15885c4498e5cb4**********,113.98868469264528,22.52343735617864,,POINT (113.98868469264528 22.52441327086809)
2021-01-01 13:14:13,22.731717709046038,2021-01-01 13:15:30,113.84520642636991,41f2436e3943126706bed5**********,113.84515395174918,22.731825047395187,,POINT (113.84515395174918 22.731717709046038)
2021-01-01 13:14:13,22.731707594734655,2021-01-01 13:15:30,113.84519630165008,46ea4af005301316c28c4c**********,113.84514382701994,22.731814933093954,,POINT (113.84514382701994 22.731707594734655)
2021-01-01 13:14:24,22.517260304111993,2021-01-01 13:29:42,113.88972818259919,2f194cb12571a51395df53**********,113.90953480455217,22.546059637613038,,POINT (113.90953480455217 22.517260304111993)
2021-01-01 13:15:41,22.56069819290154,2021-01-01 13:23:06,114.06318836796821,f0ddb8f33c34d377e6b8a0**********,114.06655120712215,22.56100328327671,,POINT (114.06655120712215 22.56069819290154)
2021-01-01 13:16:05,22.56179758136774,2021-01-01 14:09:30,114.21780136292563,f1b11f5ac47f35a06d21ac**********,114.23167993050959,22.556966992318596,,POINT (114.23167993050959 22.56179758136774)
2021-01-01 13:16:10,22.56951778843058,2021-01-01 13:24:09,114.1246420752284,bdf2267bef3bb1c7987c91**********,114.12304388644787,22.56008531517275,,POINT (114.12304388644787 22.56951778843058)
2021-01-01 13:16:49,22.55503613148953,2021-01-01 13:24:58,113.89551751230809,f68bbdfbf32768ae30fc2a**********,113.90025735591576,22.55266706923302,,POINT (113.90025735591576 22.55503613148953)
2021-01-01 13:16:49,22.555076822378496,2021-01-01 13:24:58,113.89555824121415,61518c46f678e5d4515503**********,113.90029807577496,22.552707768737882,,POINT (113.90029807577496 22.555076822378496)
2021-01-01 13:17:38,22.563769297396334,2021-01-01 13:24:00,114.16829584001819,d8ef5d13a326571cfd884a**********,114.16818029937824,22.566776314190882,,POINT (114.16818029937824 22.563769297396334)
2021-01-01 13:18:06,22.557323615913912,2021-01-01 13:26:40,114.23172230068732,843d441a3d7741692c004d**********,114.2322715565495,22.549286045451126,,POINT (114.2322715565495 22.557323615913912)
2021-01-01 13:20:40,22.546147994496117,2021-01-01 13:45:08,113.9445654715051,b8e545cc7b9b484980db9e**********,113.95101933605439,22.560840757174596,,POINT (113.95101933605439 22.546147994496117)
2021-01-01 13:21:38,22.658686732308965,2021-01-01 13:27:05,114.03069835122517,5cd44229c9e24af45cf188**********,114.03679794124521,22.66500107985399,,POINT (114.03679794124521 22.658686732308965)
2021-01-01 13:21:45,22.62876759550882,2021-01-01 13:33:58,114.05252760363474,e605da686ca8e735118cc5**********,114.05587926708563,22.636723942251148,,POINT (114.05587926708563 22.62876759550882)
2021-01-01 13:21:54,22.678400856627903,2021-01-01 13:43:46,114.00053232174501,6da8c8dba49d7a01c9afcc**********,113.98739871537613,22.658062243942545,,POINT (113.98739871537613 22.678400856627903)
2021-01-01 13:22:59,22.640338563246917,2021-01-01 13:33:24,114.04814071344748,03de7b1b1f0c8789045dc5**********,114.04047465833573,22.637871117313807,,POINT (114.04047465833573 22.640338563246917)
2021-01-01 13:22:59,22.64034644426584,2021-01-01 13:33:24,114.04814860217667,f07cd452b5b66262d2f067**********,114.04048254473828,22.637879000524514,,POINT (114.04048254473828 22.64034644426584)
2021-01-01 13:25:00,22.65790234901848,2021-01-01 13:53:11,114.0149163912595,1d6f8dabc4c058ee682261**********,114.03803794062526,22.660755049098555,,POINT (114.03803794062526 22.65790234901848)
2021-01-01 13:27:05,22.670785424893168,2021-01-01 13:42:27,114.03538623876479,009d4202d2acc01baec478**********,114.04779667201265,22.675400246768426,,POINT (114.04779667201265 22.670785424893168)
2021-01-01 13:28:09,22.63562609529691,2021-01-01 13:39:14,114.03030470619971,0cd491a1c8406de153dddb**********,114.02437838758922,22.647502379548925,,POINT (114.02437838758922 22.63562609529691)
2021-01-01 13:28:15,22.51501605310457,2021-01-01 13:53:29,113.91623021565503,3d38be7e669b9b3c7e0c9d**********,113.90890173813298,22.49300784001409,,POINT (113.90890173813298 22.51501605310457)
2021-01-01 13:28:15,22.51500555895966,2021-01-01 13:53:29,113.91621971856313,cd4fd16b3410c1c8d05b6d**********,113.90889123733956,22.492997349030375,,POINT (113.90889123733956 22.51500555895966)
2021-01-01 13:28:28,22.525791256520034,2021-01-01 13:40:15,114.07183201839943,8e41324a72463a62f9b4c1**********,114.06340775050602,22.529876684258248,,POINT (114.06340775050602 22.525791256520034)
2021-01-01 13:28:56,22.674712530926747,2021-01-01 13:45:18,114.0290593378622,3507fb8dc40efa8be56cb6**********,114.041456799889,22.669698191273305,,POINT (114.041456799889 22.674712530926747)
2021-01-01 13:28:56,22.674808200035493,2021-01-01 13:45:18,114.0291550371802,979e21c57fc146422e83fc**********,114.0415525383821,22.6697938244274,,POINT (114.0415525383821 22.674808200035493)
2021-01-01 13:29:58,22.671062350990592,2021-01-01 13:34:11,114.01237691895594,7a79df567a11a7bcfea1d0**********,114.01349093878233,22.672458835998334,,POINT (114.01349093878233 22.671062350990592)
2021-01-01 13:30:08,22.59838041601388,2021-01-01 13:31:42,114.25091875252834,6ea185a1a81cef45e17285**********,114.24815944616279,22.595764241060976,,POINT (114.24815944616279 22.59838041601388)
2021-01-01 13:30:11,22.55509389102789,2021-01-01 13:53:27,114.11731773376938,b85521e2226e9fedb7d418**********,114.12718208209996,22.552070209393502,,POINT (114.12718208209996 22.55509389102789)
2021-01-01 13:30:51,22.657914553535644,2021-01-01 13:47:09,114.01798413344797,16d9e0eaf95b73c5f2be31**********,114.02114876973596,22.64972793252802,,POINT (114.02114876973596 22.657914553535644)
2021-01-01 13:30:51,22.657960317700823,2021-01-01 13:47:09,114.01802992491444,f43c9f926eed8cf8ebc863**********,114.02119456430812,22.64977369423556,,POINT (114.02119456430812 22.657960317700823)
2021-01-01 13:31:09,22.537555194132487,2021-01-01 13:51:08,114.0759850402202,62f0b506a3896028c14d1c**********,114.05789346540371,22.543734676574942,,POINT (114.05789346540371 22.537555194132487)
2021-01-01 13:32:22,22.531618984000087,2021-01-01 13:38:56,113.90040899750478,e78e8dd173871fbfe54ace**********,113.90383366297978,22.53540886297705,,POINT (113.90383366297978 22.531618984000087)
2021-01-01 13:33:55,22.674459087443946,2021-01-01 13:49:34,113.99941310943753,ad380c4f5cb0afb6e640f7**********,114.00968934972565,22.6803882134721,,POINT (114.00968934972565 22.674459087443946)
2021-01-01 13:34:11,22.6914245770951,2021-01-01 14:04:18,113.78303970553148,d4967d423c5a5ef0b5546f**********,113.78193463081429,22.69097899291386,,POINT (113.78193463081429 22.6914245770951)
2021-01-01 13:34:11,22.691375926971496,2021-01-01 14:04:18,113.78299100983028,fe4b3a1dc49a1cfa44cf81**********,113.78188593677234,22.690930341273216,,POINT (113.78188593677234 22.691375926971496)
2021-01-01 13:35:54,22.65650677056065,2021-01-01 13:47:56,114.01418392727946,a1d9c8f06470595bd3d698**********,114.01994889244824,22.670758863875694,,POINT (114.01994889244824 22.65650677056065)
2021-01-01 13:35:54,22.65642302119802,2021-01-01 13:47:56,114.0141001319579,1ff1416a9a4b7a5bb79276**********,114.01986508774371,22.670675124597302,,POINT (114.01986508774371 22.65642302119802)
2021-01-01 13:36:09,22.62025161058382,2021-01-01 13:42:11,114.02283640896691,8bf551b063a64f5b1da2ca**********,114.01801093713165,22.615303044869503,,POINT (114.01801093713165 22.62025161058382)
2021-01-01 13:37:05,22.52546107762379,2021-01-01 13:49:53,113.93119258711538,d62a7678558758417f40dd**********,113.92940835342216,22.522125148772055,,POINT (113.92940835342216 22.52546107762379)
2021-01-01 13:37:16,22.578113673521276,2021-01-01 13:49:06,113.85688171849732,c0961aa8248b5598462a35**********,113.85772450177751,22.583502639819454,,POINT (113.85772450177751 22.578113673521276)
2021-01-01 13:37:16,22.578144414123184,2021-01-01 13:49:06,113.85691248555477,aab17e188e1c9d2fbe2bb3**********,113.85775526813295,22.58353338087464,,POINT (113.85775526813295 22.578144414123184)
2021-01-01 13:37:19,22.604231915704332,2021-01-01 14:09:17,113.83575679028681,a22f869d3f346fe1bc2dca**********,113.86151861682045,22.58945713510799,,POINT (113.86151861682045 22.604231915704332)
2021-01-01 13:38:30,22.526301059894845,2021-01-01 13:49:48,113.93132366172925,87c92b4ee4bac09a63a8fb**********,113.92966616421677,22.522368020775943,,POINT (113.92966616421677 22.526301059894845)
2021-01-01 13:39:02,22.644797037382464,2021-01-01 14:03:53,114.03032780442331,a46fb345165469b2214aad**********,114.0432406294338,22.64927639091368,,POINT (114.0432406294338 22.644797037382464)
2021-01-01 13:40:11,22.624870368515428,2021-01-01 13:47:02,113.82838472571224,f3304fcab768e967d34144**********,113.83339025713795,22.62482598804565,,POINT (113.83339025713795 22.624870368515428)
2021-01-01 13:41:58,22.520859977265953,2021-01-01 13:45:36,113.90830349127296,a7c3a9d73c45b6aad8c417**********,113.91302818007746,22.51557925723891,,POINT (113.91302818007746 22.520859977265953)
2021-01-01 13:41:58,22.520806717283406,2021-01-01 13:45:36,113.90825018565475,b6367f132a632eb32ecce2**********,113.91297488659484,22.515525985507693,,POINT (113.91297488659484 22.520806717283406)
2021-01-01 13:42:59,22.55422961154564,2021-01-01 13:50:22,114.2350336531304,26e093dd5af22ff5135edb**********,114.23529358076878,22.554563778687466,,POINT (114.23529358076878 22.55422961154564)
2021-01-01 13:42:59,22.66570482543985,2021-01-01 13:48:28,114.03468233975401,dbf833d277fa47abd1cd5e**********,114.03124769945457,22.66177400144192,,POINT (114.03124769945457 22.66570482543985)
2021-01-01 13:43:19,22.54007178871627,2021-01-01 14:11:53,113.94978256883616,e8743d5edb514b6ce289c0**********,113.91174431612139,22.543208650465427,,POINT (113.91174431612139 22.54007178871627)
2021-01-01 13:43:20,22.542467331230057,2021-01-01 13:54:31,113.9616261855034,7b46e01d0208f3f444e320**********,113.96337044341064,22.534057038896027,,POINT (113.96337044341064 22.542467331230057)
2021-01-01 13:45:32,22.652530668877105,2021-01-01 13:51:10,114.06210754789475,68039b6c1159b78a507afc**********,114.06342109118224,22.647744024611274,,POINT (114.06342109118224 22.652530668877105)
2021-01-01 13:45:32,22.652472857009762,2021-01-01 13:51:10,114.06204969549145,e6436b22b939e7609cfb8e**********,114.0633632352775,22.647686215686363,,POINT (114.0633632352775 22.652472857009762)
2021-01-01 13:45:43,22.568474724668175,2021-01-01 13:54:01,114.02839636662947,d9a2479d514fcd5bf5c2d4**********,114.03680393191809,22.568247492500607,,POINT (114.03680393191809 22.568474724668175)
2021-01-01 13:45:58,22.542080461905993,2021-01-01 13:52:00,114.08146718214651,5959f695c54125641d2da7**********,114.08422915673661,22.542715301221428,,POINT (114.08422915673661 22.542080461905993)
2021-01-01 13:45:58,22.54203108437444,2021-01-01 13:52:00,114.08141777721099,0bad42e1247bd5ba3e0507**********,114.08417974521973,22.542665929884205,,POINT (114.08417974521973 22.54203108437444)
2021-01-01 13:46:02,22.62418750052948,2021-01-01 13:50:32,114.02452698677767,76267a367a2fa4ec8daf62**********,114.01925592813136,22.625486651006604,,POINT (114.01925592813136 22.62418750052948)
2021-01-01 13:46:17,22.53115159511271,2021-01-01 13:58:04,114.02286112449328,053bf543a409f39d0d1716**********,114.01145185646608,22.531487762409817,,POINT (114.01145185646608 22.53115159511271)
2021-01-01 13:48:07,22.559534559427934,2021-01-01 16:01:04,114.01329811122163,6b245f09b8d700ee60e947**********,113.953074303181,22.5597115188798,,POINT (113.953074303181 22.559534559427934)
2021-01-01 13:49:54,22.657502783289193,2021-01-01 14:37:57,114.03599603749726,2226cbe8f43cfcfc06ffc8**********,114.03283246415461,22.658215617638614,,POINT (114.03283246415461 22.657502783289193)
2021-01-01 13:49:54,22.657405144245164,2021-01-01 14:37:57,114.03589832149716,c29ac9a80667a0894b1077**********,114.03273475818746,22.658117969328405,,POINT (114.03273475818746 22.657405144245164)
2021-01-01 13:50:27,22.5318830582361,2021-01-01 14:11:59,113.99663092314889,a01deed9a0b11dc89a7364**********,114.0192855673137,22.528638961815904,,POINT (114.0192855673137 22.5318830582361)
2021-01-01 13:50:27,22.5318830582361,2021-01-01 14:11:59,113.99663092314889,3654a306b575b7e641ea4c**********,114.0192855673137,22.528638961815904,,POINT (114.0192855673137 22.5318830582361)
2021-01-01 13:50:27,22.531830906762707,2021-01-01 14:11:59,113.9965787589505,3e23c3e5e1f4898d1e0acf**********,114.0192333895135,22.52858682276523,,POINT (114.0192333895135 22.531830906762707)
2021-01-01 13:50:33,22.661341799014465,2021-01-01 14:29:41,114.01901942139274,3774a67e20d3f1353d4f03**********,114.03890666223715,22.655816538653955,,POINT (114.03890666223715 22.661341799014465)
2021-01-01 13:50:47,22.543678456847942,2021-01-01 14:06:47,113.94094829377708,c2b66b8c6c1dbf2200bf26**********,113.94655190107794,22.560525435263443,,POINT (113.94655190107794 22.543678456847942)
2021-01-01 13:50:47,22.54373503334999,2021-01-01 14:06:47,113.94100491469159,b599a683cef08a06f678a3**********,113.946608509515,22.56058202219654,,POINT (113.946608509515 22.54373503334999)
2021-01-01 13:50:49,22.605640514884247,2021-01-01 14:36:28,114.0358475257373,51eb55ae0b5255fb71bc2e**********,114.02723884855403,22.619776042515056,,POINT (114.02723884855403 22.605640514884247)
2021-01-01 13:50:49,22.52788294752083,2021-01-01 14:00:56,114.05826665010248,187a75585f9d9c7ff01c41**********,114.05912995967368,22.536561153254418,,POINT (114.05912995967368 22.52788294752083)
2021-01-01 13:50:49,22.527933269638375,2021-01-01 14:00:56,114.05831700006574,80ec5728fb81e381bbe3b2**********,114.05918031158917,22.536611472974247,,POINT (114.05918031158917 22.527933269638375)
2021-01-01 13:51:40,22.587952546546166,2021-01-01 14:16:22,113.86696673952079,df6f0657609734c2bac056**********,113.88563590115561,22.571642418097657,,POINT (113.88563590115561 22.587952546546166)
2021-01-01 13:53:28,22.632281793239144,2021-01-01 14:14:46,114.01691354766503,7213d6a85f330dc543a7ca**********,114.03243209998413,22.627189984310125,,POINT (114.03243209998413 22.632281793239144)
2021-01-01 13:53:44,22.679772899457248,2021-01-01 14:23:20,113.80213667230468,1e0a8a80b3e70d0f59e4f8**********,113.77918823362883,22.682965260565982,,POINT (113.77918823362883 22.679772899457248)
2021-01-01 13:55:08,22.553330768525786,2021-01-01 14:01:57,114.22977116998935,fcfcf1af90118661ca8c3a**********,114.23444482706378,22.55389610607102,,POINT (114.23444482706378 22.553330768525786)
2021-01-01 13:55:41,22.683577788274665,2021-01-01 14:40:15,114.04433406690055,b407044aa9be25654f6c2b**********,114.0611677307441,22.70338943088392,,POINT (114.0611677307441 22.683577788274665)
2021-01-01 13:56:25,22.554427823474942,2021-01-01 14:45:51,114.27126059279571,a54d8de47050bab2822604**********,114.23587896835893,22.585902169509783,,POINT (114.23587896835893 22.554427823474942)
2021-01-01 13:56:25,22.55435970536471,2021-01-01 14:45:51,114.27119252666607,faf770370527a7c0014693**********,114.23581080467117,22.58583414266994,,POINT (114.23581080467117 22.55435970536471)
2021-01-01 13:57:07,22.659604121284964,2021-01-01 14:15:24,114.01469817567946,54f6b3100bd2725fcb0873**********,114.0302362736735,22.660476036084347,,POINT (114.0302362736735 22.659604121284964)
2021-01-01 13:58:23,22.49070633599743,2021-01-01 14:07:48,113.93114470743791,c9ede121d80da9a12caef1**********,113.93644444025054,22.48940683262818,,POINT (113.93644444025054 22.49070633599743)
2021-01-01 13:58:24,22.54630417031947,2021-01-01 14:09:58,114.10624382555486,b9a5e1491357f97ebe91b5**********,114.11214933783495,22.544402606999494,,POINT (114.11214933783495 22.54630417031947)
2021-01-01 13:58:34,22.6652440589811,2021-01-01 14:05:58,114.02608216701151,872acc0bd267c9be7179a1**********,114.03050756460637,22.66077922686137,,POINT (114.03050756460637 22.6652440589811)
2021-01-01 14:00:16,22.629421076918916,2021-01-01 14:10:22,113.83111166968028,64abb926afdf3f46b6d2b5**********,113.83538873626796,22.631391962686486,,POINT (113.83538873626796 22.629421076918916)
2021-01-01 14:01:37,22.59041023186002,2021-01-01 14:16:39,113.87489707088143,12a8389af4ccaa29dd42fe**********,113.87249858877462,22.579283655438985,,POINT (113.87249858877462 22.59041023186002)
2021-01-01 14:01:37,22.590464678325816,2021-01-01 14:16:39,113.87495155754446,ec542e80e56d1df73e091b**********,113.87255308034788,22.579338098053196,,POINT (113.87255308034788 22.590464678325816)
2021-01-01 14:02:10,22.524642213709246,2021-01-01 14:04:27,113.90830377679448,e1e64fca9a65d761ff29fd**********,113.90971773800034,22.522154296199734,,POINT (113.90971773800034 22.524642213709246)
2021-01-01 14:02:42,22.560773318880173,2021-01-01 14:26:35,114.24359503055399,5028d8af130ea2ddd94d48**********,114.23993488856135,22.565080566099212,,POINT (114.23993488856135 22.560773318880173)
2021-01-01 14:02:45,22.532981962791006,2021-01-01 16:24:27,113.88875649557144,f82c669bc63a96b44b0cfd**********,113.88818878860843,22.55157474865942,,POINT (113.88818878860843 22.532981962791006)
2021-01-01 14:03:10,22.591136121009573,2021-01-01 15:06:13,114.29918446550988,d432a1f6c72324ee1890f8**********,114.30015828140985,22.589990109776274,,POINT (114.30015828140985 22.591136121009573)
2021-01-01 14:03:10,22.591136121009573,2021-01-01 15:06:13,114.29918446550988,5e05ec125f75804d9f4961**********,114.30015828140985,22.589990109776274,,POINT (114.30015828140985 22.591136121009573)
2021-01-01 14:03:39,22.503491804105536,2021-01-01 14:21:28,113.91819126201979,eb00123a24227540b4af44**********,113.9281507318675,22.506828369540898,,POINT (113.9281507318675 22.503491804105536)
2021-01-01 14:04:16,22.590912959747556,2021-01-01 14:11:48,113.87512572736404,ab9581c2df5886dda1473c**********,113.87376425559566,22.5800879191187,,POINT (113.87376425559566 22.590912959747556)
2021-01-01 14:07:09,22.560157786117074,2021-01-01 14:14:37,114.03983419285323,a8d3b423584e5d58ef98ef**********,114.04745749646749,22.556514431592674,,POINT (114.04745749646749 22.560157786117074)
2021-01-01 14:08:32,22.542798831108012,2021-01-01 14:18:38,114.12098853054114,93b85f0606e46e2f8cb995**********,114.11544300585709,22.542216928769182,,POINT (114.11544300585709 22.542798831108012)
2021-01-01 14:08:36,22.554804335903835,2021-01-01 16:49:53,114.30136473175271,8b2b5948223b585ba8186f**********,114.23618194447484,22.58434978291904,,POINT (114.23618194447484 22.554804335903835)
2021-01-01 14:09:07,22.606595884298653,2021-01-01 14:16:17,114.12646269274595,d92193c95c9a52d38810fd**********,114.12019282255609,22.60960588050641,,POINT (114.12019282255609 22.606595884298653)
2021-01-01 14:09:35,22.548537192778326,2021-01-01 14:24:20,114.2266255041478,03cfd6cebf8c98fc7ec3fc**********,114.23125433843663,22.549155049294487,,POINT (114.23125433843663 22.548537192778326)
2021-01-01 14:09:35,22.548511181239093,2021-01-01 14:24:20,114.22659947019675,f7da7f839734a6e602572a**********,114.2312283092538,22.549129033443123,,POINT (114.2312283092538 22.548511181239093)
2021-01-01 14:09:35,22.548537192778326,2021-01-01 14:24:20,114.2266255041478,6bc1158694286c799f2beb**********,114.23125433843663,22.549155049294487,,POINT (114.23125433843663 22.548537192778326)
2021-01-01 14:09:37,22.555912715752456,2021-01-01 14:19:50,114.09545942346595,c33f0ad59798b09b7dc5cd**********,114.08495954626252,22.56004321081189,,POINT (114.08495954626252 22.555912715752456)
2021-01-01 14:11:16,22.548939157167787,2021-01-01 14:24:56,113.91512917466974,2f96bfec263b318c79608a**********,113.92308091778214,22.5376905674043,,POINT (113.92308091778214 22.548939157167787)
2021-01-01 14:11:58,22.537928197586584,2021-01-01 14:28:21,114.05479918966029,9bf721cc561871c1906b82**********,114.06415349349273,22.551457206805456,,POINT (114.06415349349273 22.537928197586584)
2021-01-01 14:12:40,22.52322676399062,2021-01-01 14:32:20,114.05553055442715,f31ac2e59375e41753fcb6**********,114.04887567042913,22.518382232350042,,POINT (114.04887567042913 22.52322676399062)
2021-01-01 14:12:44,22.572008022935574,2021-01-01 14:28:13,114.14389289636841,3668b2f27207493170a3bf**********,114.13377919635366,22.558232818593865,,POINT (114.13377919635366 22.572008022935574)
2021-01-01 14:13:17,22.647327784624935,2021-01-01 14:28:35,113.82400375347204,4fa850107e60b4468a3409**********,113.82227472055635,22.6476850025434,,POINT (113.82227472055635 22.647327784624935)
2021-01-01 14:13:17,22.647341007051825,2021-01-01 14:28:35,113.8240169882668,9928e0c419e81cf95f1a77**********,113.82228795533376,22.64769822496404,,POINT (113.82228795533376 22.647341007051825)
2021-01-01 14:13:33,22.64553614718505,2021-01-01 14:21:21,113.92964962521397,4876104608e3ce7011f722**********,113.92218398772532,22.637181005432105,,POINT (113.92218398772532 22.64553614718505)
2021-01-01 14:14:54,22.642758963431692,2021-01-01 14:23:51,114.02051036561187,02f22239e758531a18836b**********,114.01256962450672,22.6400428174939,,POINT (114.01256962450672 22.642758963431692)
2021-01-01 14:15:27,22.548810755164965,2021-01-01 15:18:13,114.22604567736363,fafe9cad0c5b7a8a53a927**********,114.22648059745028,22.549436028091762,,POINT (114.22648059745028 22.548810755164965)
2021-01-01 14:15:51,22.563614346534894,2021-01-01 14:18:21,114.09148086314887,fe76e05623865502927c73**********,114.08964313639655,22.55992540872719,,POINT (114.08964313639655 22.563614346534894)
2021-01-01 14:15:51,22.56366563430224,2021-01-01 14:18:21,114.09153219299054,8986ac927da3884b670f5f**********,114.08969446177655,22.559976700915097,,POINT (114.08969446177655 22.56366563430224)
2021-01-01 14:16:52,22.55827100405534,2021-01-01 14:55:49,114.1426029688661,59e630b37be202fc56250c**********,114.14398115504136,22.56973733334565,,POINT (114.14398115504136 22.55827100405534)
2021-01-01 14:17:33,22.630247110770878,2021-01-01 14:27:11,114.21870072195624,2144fb4fc6c1939443337c**********,114.21778545034817,22.635877537722628,,POINT (114.21778545034817 22.630247110770878)
2021-01-01 14:20:29,22.54889345275293,2021-01-01 14:36:22,114.04383229679134,7f2c0dde55c02aa5331d0e**********,114.05027181828177,22.550645367982618,,POINT (114.05027181828177 22.54889345275293)
2021-01-01 14:20:38,22.528711219285302,2021-01-01 14:51:29,114.0416057999704,4ccfd08c41821983d61aa2**********,114.04126661062345,22.52640870958757,,POINT (114.04126661062345 22.528711219285302)
2021-01-01 14:22:08,22.648032722426375,2021-01-01 14:36:46,114.03239800095717,c5d1652ca73b8cc7e3bfc7**********,114.03388670658431,22.632203601513616,,POINT (114.03388670658431 22.648032722426375)
2021-01-01 14:22:12,22.53770872139127,2021-01-01 14:25:51,114.0677179338543,dd6ac0058880dd83bebff8**********,114.0657070070414,22.539004889723746,,POINT (114.0657070070414 22.53770872139127)
2021-01-01 14:23:30,22.523405445013907,2021-01-01 14:33:59,113.98694954871833,30989d292b3850ca5beb2a**********,113.98139327242073,22.524595072178112,,POINT (113.98139327242073 22.523405445013907)
2021-01-01 14:23:30,22.523358386319003,2021-01-01 14:33:59,113.98690246996254,0ba0af49ef486952a21d7f**********,113.98134619112994,22.524548015935167,,POINT (113.98134619112994 22.523358386319003)
2021-01-01 14:23:53,22.655694698858547,2021-01-01 14:27:44,114.18764487774213,01ce305811e864dff90fc4**********,114.19051134928053,22.65103788327083,,POINT (114.19051134928053 22.655694698858547)
2021-01-01 14:24:16,22.5365380033814,2021-01-01 14:29:29,114.07887725273294,dc6240efc1886df31f4a22**********,114.07800958890631,22.540581440361738,,POINT (114.07800958890631 22.5365380033814)
2021-01-01 14:24:26,22.549520825285633,2021-01-01 14:34:37,113.88527572415937,d0d3a0ef20166343c8c05a**********,113.8837863558032,22.545951120125277,,POINT (113.8837863558032 22.549520825285633)
2021-01-01 14:24:47,22.52435369635646,2021-01-01 14:29:54,114.03078090043095,2eeb519f6d98d586f4bd4c**********,114.03637612843934,22.52773003733721,,POINT (114.03637612843934 22.52435369635646)
2021-01-01 14:25:00,22.65184386970295,2021-01-01 15:16:23,113.99252159884314,9af389fc251b12e8b70a7f**********,114.0214311638824,22.67732060369591,,POINT (114.0214311638824 22.65184386970295)
2021-01-01 14:25:34,22.550016635859738,2021-01-01 14:48:52,113.97324177029351,83966b9b7d94b8db4b805b**********,113.97209801805757,22.537885421631213,,POINT (113.97209801805757 22.550016635859738)
2021-01-01 14:25:40,22.519860773465293,2021-01-01 14:33:58,113.93348628802806,102b474588ac1c0b425248**********,113.93496472138705,22.516243853363537,,POINT (113.93496472138705 22.519860773465293)
2021-01-01 14:25:48,22.625411111012998,2021-01-01 14:33:19,114.03341114873439,640974352e470da8c92b67**********,114.02687944269039,22.624848716313252,,POINT (114.02687944269039 22.625411111012998)
2021-01-01 14:25:48,22.625423775604993,2021-01-01 14:33:19,114.03342382382385,72edc92805bf036ee5a182**********,114.02689211533564,22.624861383190783,,POINT (114.02689211533564 22.625423775604993)
2021-01-01 14:26:00,22.545751117799128,2021-01-01 14:31:31,114.08767613332225,f7d2845b6ee1eb1de74f33**********,114.08465581954772,22.541631461982593,,POINT (114.08465581954772 22.545751117799128)
2021-01-01 14:26:00,22.54572402972209,2021-01-01 14:31:31,114.08764902250736,8f991c32a484b8a60ba0ec**********,114.08462871265846,22.541604370087292,,POINT (114.08462871265846 22.54572402972209)
2021-01-01 14:26:19,22.53067278629221,2021-01-01 14:32:05,114.07849365483486,e63401c70984dc766ce27b**********,114.07412635842745,22.53484062716205,,POINT (114.07412635842745 22.53067278629221)
2021-01-01 14:26:34,22.66090198540829,2021-01-01 14:46:07,114.02632737447487,fc7b5d60be4049490866ed**********,114.02618636869897,22.672506765936596,,POINT (114.02618636869897 22.66090198540829)
2021-01-01 14:26:34,22.66090198540829,2021-01-01 14:46:07,114.02632737447487,512eb96dfab9cba65f4ef0**********,114.02618636869897,22.672506765936596,,POINT (114.02618636869897 22.66090198540829)
2021-01-01 14:27:48,22.469043164993742,2021-01-01 15:27:41,113.89309363696857,9edd8a9912e3e4598e63e2**********,113.89221825951911,22.46895943769463,,POINT (113.89221825951911 22.469043164993742)
2021-01-01 14:27:56,22.539476641632433,2021-01-01 14:41:26,114.0632860933447,8cb04a4f6661921d672db1**********,114.07406451611521,22.539477429981066,,POINT (114.07406451611521 22.539476641632433)
2021-01-01 14:28:44,22.52377255700142,2021-01-01 15:12:51,113.99683885530753,33b937bbe4ee9ce68a5ec7**********,114.04395257145107,22.52863791979553,,POINT (114.04395257145107 22.52377255700142)
2021-01-01 14:29:03,22.679262993283007,2021-01-01 14:37:24,113.98736427368944,1424b529b5c164e22e7179**********,113.99164290479165,22.674966209920267,,POINT (113.99164290479165 22.679262993283007)
2021-01-01 14:29:03,22.679172688717074,2021-01-01 14:37:24,113.98727390696632,8ab8d8f9f81e360cb89eab**********,113.99155253999146,22.674875903115087,,POINT (113.99155253999146 22.679172688717074)
2021-01-01 14:29:23,22.55121569175334,2021-01-01 14:53:11,114.04179503261236,4e35e7c4e08eab1cfd2209**********,114.05465872793056,22.54427480329262,,POINT (114.05465872793056 22.55121569175334)
2021-01-01 14:29:53,22.54799711687031,2021-01-01 14:44:42,114.11797776564038,0b9a6c6612e10543993ba3**********,114.1118869014432,22.54779982338861,,POINT (114.1118869014432 22.54799711687031)
2021-01-01 14:29:53,22.548018732121168,2021-01-01 14:44:42,114.1179994026903,76ae01936eda48e738b417**********,114.1119085334346,22.547821443396934,,POINT (114.1119085334346 22.548018732121168)
2021-01-01 14:29:55,22.520650782161244,2021-01-01 15:10:48,113.92395122916771,6b33dbc1ed8bd0ace579a3**********,113.9320974460296,22.490502456616408,,POINT (113.9320974460296 22.520650782161244)
2021-01-01 14:30:04,22.548183391294174,2021-01-01 14:44:44,114.11789591360183,08b28ac64137e33782dcf5**********,114.11178053540343,22.54821174273609,,POINT (114.11178053540343 22.548183391294174)
2021-01-01 14:30:04,22.548137859417178,2021-01-01 14:44:44,114.11785033575006,7a32bc68cee19e3c12b6ac**********,114.1117349682692,22.548166200793354,,POINT (114.1117349682692 22.548137859417178)
2021-01-01 14:30:44,22.669510340202184,2021-01-01 14:37:29,114.01374120499017,5f814634d4c89b60501f90**********,114.01845246893983,22.670701406696892,,POINT (114.01845246893983 22.669510340202184)
2021-01-01 14:32:06,22.531663625657895,2021-01-01 14:58:21,113.99042870487439,b1981654fc426ad3776eb7**********,114.02037470464819,22.524734156476317,,POINT (114.02037470464819 22.531663625657895)
2021-01-01 14:32:20,22.592267626143336,2021-01-01 15:11:13,114.3012542432758,971f1227e594e2d74bfae7**********,114.25175620943095,22.58421929912417,,POINT (114.25175620943095 22.592267626143336)
2021-01-01 14:33:15,22.61380922407654,2021-01-01 14:37:01,114.03242498977204,09a991f1410b238f197bd3**********,114.03316359953975,22.616230292878136,,POINT (114.03316359953975 22.61380922407654)
2021-01-01 14:33:15,22.613752073216506,2021-01-01 14:37:01,114.0323678039936,47b10fd14b4cb2d27937e2**********,114.03310641243415,22.616173143424113,,POINT (114.03310641243415 22.613752073216506)
2021-01-01 14:34:25,22.5748505121503,2021-01-01 14:48:04,113.88377424345953,b79a406db69487c9c757ed**********,113.87606105161288,22.582063947660387,,POINT (113.87606105161288 22.5748505121503)
2021-01-01 14:35:29,22.529030582846577,2021-01-01 15:23:49,113.91317503630663,eafcbb32c836f71245e8f3**********,113.91456534469718,22.499990846425028,,POINT (113.91456534469718 22.529030582846577)
2021-01-01 14:35:29,22.529071948353316,2021-01-01 15:23:49,113.9132164308632,ecb1cf81f25eb91185f1db**********,113.9146067364764,22.500032216132112,,POINT (113.9146067364764 22.529071948353316)
2021-01-01 14:35:38,22.553947237401015,2021-01-01 14:44:02,114.04130044125426,136339dc2635b1f0ee9bf0**********,114.0443707720158,22.556596665672448,,POINT (114.0443707720158 22.553947237401015)
2021-01-01 14:36:44,22.548020860186448,2021-01-01 14:49:39,114.09395157914503,d7df64bf7f49af26da8424**********,114.08808906279606,22.551971937621474,,POINT (114.08808906279606 22.548020860186448)
2021-01-01 14:36:44,22.547990169061602,2021-01-01 14:49:39,114.09392085778865,1808f06793c4d5b9732e3c**********,114.08805834994108,22.551941238701946,,POINT (114.08805834994108 22.547990169061602)
2021-01-01 14:36:50,22.528628065237182,2021-01-01 15:40:08,114.02485475292919,c75545e85645d1ee6870dc**********,113.99687998153676,22.53231297314177,,POINT (113.99687998153676 22.528628065237182)
2021-01-01 14:37:14,22.53950597875368,2021-01-01 14:40:26,113.97331236847144,7b8a5cbfbd5c3932b99ab4**********,113.9711841105739,22.5411286269111,,POINT (113.9711841105739 22.53950597875368)
2021-01-01 14:37:19,22.654736639776043,2021-01-01 14:52:04,114.06831216968139,a58f0363c8485810e8d4f7**********,114.0718303290621,22.651142393971153,,POINT (114.0718303290621 22.654736639776043)
2021-01-01 14:37:44,22.66980670647097,2021-01-01 14:48:23,114.03936539332013,6ccafc75bbf049f9c7955d**********,114.02956333972907,22.67213802928217,,POINT (114.02956333972907 22.66980670647097)
2021-01-01 14:37:44,22.669847592909065,2021-01-01 14:48:23,114.03940632112369,5b452eb109ba690b075008**********,114.02960425449673,22.67217892775584,,POINT (114.02960425449673 22.669847592909065)
2021-01-01 14:38:03,22.677699219086826,2021-01-01 14:47:09,113.94023362846094,bb868467822366768153bf**********,113.94042735518131,22.670479770760654,,POINT (113.94042735518131 22.677699219086826)
2021-01-01 14:38:06,22.670656704139642,2021-01-01 14:48:11,114.03923556515187,343caa67371be54190906d**********,114.02880798728326,22.672277211226067,,POINT (114.02880798728326 22.670656704139642)
2021-01-01 14:38:14,22.556732782526055,2021-01-01 14:45:09,114.23287246592484,15a6f60a7bed062267f042**********,114.22943224708703,22.56254613327967,,POINT (114.22943224708703 22.556732782526055)
2021-01-01 14:38:14,22.556660046165614,2021-01-01 14:45:09,114.23279968900388,5c2db6fe01f2977bbad20e**********,114.22935946012129,22.562473406601644,,POINT (114.22935946012129 22.556660046165614)
2021-01-01 14:38:19,22.530587234917107,2021-01-01 14:50:24,113.98882473669397,a30381e04889f11be66eed**********,113.99144479524863,22.530375765898032,,POINT (113.99144479524863 22.530587234917107)
2021-01-01 14:38:19,22.53049581694658,2021-01-01 14:50:24,113.98873327334212,c8eba5d343180f69d3ce48**********,113.99135333294889,22.530284346909223,,POINT (113.99135333294889 22.53049581694658)
2021-01-01 14:38:30,22.56388549099258,2021-01-01 14:57:12,114.11123321482263,2317469059418f9b3c43b1**********,114.10386335909924,22.584695398833713,,POINT (114.10386335909924 22.56388549099258)
2021-01-01 14:38:30,22.563795757984458,2021-01-01 14:57:12,114.11114338449492,908073b69752d1d0bdaa02**********,114.10377355659051,22.58460564216053,,POINT (114.10377355659051 22.563795757984458)
2021-01-01 14:38:30,22.56388549099258,2021-01-01 14:57:12,114.11123321482263,6d6242dbfee427295dc463**********,114.10386335909924,22.584695398833713,,POINT (114.10386335909924 22.56388549099258)
2021-01-01 14:39:29,22.547989491054246,2021-01-01 15:31:44,114.07825369398552,2d84a08b583c14a15744f2**********,114.07048361284146,22.533104665794347,,POINT (114.07048361284146 22.547989491054246)
2021-01-01 14:39:39,22.54879340916957,2021-01-01 14:51:04,114.23184657101477,b1fee0bf74801ed9f4d3f6**********,114.22670454491863,22.55742136159746,,POINT (114.22670454491863 22.54879340916957)
2021-01-01 14:40:18,22.609801733867815,2021-01-01 14:56:50,114.15034916149415,6408ef8cd7b568fccea18c**********,114.12596512546061,22.609081236175317,,POINT (114.12596512546061 22.609801733867815)
2021-01-01 14:41:29,22.613481198723523,2021-01-01 14:50:28,114.03192704256038,76af797438c881f545cd3c**********,114.03767328869606,22.614737983227517,,POINT (114.03767328869606 22.613481198723523)
2021-01-01 14:42:19,22.652083886785828,2021-01-01 14:52:07,114.03901643303544,31be811736b9779733aa67**********,114.03824069735613,22.64758140369813,,POINT (114.03824069735613 22.652083886785828)
2021-01-01 14:43:01,22.696146881158704,2021-01-01 15:08:39,113.83197138503364,60824ef885cf29c4591ae6**********,113.81472567528132,22.693157055037958,,POINT (113.81472567528132 22.696146881158704)
2021-01-01 14:43:01,22.696139469195963,2021-01-01 15:08:39,113.83196396572035,fbac414290732173915e3d**********,113.81471825604027,22.693149643077238,,POINT (113.81471825604027 22.696139469195963)
2021-01-01 14:44:13,22.62549748051623,2021-01-01 15:15:24,114.04079914509298,82bb89a0fb7af996e74d28**********,114.03444280300015,22.617311589276095,,POINT (114.03444280300015 22.62549748051623)
2021-01-01 14:44:13,22.62556859676531,2021-01-01 15:15:24,114.04087032331648,828b59250f3f3da6f2a703**********,114.03451396557648,22.61738272081512,,POINT (114.03451396557648 22.62556859676531)
2021-01-01 14:45:03,22.62866958643722,2021-01-01 14:54:17,114.05008809596254,35627ccc70b9f8646f999d**********,114.05569418600692,22.634194466101654,,POINT (114.05569418600692 22.62866958643722)
2021-01-01 14:45:07,22.62860595707063,2021-01-01 14:54:29,114.0522006301123,af4929092682ffef3c28b8**********,114.05588935720498,22.632931361483514,,POINT (114.05588935720498 22.62860595707063)
2021-01-01 14:45:07,22.628673534671602,2021-01-01 14:54:29,114.05226824499248,1d1fe54a41a69c945c5873**********,114.05595698284985,22.63299892869351,,POINT (114.05595698284985 22.628673534671602)
2021-01-01 14:45:35,22.569962066828538,2021-01-01 15:00:34,113.85868926741442,8bd3434813e81a680fdb28**********,113.8639898376189,22.56541004974715,,POINT (113.8639898376189 22.569962066828538)
2021-01-01 14:45:47,22.586662532447964,2021-01-01 14:52:05,114.29922185691142,8330a85c264b2b71ed1df9**********,114.30140695986208,22.59001650326662,,POINT (114.30140695986208 22.586662532447964)
2021-01-01 14:45:52,22.661068587749714,2021-01-01 15:00:10,114.01678923494994,06d3432ba3267e8ccaf8de**********,114.00600554759599,22.657384070124902,,POINT (114.00600554759599 22.661068587749714)
2021-01-01 14:46:21,22.615174830585996,2021-01-01 14:54:01,114.04064526969454,45da1021a0175d9a237eaa**********,114.0383222844384,22.60963593985235,,POINT (114.0383222844384 22.615174830585996)
2021-01-01 14:47:13,22.657512562820482,2021-01-01 14:54:17,113.99968041621563,605342e88ec357f903a0c6**********,113.99626880246204,22.659165744799566,,POINT (113.99626880246204 22.657512562820482)
2021-01-01 14:47:28,22.533137538525953,2021-01-01 14:52:37,114.04633437554163,784ddd25b1193cd9d5d1e6**********,114.04799021139398,22.526490391565158,,POINT (114.04799021139398 22.533137538525953)
2021-01-01 14:47:28,22.533079155472546,2021-01-01 14:52:37,114.04627596323105,a865ba44abdc2001d05061**********,114.04793179522332,22.52643201160238,,POINT (114.04793179522332 22.533079155472546)
2021-01-01 14:47:52,22.551322769106505,2021-01-01 14:52:52,114.05814982852809,babf0f495a0e4cd648ab20**********,114.06183996323756,22.551600779564225,,POINT (114.06183996323756 22.551322769106505)
2021-01-01 14:47:52,22.55137479297029,2021-01-01 14:52:52,114.05820187652823,e6d2a67bd7fccee10e8170**********,114.06189201993108,22.551652795294515,,POINT (114.06189201993108 22.55137479297029)
2021-01-01 14:47:56,22.503084941793368,2021-01-01 15:03:08,113.92030627081235,c7a5f71d1ccf1c65c1f37f**********,113.93231690580252,22.5117860350522,,POINT (113.93231690580252 22.503084941793368)
2021-01-01 14:49:19,22.58594646232299,2021-01-01 15:23:47,114.30130313897425,045ccc7ab5f0d68d621ea9**********,114.29464441525751,22.584234192970854,,POINT (114.29464441525751 22.58594646232299)
2021-01-01 14:49:24,22.63926796916378,2021-01-01 14:53:05,114.04296032691029,fbeef6f93a87a773a12ab0**********,114.04314548891499,22.642045520828074,,POINT (114.04314548891499 22.63926796916378)
2021-01-01 14:49:37,22.556075518220172,2021-01-01 14:55:34,114.14548535130812,f5362fb3e342c561153df0**********,114.14369101019375,22.550422732069617,,POINT (114.14369101019375 22.556075518220172)
2021-01-01 14:49:39,22.538846203195657,2021-01-01 14:55:43,113.91052824037318,a6d8a99845367f8b14bc04**********,113.91453758898022,22.535929415313614,,POINT (113.91453758898022 22.538846203195657)
2021-01-01 14:50:02,22.54514756072113,2021-01-01 15:08:40,114.07924284229733,e5a4bf634fc15e3829c256**********,114.06609899479635,22.53596040227669,,POINT (114.06609899479635 22.54514756072113)
2021-01-01 14:50:38,22.633250392219242,2021-01-01 15:16:45,114.06478392794799,dd75e9273819e17585f9de**********,114.06455270635136,22.63341895927692,,POINT (114.06455270635136 22.633250392219242)
2021-01-01 14:50:44,22.554008527695974,2021-01-01 14:58:50,114.04047059493264,d505cb71ea5b391eda6c92**********,114.04440672368847,22.556133933638762,,POINT (114.04440672368847 22.554008527695974)
2021-01-01 14:50:44,22.554072489488973,2021-01-01 14:58:50,114.04053458473024,1898bf822622c7c16de810**********,114.04447072292054,22.556197886456733,,POINT (114.04447072292054 22.554072489488973)
2021-01-01 14:51:59,22.52862639085876,2021-01-01 15:01:18,113.99051862560326,892873abc107d091618de7**********,113.99676959189068,22.524760032761797,,POINT (113.99676959189068 22.52862639085876)
2021-01-01 14:51:59,22.52855481180285,2021-01-01 15:01:18,113.9904470114729,8599f91e8c00187e9f8af3**********,113.9966979783115,22.52468845280819,,POINT (113.9966979783115 22.52855481180285)
2021-01-01 14:52:52,22.661380226823713,2021-01-01 14:59:08,114.00583230472827,e55ad627876e75282fc006**********,113.99888945739899,22.660821168428228,,POINT (113.99888945739899 22.661380226823713)
2021-01-01 14:52:52,22.66129639924012,2021-01-01 14:59:08,114.00574841900692,927ddb55efd83293a2e981**********,113.99880557554182,22.66073733721339,,POINT (113.99880557554182 22.66129639924012)
2021-01-01 14:53:25,22.681535613030274,2021-01-01 15:31:17,113.97724083149421,9e8234c2eb3ae50a8d6947**********,113.9873495368957,22.68930034961395,,POINT (113.9873495368957 22.681535613030274)
2021-01-01 14:53:50,22.55148145026735,2021-01-01 15:14:53,114.04043599834323,9bc3088534d5a2464210d1**********,114.05484362001208,22.5311396368155,,POINT (114.05484362001208 22.55148145026735)
2021-01-01 14:54:09,22.587787642547013,2021-01-01 15:27:46,113.96187743926781,9c21d9791cb492ac212009**********,113.94319014476328,22.560568902928164,,POINT (113.94319014476328 22.587787642547013)
2021-01-01 14:54:34,22.669416458111062,2021-01-01 15:01:34,114.01225191148058,160a89acc5062a6dc80ded**********,114.01597798852978,22.664738804846035,,POINT (114.01597798852978 22.669416458111062)
2021-01-01 14:55:00,22.562789272457408,2021-01-01 15:19:24,113.88027326436838,e5400065356a48e9e43c41**********,113.8835987136482,22.55078889419815,,POINT (113.8835987136482 22.562789272457408)
2021-01-01 14:55:00,22.562772564525275,2021-01-01 15:19:24,113.88025654130053,18142717c603e47ff6dc77**********,113.88358199289422,22.55077218382507,,POINT (113.88358199289422 22.562772564525275)
2021-01-01 14:55:12,22.600867556286644,2021-01-01 15:01:19,114.10998234599668,17356a032dd74f3bd9ed25**********,114.11356614164634,22.601315169342822,,POINT (114.11356614164634 22.600867556286644)
2021-01-01 14:55:12,22.60089287401053,2021-01-01 15:01:19,114.11000768153181,bc1a5cddaa839cb5281b66**********,114.11359148081696,22.601340483641177,,POINT (114.11359148081696 22.60089287401053)
2021-01-01 14:55:15,22.563085453006256,2021-01-01 15:05:36,114.11078990860099,e0834cc01e0eeafeef1869**********,114.11165207951385,22.54790304525772,,POINT (114.11165207951385 22.563085453006256)
2021-01-01 14:55:30,22.663689666495703,2021-01-01 15:03:09,114.01610678029094,c33e44478c6a262f1e9982**********,114.01980823373331,22.65659631830333,,POINT (114.01980823373331 22.663689666495703)
2021-01-01 14:56:03,22.62336998750459,2021-01-01 15:43:36,114.06741782513359,1baed7066b621afa90b8e8**********,114.06689501573128,22.623039847820902,,POINT (114.06689501573128 22.62336998750459)
2021-01-01 14:56:03,22.62333213812372,2021-01-01 15:43:36,114.06737994689789,0f594cc0aa30dc7fa75dde**********,114.06685713842889,22.62300199755373,,POINT (114.06685713842889 22.62333213812372)
2021-01-01 14:56:06,22.730037078228495,2021-01-01 16:01:02,113.90862609813149,a7fd0af3181f27161644ad**********,113.90888587441944,22.730016670510867,,POINT (113.90888587441944 22.730037078228495)
2021-01-01 14:56:09,22.664006526710807,2021-01-01 15:19:37,114.01410238845514,b4772948ed6632e7c1b084**********,114.02182676124602,22.660184246111104,,POINT (114.02182676124602 22.664006526710807)
2021-01-01 14:56:09,22.663988978675686,2021-01-01 15:19:37,114.01408483135096,a0f5c5c74974995d769844**********,114.02180920141231,22.66016670053934,,POINT (114.02180920141231 22.663988978675686)
2021-01-01 14:56:43,22.56152039217624,2021-01-01 15:00:57,114.10218554060489,c7591f953cad02fb321050**********,114.09685124842608,22.56161780999298,,POINT (114.09685124842608 22.56152039217624)
2021-01-01 14:57:36,22.556980371590335,2021-01-01 15:00:56,114.03997450976381,394406f5c0174246f06170**********,114.04359343150077,22.55663005797108,,POINT (114.04359343150077 22.556980371590335)
2021-01-01 14:57:53,22.675001713625928,2021-01-01 15:11:41,114.06802930312394,b82fc17395db44191b9686**********,114.06049824820309,22.66076296439072,,POINT (114.06049824820309 22.675001713625928)
2021-01-01 14:58:07,22.504338758421433,2021-01-01 15:10:09,113.92388094164599,7be76a4015f17691d69dce**********,113.93322617284358,22.505376028353748,,POINT (113.93322617284358 22.504338758421433)
2021-01-01 14:58:25,22.523024625944867,2021-01-01 15:13:33,113.93803531188914,39be86a17bab0352a6c128**********,113.9532523544135,22.520850455483746,,POINT (113.9532523544135 22.523024625944867)
2021-01-01 14:59:02,22.529267299422568,2021-01-01 15:03:26,113.99632616032429,a966aba84bb71adf764957**********,113.99629657173674,22.52936482493583,,POINT (113.99629657173674 22.529267299422568)
2021-01-01 14:59:02,22.52929979905793,2021-01-01 15:03:26,113.99635867566325,027353dfa8cbeef4a98877**********,113.99632908707459,22.529397324568045,,POINT (113.99632908707459 22.52929979905793)
2021-01-01 14:59:15,22.589250169833733,2021-01-01 16:55:06,114.29936414818084,684c6dc2270b0ff20c8cb8**********,114.27262988018911,22.589543391908016,,POINT (114.27262988018911 22.589250169833733)
2021-01-01 14:59:46,22.564695636423824,2021-01-01 15:43:27,114.27121452612093,44c8034e6eb3e7b9a56701**********,114.24126994995056,22.585692138754897,,POINT (114.24126994995056 22.564695636423824)
2021-01-01 14:59:59,22.72061341177154,2021-01-01 15:42:34,113.79927679543687,f84b205829135fd84b3781**********,113.79627506728055,22.694128733688824,,POINT (113.79627506728055 22.72061341177154)
2021-01-01 15:00:08,22.54047542288908,2021-01-01 15:06:42,113.9730909898384,a45f4218cede5d28d6cecb**********,113.97826892533439,22.54151045253546,,POINT (113.97826892533439 22.54047542288908)
2021-01-01 15:03:07,22.51797697028964,2021-01-01 15:30:08,113.99704655137596,3efc2b635d0c77275ab9d2**********,114.03400967934951,22.528742013765605,,POINT (114.03400967934951 22.51797697028964)
2021-01-01 15:03:18,22.655555541305908,2021-01-01 15:18:21,114.02013503133627,94d3cfd8de5e730849b349**********,114.04031116604341,22.656199326391953,,POINT (114.04031116604341 22.655555541305908)
2021-01-01 15:03:45,22.671070185056205,2021-01-01 16:03:59,114.10612940849755,cc763581ff70a6033635bb**********,114.04769771990388,22.61684183495559,,POINT (114.04769771990388 22.671070185056205)
2021-01-01 15:04:11,22.559054494084442,2021-01-01 15:10:18,114.23678659836833,85a0e24ec5894a2d4e9d4d**********,114.23349000971162,22.561504194706274,,POINT (114.23349000971162 22.559054494084442)
2021-01-01 15:04:39,22.553313550949312,2021-01-01 15:21:52,114.23492237185873,ca35f2368a95f247fd6b67**********,114.23488459804369,22.553555996345203,,POINT (114.23488459804369 22.553313550949312)
2021-01-01 15:04:53,22.660954750900693,2021-01-01 15:19:42,114.03097780527399,22b7738df1e4be35ebda6e**********,114.02703890373144,22.66442550049507,,POINT (114.02703890373144 22.660954750900693)
2021-01-01 15:04:53,22.660913567650578,2021-01-01 15:19:42,114.03093658944876,cd330fb97fe34a94e3c9a3**********,114.02699769256424,22.664384313069945,,POINT (114.02699769256424 22.660913567650578)
2021-01-01 15:05:32,22.571094183055806,2021-01-01 15:10:55,114.12306680681951,9d665c9dfa1f026912b537**********,114.12743401271817,22.567890574814058,,POINT (114.12743401271817 22.571094183055806)
2021-01-01 15:06:37,22.558232654365696,2021-01-01 15:52:13,114.13656176636364,2b9eaa9de9be3d24c75012**********,114.13558076235236,22.557263709634924,,POINT (114.13558076235236 22.558232654365696)
2021-01-01 15:06:38,22.56106130358846,2021-01-01 15:18:50,114.11378903405247,940e2458cd4b44ef9526a5**********,114.11019024143093,22.550533445019646,,POINT (114.11019024143093 22.56106130358846)
2021-01-01 15:06:46,22.556201634049195,2021-01-01 15:20:17,114.237164528327,2d49b6879f6417d8196417**********,114.23652296924755,22.55579860439359,,POINT (114.23652296924755 22.556201634049195)
2021-01-01 15:07:20,22.530316919374336,2021-01-01 15:26:22,113.97828347471307,4f865c58cd480bd267aa7c**********,113.98873194460403,22.53587293756718,,POINT (113.98873194460403 22.530316919374336)
2021-01-01 15:07:36,22.555746769593565,2021-01-01 15:58:20,114.23553955197877,80c5b0af6e586d2838aade**********,114.23540305633095,22.554205192293875,,POINT (114.23540305633095 22.555746769593565)
2021-01-01 15:07:45,22.660198041118267,2021-01-01 15:37:34,114.02877279638922,64d5ec581b9ef741fd5a03**********,114.01490448560976,22.67468337700279,,POINT (114.01490448560976 22.660198041118267)
2021-01-01 15:07:50,22.50348381919089,2021-01-01 15:18:55,113.9244116201709,46e4c7707289cc575a6110**********,113.91689492229705,22.492195365013263,,POINT (113.91689492229705 22.50348381919089)
2021-01-01 15:07:50,22.503502502300353,2021-01-01 15:18:55,113.92443030773367,5cdcd74557f0cfb6eee6a4**********,113.9169136165079,22.492214042176542,,POINT (113.9169136165079 22.503502502300353)
2021-01-01 15:08:18,22.528518781474247,2021-01-01 15:31:58,113.9908496885273,c3bb9aa86ace25ea65d204**********,113.99674139041146,22.525052946727644,,POINT (113.99674139041146 22.528518781474247)
2021-01-01 15:08:38,22.588996912841175,2021-01-01 15:21:44,114.27375556534366,ed77d544fd4e93933bf2ca**********,114.2607501833667,22.58839383912746,,POINT (114.2607501833667 22.588996912841175)
2021-01-01 15:08:38,22.589082851290282,2021-01-01 15:21:44,114.27384151459182,0d5d4b6b9aeb75dfd713ab**********,114.26083617505908,22.58847973925386,,POINT (114.26083617505908 22.589082851290282)
2021-01-01 15:08:46,22.67769343953887,2021-01-01 16:26:03,114.0572676110679,a2ac02dc6aae71c2837343**********,114.05565394880611,22.677339306509843,,POINT (114.05565394880611 22.67769343953887)
2021-01-01 15:08:54,22.54404032314521,2021-01-01 15:47:13,113.96308576641721,33d4b0d4406ebdb49b4c90**********,113.96606476190716,22.542381964453426,,POINT (113.96606476190716 22.54404032314521)
2021-01-01 15:09:12,22.54448616003323,2021-01-01 15:47:10,114.10178631337658,eaf698677853b3e7760d53**********,114.0410947450451,22.54145614519195,,POINT (114.0410947450451 22.54448616003323)
2021-01-01 15:11:02,22.543330938511655,2021-01-01 15:14:56,114.09505752689883,a595b4888229812638be81**********,114.09875451913717,22.543103566528952,,POINT (114.09875451913717 22.543330938511655)
2021-01-01 15:11:46,22.555555356577155,2021-01-01 15:37:04,113.8802114507151,8333d1996145f8061f2e13**********,113.88099501344931,22.5486430874027,,POINT (113.88099501344931 22.555555356577155)
2021-01-01 15:12:04,22.545457348448775,2021-01-01 15:40:19,113.95766640025185,b6b3d6b8d9c8089dcc624d**********,113.94469346823797,22.555950097002597,,POINT (113.94469346823797 22.545457348448775)
2021-01-01 15:12:20,22.60351658322057,2021-01-01 15:24:44,114.32114284354367,d1e084f9671c2683ee2d9f**********,114.32078786942799,22.599567089579153,,POINT (114.32078786942799 22.60351658322057)
2021-01-01 15:13:03,22.536354969124314,2021-01-01 15:16:58,113.97802770199826,f65732685893320d6c435c**********,113.97792808156025,22.536031966184,,POINT (113.97792808156025 22.536354969124314)
2021-01-01 15:14:17,22.561208694160438,2021-01-01 16:03:54,113.90855751267169,d12d295cf260c00142a507**********,113.94926511623162,22.562167300113288,,POINT (113.94926511623162 22.561208694160438)
2021-01-01 15:14:17,22.56129230178562,2021-01-01 16:03:54,113.90864132018223,cb344ad803b586e6efe34c**********,113.94934877241246,22.5622510492754,,POINT (113.94934877241246 22.56129230178562)
2021-01-01 15:14:34,22.553437386053197,2021-01-01 15:21:41,114.01081371857119,795604f95fd147cf54565e**********,114.01319810624294,22.55256531580563,,POINT (114.01319810624294 22.553437386053197)
2021-01-01 15:14:34,22.553420536308053,2021-01-01 15:21:41,114.01079686058534,133d0912eaf8038fffa44d**********,114.01318124764938,22.55254846660688,,POINT (114.01318124764938 22.553420536308053)
2021-01-01 15:14:53,22.549660252013464,2021-01-01 15:18:42,114.00568814376672,7bd0610b5a44d11839425d**********,114.00695260625984,22.551382370966067,,POINT (114.00695260625984 22.549660252013464)
2021-01-01 15:15:10,22.52422036249962,2021-01-01 15:51:15,113.9657298722649,94203754ab2cdbec5d2c80**********,113.96069687876796,22.52577891464547,,POINT (113.96069687876796 22.52422036249962)
2021-01-01 15:15:10,22.524208593112856,2021-01-01 15:51:15,113.96571809849162,a9e7802466e7dcab4101a3**********,113.960685103396,22.525767146778488,,POINT (113.960685103396 22.524208593112856)
2021-01-01 15:15:14,22.65063506348145,2021-01-01 15:27:24,114.07383120473473,4ab075964da2a166eb1e10**********,114.07064809390721,22.65280504373897,,POINT (114.07064809390721 22.65063506348145)
2021-01-01 15:15:19,22.662337101174398,2021-01-01 15:21:13,114.03763279694694,159dbd306231ba01f554f8**********,114.03935081870381,22.667912348544235,,POINT (114.03935081870381 22.662337101174398)
2021-01-01 15:15:27,22.557073555848213,2021-01-01 15:44:46,114.01561432604241,26fe7085070352bc8cfbcd**********,114.0290003391476,22.53986442048185,,POINT (114.0290003391476 22.557073555848213)
2021-01-01 15:15:27,22.557014712038704,2021-01-01 15:44:46,114.01555546816319,9cbcab40472aac11a24e35**********,114.02894146273454,22.539805592622407,,POINT (114.02894146273454 22.557014712038704)
2021-01-01 15:17:32,22.675014780107706,2021-01-01 15:30:03,113.96014208013654,f474839d60c6459f7fc0fd**********,113.97898246272358,22.686683977938134,,POINT (113.97898246272358 22.675014780107706)
2021-01-01 15:18:41,22.58343352751482,2021-01-01 15:57:10,113.99003820872099,133bf481e77363c000384e**********,113.95341044946501,22.598070427363133,,POINT (113.95341044946501 22.58343352751482)
2021-01-01 15:19:14,22.5876664347894,2021-01-01 15:21:29,113.83295109945364,65be79350aa241d00a79ed**********,113.83343350052479,22.589851042904726,,POINT (113.83343350052479 22.5876664347894)
2021-01-01 15:19:14,22.587733650915773,2021-01-01 15:21:29,113.8330183739811,aec7e8796761b9bfe05858**********,113.83350077479714,22.58991825910153,,POINT (113.83350077479714 22.587733650915773)
2021-01-01 15:19:54,22.592124098116066,2021-01-01 16:01:00,114.27290202014919,4a508d06d4de414a6d6572**********,114.26300183331377,22.586828474433815,,POINT (114.26300183331377 22.592124098116066)
2021-01-01 15:20:21,22.552169602208327,2021-01-01 15:30:26,114.22909060898158,7d54ca5af2ca684864c596**********,114.22470536779872,22.559524646578733,,POINT (114.22470536779872 22.552169602208327)
2021-01-01 15:20:23,22.59222259496056,2021-01-01 16:01:07,114.27273035194217,997c8519f6b8cbc9c2f436**********,114.26307696787393,22.586870702121864,,POINT (114.26307696787393 22.59222259496056)
2021-01-01 15:21:36,22.548897284390364,2021-01-01 15:43:38,113.94499059202107,1fb05f202e58daa8f4f199**********,113.95517481915128,22.53669567876444,,POINT (113.95517481915128 22.548897284390364)
2021-01-01 15:21:39,22.65506123332415,2021-01-01 16:08:50,114.06223868639495,904a942a3306025bdad472**********,114.06284321500304,22.639385136519707,,POINT (114.06284321500304 22.65506123332415)
2021-01-01 15:21:39,22.655008615003002,2021-01-01 16:08:50,114.0621860293909,15a9a32c0fbdadfc997114**********,114.06279055653833,22.639332518590987,,POINT (114.06279055653833 22.655008615003002)
2021-01-01 15:21:49,22.662147287947086,2021-01-01 15:49:25,114.03065885029125,66208dc4c6eea836df3dbd**********,114.036364513813,22.66575757526583,,POINT (114.036364513813 22.662147287947086)
2021-01-01 15:22:05,22.561732098114422,2021-01-01 15:27:42,114.11915909373018,a40fc0a95aef860f106df2**********,114.12488693112452,22.561458682592406,,POINT (114.12488693112452 22.561732098114422)
2021-01-01 15:22:16,22.63824161863265,2021-01-01 15:27:37,114.06154378546753,245f8a200c38c6d5784cba**********,114.05897639074121,22.63851628130175,,POINT (114.05897639074121 22.63824161863265)
2021-01-01 15:22:16,22.638307706636652,2021-01-01 15:27:37,114.06160992953005,15494e462995b059617d1b**********,114.05904252709824,22.638582376472172,,POINT (114.05904252709824 22.638307706636652)
2021-01-01 15:22:37,22.528947243091412,2021-01-01 15:38:25,113.98289857615141,63085a304875039c4395d5**********,113.9827627008742,22.523928461874107,,POINT (113.9827627008742 22.528947243091412)
2021-01-01 15:22:37,22.52885262927267,2021-01-01 15:38:25,113.98280391643881,77f5bdcf13808f8ff179e0**********,113.98266804103189,22.523833847553995,,POINT (113.98266804103189 22.52885262927267)
2021-01-01 15:22:54,22.489714291057343,2021-01-01 15:40:46,113.91920282187772,039c5f3e96a03450d5ce4c**********,113.91922744600636,22.489760585878724,,POINT (113.91922744600636 22.489714291057343)
2021-01-01 15:23:16,22.531941102527526,2021-01-01 15:40:37,113.99682315226802,c15bab18ca0d750248eb33**********,114.02047181798041,22.528838518367223,,POINT (114.02047181798041 22.531941102527526)
2021-01-01 15:23:16,22.531972513846195,2021-01-01 15:40:37,113.996854570487,769cf580fb56ad51e2dd3f**********,114.020503245217,22.528869921428843,,POINT (114.020503245217 22.531972513846195)
2021-01-01 15:23:23,22.525846353343645,2021-01-01 15:38:46,113.97853706026024,a7ed9a1077da92058288a2**********,113.97392482325492,22.52166916352214,,POINT (113.97392482325492 22.525846353343645)
2021-01-01 15:23:23,22.52592382870744,2021-01-01 15:38:46,113.97861456773545,135dfa75420a31079f2cc9**********,113.97400233662768,22.521746633788553,,POINT (113.97400233662768 22.52592382870744)
2021-01-01 15:24:10,22.638797815003088,2021-01-01 15:42:54,114.08225239019397,a65fd5cd6fb1ff7558a394**********,114.06239292971816,22.641401449304347,,POINT (114.06239292971816 22.638797815003088)
2021-01-01 15:24:52,22.528151375495504,2021-01-01 15:40:06,114.078082553189,a67a4832e1e3c8598a7a67**********,114.0717462466276,22.533559125847848,,POINT (114.0717462466276 22.528151375495504)
2021-01-01 15:25:01,22.524646207501238,2021-01-01 16:18:32,114.03280958753528,f6fbf5916e6eb1e455f676**********,113.99045261998904,22.518297873398268,,POINT (113.99045261998904 22.524646207501238)
2021-01-01 15:25:48,22.54902033087774,2021-01-01 16:09:56,114.08194861383114,5d212e2145b0e9996b2196**********,114.04633943164309,22.555501599373933,,POINT (114.04633943164309 22.54902033087774)
2021-01-01 15:26:06,22.525754234446133,2021-01-01 15:48:28,113.96059014039487,8f9c14df405e0d643cbe9d**********,113.9658158676502,22.52193644233706,,POINT (113.9658158676502 22.525754234446133)
2021-01-01 15:26:46,22.59218847007535,2021-01-01 16:22:17,114.29914246587002,4776b739884a60dbcb4e17**********,114.25166291293715,22.590026416161116,,POINT (114.25166291293715 22.59218847007535)
2021-01-01 15:26:48,22.589902645534693,2021-01-01 16:09:05,114.27211835764362,11507e48f01e7e8322a943**********,114.26814196796325,22.58618809313494,,POINT (114.26814196796325 22.589902645534693)
2021-01-01 15:26:48,22.57916312959875,2021-01-01 15:34:31,114.11783163539778,e84910fc1bcec65560208c**********,114.12253140300784,22.571383073081563,,POINT (114.12253140300784 22.57916312959875)
2021-01-01 15:26:48,22.611471724708483,2021-01-01 15:49:13,113.85595984321753,679119296caeb095ecfb44**********,113.8486643824055,22.61773687843226,,POINT (113.8486643824055 22.611471724708483)
2021-01-01 15:28:36,22.54024574941578,2021-01-01 15:55:39,114.0786441892567,0efdb027ffe8f6a9fdb7b7**********,114.05145200560851,22.534066361258162,,POINT (114.05145200560851 22.54024574941578)
2021-01-01 15:28:36,22.54033098947316,2021-01-01 15:55:39,114.07872958641724,fe9528855b6afee684b4ae**********,114.05153729564591,22.534151702044316,,POINT (114.05153729564591 22.54033098947316)
2021-01-01 15:28:57,22.520725385244525,2021-01-01 15:55:17,113.94279982871298,c7be3f1f89a433373ae4e4**********,113.93330971317445,22.52043992594935,,POINT (113.93330971317445 22.520725385244525)
2021-01-01 15:29:02,22.52544180114418,2021-01-01 15:39:37,113.94994861700698,19324a7bacf3231a310510**********,113.9496015986938,22.521997471747138,,POINT (113.9496015986938 22.52544180114418)
2021-01-01 15:30:16,22.62181431572347,2021-01-01 15:37:51,114.04113840451795,171cc2b2bfe808ff68cac2**********,114.0487952590519,22.61921084630003,,POINT (114.0487952590519 22.62181431572347)
2021-01-01 15:30:17,22.553691294923397,2021-01-01 15:38:28,113.92225011370418,23cce154396a1c41939449**********,113.91969849493428,22.54603784464252,,POINT (113.91969849493428 22.553691294923397)
2021-01-01 15:31:48,22.54743773683463,2021-01-01 15:37:07,114.09012933207997,25c94389c969dbbf27ab92**********,114.08951753137839,22.545690552354213,,POINT (114.08951753137839 22.54743773683463)
2021-01-01 15:31:49,22.562011634530638,2021-01-01 15:41:56,114.23609473900932,914eb59bf99f0424f3eec0**********,114.23084805248618,22.55479689735827,,POINT (114.23084805248618 22.562011634530638)
2021-01-01 15:31:49,22.562054953568243,2021-01-01 15:41:56,114.23613807902065,78fbf39d7a01f2ae232f86**********,114.23089140173457,22.554840208409942,,POINT (114.23089140173457 22.562054953568243)
2021-01-01 15:32:08,22.603515645080513,2021-01-01 15:36:41,114.3211841566796,1ea3b36d1ad466c19288ca**********,114.32082361531229,22.59947640314656,,POINT (114.32082361531229 22.603515645080513)
2021-01-01 15:32:08,22.603456666205094,2021-01-01 15:36:41,114.3211251499361,01d6050fe69395caf345af**********,114.32076460850682,22.59941742400919,,POINT (114.32076460850682 22.603456666205094)
2021-01-01 15:32:25,22.622008783659506,2021-01-01 16:17:30,114.02725023203992,ee5591399d2336e0dcec2d**********,114.04952491187136,22.60599097411163,,POINT (114.04952491187136 22.622008783659506)
2021-01-01 15:32:25,22.62197265802225,2021-01-01 16:17:30,114.02721410965852,2375960b1fbc1f7369a11a**********,114.04948876150124,22.60595487385132,,POINT (114.04948876150124 22.62197265802225)
2021-01-01 15:32:32,22.544271915355154,2021-01-01 15:39:59,114.1164352616409,41e6a8a6de9bce3c4837e2**********,114.11733767480484,22.5476036335372,,POINT (114.11733767480484 22.544271915355154)
2021-01-01 15:32:32,22.54427992262294,2021-01-01 15:39:59,114.11644327490171,740bfa286e8444779ecbe7**********,114.11734568833539,22.54761164051617,,POINT (114.11734568833539 22.54427992262294)
2021-01-01 15:32:45,22.545507612262888,2021-01-01 16:13:12,114.08197692133194,d7a8bb4bc8086d2ee9eee5**********,114.11339509594957,22.545503770317723,,POINT (114.11339509594957 22.545507612262888)
2021-01-01 15:32:45,22.54550901333406,2021-01-01 16:13:12,114.081978321508,b99b68f0f95ea66e9d4c61**********,114.11339649810623,22.54550516953406,,POINT (114.11339649810623 22.54550901333406)
2021-01-01 15:33:23,22.548957244063075,2021-01-01 15:57:02,114.13378708752471,27f8413f57778de823ffee**********,114.11631530777854,22.5486089448228,,POINT (114.11631530777854 22.548957244063075)
2021-01-01 15:33:23,22.548863663222022,2021-01-01 15:57:02,114.13369338027137,2a9d3b1368450664efec77**********,114.11622165339354,22.548515314113917,,POINT (114.11622165339354 22.548863663222022)
2021-01-01 15:33:25,22.604487093266375,2021-01-01 15:50:37,113.82886930815148,1d8e9f076a03ee1cc063fa**********,113.83684778804806,22.601369897427467,,POINT (113.83684778804806 22.604487093266375)
2021-01-01 15:33:25,22.604582653237458,2021-01-01 15:50:37,113.82896495858634,d324e053c6e09be7b5ede0**********,113.83694343274995,22.601465463630383,,POINT (113.83694343274995 22.604582653237458)
2021-01-01 15:34:20,22.52856473444695,2021-01-01 15:47:45,113.99036340710241,308b342891bbe294ebd83a**********,113.99668051201877,22.524625658828775,,POINT (113.99668051201877 22.52856473444695)
2021-01-01 15:34:51,22.68465556243405,2021-01-01 15:46:17,113.99074765184614,f49060afc0a074ef1f87e4**********,114.00212907814031,22.68598268188421,,POINT (114.00212907814031 22.68465556243405)
2021-01-01 15:34:57,22.692193210739735,2021-01-01 16:04:35,113.97015118810825,398aebf1820fd010dd8fa3**********,113.9866404722975,22.698094095705283,,POINT (113.9866404722975 22.692193210739735)
2021-01-01 15:36:02,22.53360352873992,2021-01-01 16:00:46,113.91911204817825,f002d5dd86609eed613871**********,113.91622941566563,22.52235983565572,,POINT (113.91622941566563 22.53360352873992)
2021-01-01 15:38:02,22.556892234169222,2021-01-01 15:52:42,114.23519841574466,c800a0efa81efca563f378**********,114.23364860930172,22.557517568902057,,POINT (114.23364860930172 22.556892234169222)
2021-01-01 15:38:03,22.547918274259146,2021-01-01 15:50:10,114.07733736883,bd75b0a4dbfa5f913bea8b**********,114.07170730940572,22.551434022455123,,POINT (114.07170730940572 22.547918274259146)
2021-01-01 15:38:35,22.549123986183762,2021-01-01 15:43:36,114.08142818453945,92f4fbc84321b4f6a39252**********,114.08381937880205,22.549326557668547,,POINT (114.08381937880205 22.549123986183762)
2021-01-01 15:38:52,22.679498211506008,2021-01-01 15:44:01,114.0081461049778,91faf88942cf5241f488f7**********,114.00217132599906,22.675587548321708,,POINT (114.00217132599906 22.679498211506008)
2021-01-01 15:38:54,22.517397081054888,2021-01-01 16:39:15,113.9205929983475,50b3718c3141f23cff652a**********,113.92352136758821,22.51881110152273,,POINT (113.92352136758821 22.517397081054888)
2021-01-01 15:38:58,22.559805535901422,2021-01-01 15:59:11,113.88989774711733,3ab452321ebdfb04b57c95**********,113.90046073606182,22.563650370957856,,POINT (113.90046073606182 22.559805535901422)
2021-01-01 15:38:58,22.559850425159578,2021-01-01 15:59:11,113.88994269051344,a0cea400ae1164fafa5a3c**********,113.90050565753285,22.563695280571924,,POINT (113.90050565753285 22.559850425159578)
2021-01-01 15:39:06,22.56945633862669,2021-01-01 16:22:21,113.872495202616,e91a358e58494a74cff13c**********,113.8689944002941,22.573042543958145,,POINT (113.8689944002941 22.56945633862669)
2021-01-01 15:39:22,22.658057797138785,2021-01-01 15:55:52,114.03017179082524,e84691d8f41fb81d6f7354**********,114.03239101819115,22.66714229546662,,POINT (114.03239101819115 22.658057797138785)
2021-01-01 15:39:22,22.658013715517775,2021-01-01 15:55:52,114.03012768197526,9bd87bf51f7ef3878359cc**********,114.03234690636533,22.667098217073363,,POINT (114.03234690636533 22.658013715517775)
2021-01-01 15:39:27,22.50275259818646,2021-01-01 16:01:04,113.93474488901786,7ca1d4bf11cfb9ab3ea139**********,113.93327543359808,22.519522071331572,,POINT (113.93327543359808 22.50275259818646)
2021-01-01 15:39:27,22.502726041042646,2021-01-01 16:01:04,113.93471831910425,86872f5b457947cc50c56f**********,113.93324886196972,22.519495516383305,,POINT (113.93324886196972 22.502726041042646)
2021-01-01 15:39:32,22.51779750030334,2021-01-01 15:52:20,113.93746143098817,d6626eab2338e8c979f6b7**********,113.94807811898026,22.52288557548091,,POINT (113.94807811898026 22.51779750030334)
2021-01-01 15:40:49,22.586883049866692,2021-01-01 16:09:13,114.27481248012438,c410b7bcb3b68afda44221**********,114.30139293404248,22.589023177146128,,POINT (114.30139293404248 22.586883049866692)
2021-01-01 15:41:09,22.65101813348381,2021-01-01 16:03:27,114.03548345637887,f2b860a5cac29bd3710bc4**********,114.01939840932097,22.654638094070034,,POINT (114.01939840932097 22.65101813348381)
2021-01-01 15:41:17,22.54591226686991,2021-01-01 16:32:43,113.94692970927748,9ce012fdccc4d578db30fb**********,113.94951008158644,22.55490170117382,,POINT (113.94951008158644 22.54591226686991)
2021-01-01 15:42:59,22.53124489761776,2021-01-01 16:19:13,114.0381179094698,ff82281bb0671da8c7813b**********,114.05198796088395,22.51623702634892,,POINT (114.05198796088395 22.53124489761776)
2021-01-01 15:44:00,22.54874943438156,2021-01-01 15:56:32,113.87600045521081,fe2ce7ddbda7c2cb279f50**********,113.88021802349121,22.5538026636871,,POINT (113.88021802349121 22.54874943438156)
2021-01-01 15:44:10,22.521902269930035,2021-01-01 15:46:27,114.03605157644522,ce08beaf71994ba8fbfb4e**********,114.03503278819726,22.51955802819606,,POINT (114.03503278819726 22.521902269930035)
2021-01-01 15:44:11,22.537512971204684,2021-01-01 16:07:38,114.09517655588445,b81cf9d84293109efe6ce2**********,114.07744922337996,22.54460859858617,,POINT (114.07744922337996 22.537512971204684)
2021-01-01 15:44:32,22.487518065351324,2021-01-01 16:07:59,113.92013320913239,fded5df63fc6659d5d1862**********,113.91280232391077,22.502300930328957,,POINT (113.91280232391077 22.487518065351324)
2021-01-01 15:44:35,22.675129313442525,2021-01-01 16:04:47,113.93932791717711,a16d2d331373b03f4129a7**********,113.9375781593677,22.67166824393378,,POINT (113.9375781593677 22.675129313442525)
2021-01-01 15:45:04,22.62454360867905,2021-01-01 15:54:43,114.1090175388185,5f58732b521292c3e782a9**********,114.10208857818544,22.63078387771662,,POINT (114.10208857818544 22.62454360867905)
2021-01-01 15:45:14,22.557946478224512,2021-01-01 15:54:53,114.03308071530476,5fa3040b17d555ec248c69**********,114.03185608584441,22.562837063362366,,POINT (114.03185608584441 22.557946478224512)
2021-01-01 15:45:14,22.557979293727364,2021-01-01 15:54:53,114.03311355047016,c294f48131a314f3ff50c2**********,114.03188891975928,22.56286987982366,,POINT (114.03188891975928 22.557979293727364)
2021-01-01 15:45:20,22.52371586014003,2021-01-01 15:51:32,113.96720330152093,ef8c4552ba2aa7113202f0**********,113.9696707587577,22.525863465703885,,POINT (113.9696707587577 22.52371586014003)
2021-01-01 15:46:41,22.570456812254168,2021-01-01 15:50:10,113.86025115925159,94fc650c4f59cfddb4f4ed**********,113.86057447271398,22.57077306168527,,POINT (113.86057447271398 22.570456812254168)
2021-01-01 15:47:26,22.584212232848742,2021-01-01 16:25:05,114.30064760531361,bc480d5633e57c4419f3d3**********,114.30121779092714,22.593341880127376,,POINT (114.30121779092714 22.584212232848742)
2021-01-01 15:48:38,22.5415212364602,2021-01-01 15:56:59,114.08431409757472,5583eecac139872908ba81**********,114.09269306933129,22.542153604276955,,POINT (114.09269306933129 22.5415212364602)
2021-01-01 15:48:45,22.64928527591492,2021-01-01 15:54:07,114.03480695206191,bfe3b71ee2a813d2698218**********,114.03066130991009,22.65283149014612,,POINT (114.03066130991009 22.64928527591492)
2021-01-01 15:48:47,22.61944468008425,2021-01-01 15:59:36,114.03932477316937,f7069ccb6b552959880341**********,114.03596420514002,22.613166113719572,,POINT (114.03596420514002 22.61944468008425)
2021-01-01 15:48:47,22.619432311384998,2021-01-01 15:59:36,114.03931239502424,1502a3ecedca6152ad437f**********,114.035951828434,22.61315374358408,,POINT (114.035951828434 22.619432311384998)
2021-01-01 15:49:25,22.65608798620393,2021-01-01 16:04:30,114.04579775617206,650dd3caaa0326e84ab54f**********,114.03437853745709,22.642496206296638,,POINT (114.03437853745709 22.65608798620393)
2021-01-01 15:49:27,22.678436866719842,2021-01-01 16:26:05,114.07764924770211,de48a7b53542ee1a56b64f**********,114.04403458599104,22.683416610763413,,POINT (114.04403458599104 22.678436866719842)
2021-01-01 15:49:45,22.61435210759567,2021-01-01 16:00:13,114.03680397402061,e37dcda6e8e223f05347e0**********,114.0281429791636,22.6102021526759,,POINT (114.0281429791636 22.61435210759567)
2021-01-01 15:50:33,22.60514414758308,2021-01-01 16:01:20,114.03683468070447,19449fd65a568de362f5e3**********,114.03693358223299,22.60987115075907,,POINT (114.03693358223299 22.60514414758308)
2021-01-01 15:51:30,22.614184846678505,2021-01-01 15:56:01,114.05550654174264,7427f7e0579d9a7053a6a6**********,114.05030061179181,22.61904947102958,,POINT (114.05030061179181 22.614184846678505)
2021-01-01 15:52:22,22.59866043947053,2021-01-01 16:21:59,114.32177333749937,679fc539d0785708290107**********,114.30398844437721,22.604095727254812,,POINT (114.30398844437721 22.59866043947053)
2021-01-01 15:52:37,22.653033848700673,2021-01-01 16:00:48,114.03713671990472,846e0e84ccbf6592ee149e**********,114.03788233075223,22.653285335526995,,POINT (114.03788233075223 22.653033848700673)
2021-01-01 15:52:45,22.54815687880385,2021-01-01 16:04:04,113.88463546207072,8d8fb2b165a7b8c822b417**********,113.89192885412615,22.545068233291776,,POINT (113.89192885412615 22.54815687880385)
2021-01-01 15:53:18,22.67649234748503,2021-01-01 16:05:23,113.9952925374796,a0a927599ee37c8a72360b**********,113.98902979380753,22.683294550104808,,POINT (113.98902979380753 22.67649234748503)
2021-01-01 15:53:32,22.541110744707055,2021-01-01 15:55:05,113.939833429505,bb90a85e855600ebbe412a**********,113.97450426693892,22.543075591400974,,POINT (113.97450426693892 22.541110744707055)
2021-01-01 15:53:43,22.52879804851023,2021-01-01 16:02:16,113.99034421488156,7065dfcb1f9f617518aa62**********,113.99647501877737,22.524793760245316,,POINT (113.99647501877737 22.52879804851023)
2021-01-01 15:53:49,22.67562763863098,2021-01-01 15:59:58,113.79663609178073,f5e2f5d87c08ac7b8575ec**********,113.80066020118288,22.67181969550383,,POINT (113.80066020118288 22.67562763863098)
2021-01-01 15:53:55,22.63318223836505,2021-01-01 16:02:08,114.06620066920979,45dad0a56d3b166a8bbc36**********,114.06047327764472,22.629909759267527,,POINT (114.06047327764472 22.63318223836505)
2021-01-01 15:53:55,22.589783882823063,2021-01-01 17:05:07,114.27838427528914,eb8a0dc5d0cc6ce543c0aa**********,114.2708494030103,22.58970902804133,,POINT (114.2708494030103 22.589783882823063)
2021-01-01 15:54:56,22.568871504220507,2021-01-01 16:06:12,114.13460011082631,4ffcb6fdad2f33c049ef07**********,114.13802446605926,22.559391964833388,,POINT (114.13802446605926 22.568871504220507)
2021-01-01 15:56:09,22.629573114598223,2021-01-01 17:19:16,114.05537261069072,480269ce3f5915da37c06c**********,114.07632727116821,22.630861783955396,,POINT (114.07632727116821 22.629573114598223)
2021-01-01 15:56:09,22.629579908332637,2021-01-01 17:19:16,114.05537940305945,196e93e580bd7947bb0101**********,114.07633407016779,22.63086857149119,,POINT (114.07633407016779 22.629579908332637)
2021-01-01 15:56:43,22.583057401845103,2021-01-01 16:02:59,113.92528291403733,07921c578b85de4f8c67e4**********,113.91883409950468,22.58736035590271,,POINT (113.91883409950468 22.583057401845103)
2021-01-01 15:56:43,22.58315199799842,2021-01-01 16:02:59,113.92537754695027,6d8a1ce17e532bf6ceb60b**********,113.91892876118118,22.587454924614786,,POINT (113.91892876118118 22.58315199799842)
2021-01-01 15:56:43,22.58315199799842,2021-01-01 16:02:59,113.92537754695027,093a93d7f9251b800cd241**********,113.91892876118118,22.587454924614786,,POINT (113.91892876118118 22.58315199799842)
2021-01-01 15:57:04,22.523397105010293,2021-01-01 16:37:45,113.97384900861897,b506e119b7a89b31bcaee9**********,113.94991475500836,22.52979462477061,,POINT (113.94991475500836 22.523397105010293)
2021-01-01 15:57:19,22.530013412210256,2021-01-01 16:09:12,113.94373322601635,0459ad81dddb5f94af1e2c**********,113.94051820661083,22.51921769402541,,POINT (113.94051820661083 22.530013412210256)
2021-01-01 15:57:19,22.529929474916706,2021-01-01 16:09:12,113.94364925241113,9f1ab3a4230b46abd9d4c5**********,113.94043422215502,22.519133765688537,,POINT (113.94043422215502 22.529929474916706)
2021-01-01 15:57:22,22.65925357863149,2021-01-01 16:41:12,114.00597162698945,cfac820d82f66ae85c6269**********,114.02441240561075,22.66114554287115,,POINT (114.02441240561075 22.65925357863149)
2021-01-01 15:58:00,22.57170494573779,2021-01-01 16:10:41,113.8791132656541,5b6ba13a2887ca3c919d54**********,113.8832419221952,22.561206439378118,,POINT (113.8832419221952 22.57170494573779)
2021-01-01 15:58:27,22.63015743608691,2021-01-01 16:29:01,114.05638572630573,a78b8732f1e46eb8654340**********,114.06255526521677,22.663476886386416,,POINT (114.06255526521677 22.63015743608691)
2021-01-01 15:58:30,22.648214852273913,2021-01-01 16:11:25,114.03445430285717,81f4272242690924cff4bd**********,114.02371216251349,22.644948919609547,,POINT (114.02371216251349 22.648214852273913)
2021-01-01 15:59:23,22.653486287376236,2021-01-01 16:13:06,114.01658368288659,5f8cc20b110945c5422adb**********,114.00760984213315,22.65340445302684,,POINT (114.00760984213315 22.653486287376236)
2021-01-01 15:59:23,22.6533928844265,2021-01-01 16:13:06,114.01649020714423,e8502254d969804979c086**********,114.00751637911588,22.653311038237145,,POINT (114.00751637911588 22.6533928844265)
2021-01-01 16:00:02,22.62135790492653,2021-01-01 16:13:35,114.04549522284248,334bdfa64992a7086f3ab4**********,114.05400348184267,22.617177566322887,,POINT (114.05400348184267 22.62135790492653)
2021-01-01 16:00:02,22.62131288961369,2021-01-01 16:13:35,114.04545019196657,1ece12a2a40ffdc4768123**********,114.05395843517925,22.61713256550191,,POINT (114.05395843517925 22.62131288961369)
2021-01-01 16:00:47,22.558722140142905,2021-01-01 16:15:52,113.87136419683563,19610c48bfea3a42d1c610**********,113.86270290387618,22.56260059093935,,POINT (113.86270290387618 22.558722140142905)
2021-01-01 16:00:54,22.48304289154045,2021-01-01 16:18:19,113.92638466956964,bf8fa5457373c4778373cd**********,113.92570106236735,22.489693330278428,,POINT (113.92570106236735 22.48304289154045)
2021-01-01 16:01:17,22.68316497079691,2021-01-01 16:10:51,114.00300614941789,0d50822158d99b54a68e7f**********,114.0077901909158,22.685291153888187,,POINT (114.0077901909158 22.68316497079691)
2021-01-01 16:02:13,22.536982559783507,2021-01-01 16:13:11,114.12361329286698,18b5e2b2c44ec9b4d57a73**********,114.11653107580035,22.545181044445233,,POINT (114.11653107580035 22.536982559783507)
2021-01-01 16:02:13,22.536926910374184,2021-01-01 16:13:11,114.12355758656895,000e825cefcc6ae5d72e3d**********,114.11647538351062,22.545125382462974,,POINT (114.11647538351062 22.536926910374184)
2021-01-01 16:02:39,22.555005845923947,2021-01-01 16:13:16,114.05774473930668,fad496a4fa2354fef9ddeb**********,114.06291381483445,22.546258685619165,,POINT (114.06291381483445 22.555005845923947)
2021-01-01 16:03:10,22.60207982218188,2021-01-01 16:33:59,113.83281830781726,6ef568e3e468cc34640527**********,113.83729874341316,22.589828549700258,,POINT (113.83729874341316 22.60207982218188)
2021-01-01 16:03:10,22.60210766875621,2021-01-01 16:33:59,113.83284618015716,77a98200a436051227e47e**********,113.8373266145909,22.58985639787555,,POINT (113.8373266145909 22.60210766875621)
2021-01-01 16:03:58,22.677284879922727,2021-01-01 16:24:41,114.0126991463713,2d5ac2293b55cfda979a48**********,113.9907671443075,22.67735125235299,,POINT (113.9907671443075 22.677284879922727)
2021-01-01 16:03:58,22.677249794532223,2021-01-01 16:24:41,114.0126640329846,8afe88fc6effc1c18f0ba5**********,113.99073203558457,22.67731616265024,,POINT (113.99073203558457 22.677249794532223)
2021-01-01 16:04:15,22.559909493650224,2021-01-01 18:11:26,114.13442708739461,ecda7a90191606fa86e6f2**********,114.12504666167564,22.564125266007945,,POINT (114.12504666167564 22.559909493650224)
2021-01-01 16:04:15,22.55993922754548,2021-01-01 18:11:26,114.13445685378073,863af548dc00d975bae5d0**********,114.12507641990679,22.564155007439695,,POINT (114.12507641990679 22.55993922754548)
2021-01-01 16:04:36,22.640012956955825,2021-01-01 16:22:26,114.0036465662359,6456c3beea3badf19ca3a7**********,114.01526903646933,22.654973467596424,,POINT (114.01526903646933 22.640012956955825)
2021-01-01 16:04:41,22.552744068725744,2021-01-01 16:22:28,114.01698078995182,3b06a1af084c1c3156728c**********,114.01070928061586,22.543619497068548,,POINT (114.01070928061586 22.552744068725744)
2021-01-01 16:04:41,22.552708575799727,2021-01-01 16:22:28,114.01694527479147,7ab4e0abc9097f989d3a73**********,114.01067376917595,22.543584000259195,,POINT (114.01067376917595 22.552708575799727)
2021-01-01 16:04:58,22.58330876534561,2021-01-01 16:11:51,113.94156155535366,7a2de93bfa9430ad329d1a**********,113.938535543299,22.57839481222978,,POINT (113.938535543299 22.58330876534561)
2021-01-01 16:05:16,22.5685266248652,2021-01-01 16:16:21,114.09942009378653,8aafde8fa744faa707b25d**********,114.09480010261008,22.558207090313964,,POINT (114.09480010261008 22.5685266248652)
2021-01-01 16:05:16,22.568482125758255,2021-01-01 16:16:21,114.0993755516662,497fbf94a18ce06c0bc3e9**********,114.09475556990678,22.55816258179176,,POINT (114.09475556990678 22.568482125758255)
2021-01-01 16:07:05,22.549145019641145,2021-01-01 16:24:45,114.12711189249292,c0cdd9de4f4e450e7f301a**********,114.11666429641825,22.554987189201942,,POINT (114.11666429641825 22.549145019641145)
2021-01-01 16:07:11,22.561845563447914,2021-01-01 16:36:57,113.95622332779531,ae9adc86de1befe6f928fe**********,113.95306737859539,22.57301479194978,,POINT (113.95306737859539 22.561845563447914)
2021-01-01 16:07:39,22.553338564833076,2021-01-01 16:14:22,114.04465174885631,e51008f2780e2ea074b60f**********,114.0418149406794,22.549644801498097,,POINT (114.0418149406794 22.553338564833076)
2021-01-01 16:07:47,22.638011773079015,2021-01-01 16:15:55,114.06481378893521,c767968ed41ac38c83f5b4**********,114.05870457164454,22.634032591268202,,POINT (114.05870457164454 22.638011773079015)
2021-01-01 16:07:47,22.63796086004755,2021-01-01 16:15:55,114.06476282446593,b6b54f1492c7d1386cd741**********,114.05865362143058,22.63398166469498,,POINT (114.05865362143058 22.63796086004755)
2021-01-01 16:07:53,22.50968527288643,2021-01-01 16:54:03,113.93688605423046,45b583e5850e760259876b**********,113.895616939803,22.513281058146116,,POINT (113.895616939803 22.50968527288643)
2021-01-01 16:08:02,22.56381491165691,2021-01-01 16:26:45,114.23631949578588,eaf043751ff47e4851849d**********,114.23574101733583,22.55533615855137,,POINT (114.23574101733583 22.56381491165691)
2021-01-01 16:08:45,22.54660140578746,2021-01-01 16:21:19,113.89299956471196,391d13ad84261e1245cde0**********,113.88408488516657,22.54146874377512,,POINT (113.88408488516657 22.54660140578746)
2021-01-01 16:09:22,22.57854357380072,2021-01-01 16:21:02,113.85030207655196,4d748d7edd05496392ddc0**********,113.85048128172848,22.57862184819159,,POINT (113.85048128172848 22.57854357380072)
2021-01-01 16:09:40,22.547131895510464,2021-01-01 16:19:08,114.07970405608557,c972bbddc0de09d6e392a0**********,114.08115867512916,22.552037062923,,POINT (114.08115867512916 22.547131895510464)
2021-01-01 16:10:22,22.53891929584486,2021-01-01 16:30:30,114.0388475324489,14d2077f0920cc3ffb0760**********,114.0216878852916,22.526479170146327,,POINT (114.0216878852916 22.53891929584486)
2021-01-01 16:10:22,22.53894971047859,2021-01-01 16:30:30,114.03887797823633,d1d8515ff9dc6d4e7af740**********,114.02171831567269,22.526509599638075,,POINT (114.02171831567269 22.53894971047859)
2021-01-01 16:11:10,22.566296042556324,2021-01-01 16:14:36,114.15768765218047,dba92f7094583d46fe4e41**********,114.15742849296342,22.568098300259116,,POINT (114.15742849296342 22.566296042556324)
2021-01-01 16:11:28,22.53896529698656,2021-01-01 16:24:35,114.04802749855712,d38098304b015875055e21**********,114.05320324697512,22.541766281130524,,POINT (114.05320324697512 22.53896529698656)
2021-01-01 16:11:51,22.53888502215459,2021-01-01 16:40:10,114.04231262618653,e08054cbd3d47643dc4902**********,114.02175916907906,22.530723240492943,,POINT (114.02175916907906 22.53888502215459)
2021-01-01 16:12:02,22.52788074682436,2021-01-01 16:22:04,113.96078161294349,16fbaa4fbcb459136c1771**********,113.96244328054368,22.521923912591514,,POINT (113.96244328054368 22.52788074682436)
2021-01-01 16:12:34,22.53370580775004,2021-01-01 16:24:27,113.9207964542212,68ff80db5108620956e788**********,113.9197146610881,22.54125774153783,,POINT (113.9197146610881 22.53370580775004)
2021-01-01 16:12:34,22.533770038911968,2021-01-01 16:24:27,113.92086072227801,51c723c8987cdc2dd7e9c2**********,113.91977893244808,22.541321968967498,,POINT (113.91977893244808 22.533770038911968)
2021-01-01 16:13:26,22.555523610421172,2021-01-01 16:46:06,114.23701435563957,b539f5883bc99d11d4cf3f**********,114.23681301159475,22.555649431669334,,POINT (114.23681301159475 22.555523610421172)
2021-01-01 16:14:29,22.542992174991614,2021-01-01 16:44:33,114.07931085710489,bc4bf5e207b9a823bb1cd1**********,114.05684513766273,22.54729745813703,,POINT (114.05684513766273 22.542992174991614)
2021-01-01 16:14:54,22.56916716020456,2021-01-01 16:18:47,114.300268512904,49a89a9fa58f4a6cf597ed**********,114.2769618873691,22.5846564399837,,POINT (114.2769618873691 22.56916716020456)
2021-01-01 16:14:54,22.569138495658095,2021-01-01 16:18:47,114.30023985129496,a5cf6fcd951d35287d709f**********,114.27693320744619,22.58462779235941,,POINT (114.27693320744619 22.569138495658095)
2021-01-01 16:15:07,22.565483563383705,2021-01-01 16:23:02,114.1435783714537,ccc4ae243fda838133b353**********,114.14375123408398,22.569829422549986,,POINT (114.14375123408398 22.565483563383705)
2021-01-01 16:15:07,22.565579515919524,2021-01-01 16:23:02,114.14367440534413,33b91c9ae0883625859e39**********,114.14384726827898,22.569925374248754,,POINT (114.14384726827898 22.565579515919524)
2021-01-01 16:15:52,22.562447284978454,2021-01-01 16:30:53,113.8940828280103,6a2807f3f1aa0ef244c03e**********,113.87746977549503,22.567818228775085,,POINT (113.87746977549503 22.562447284978454)
2021-01-01 16:15:52,22.562482610082412,2021-01-01 16:30:53,113.89411815542526,b97cccb6f29167210f5651**********,113.87750512820493,22.567853529847348,,POINT (113.87750512820493 22.562482610082412)
2021-01-01 16:16:03,22.675155068251854,2021-01-01 16:21:18,114.04818580880328,42e51a6019544a65af8a9a**********,114.05341188032696,22.670176422127113,,POINT (114.05341188032696 22.675155068251854)
2021-01-01 16:17:48,22.537837577820078,2021-01-01 16:20:45,114.06739996043937,63d493a73432236b109e05**********,114.06539426500836,22.53843572555574,,POINT (114.06539426500836 22.537837577820078)
2021-01-01 16:18:04,22.544026954830212,2021-01-01 16:25:44,114.10997153192152,481aaa87817ad024c39f69**********,114.10206120487429,22.547645685314397,,POINT (114.10206120487429 22.544026954830212)
2021-01-01 16:18:16,22.558384277089548,2021-01-01 16:26:57,114.11646846552365,11ea3f6abbb190f53aaa32**********,114.12352620533383,22.550580548738427,,POINT (114.12352620533383 22.558384277089548)
2021-01-01 16:18:28,22.599364655416764,2021-01-01 16:27:27,114.12652559935303,6cad6310f1ef4f94713102**********,114.12542670319058,22.599952751767216,,POINT (114.12542670319058 22.599364655416764)
2021-01-01 16:18:53,22.548036899009624,2021-01-01 16:41:51,114.07859606932477,994c8761bc73ce162e6362**********,114.07176688362773,22.534504318950844,,POINT (114.07176688362773 22.548036899009624)
2021-01-01 16:18:53,22.548003333407188,2021-01-01 16:41:51,114.07856247061666,bf0a41915bc6ec3f605d6b**********,114.071733295967,22.534470742428205,,POINT (114.071733295967 22.548003333407188)
2021-01-01 16:19:13,22.53659895560246,2021-01-01 16:29:41,114.11367051061058,80752e8fc67f434bf9911b**********,114.11715284922586,22.54224748703306,,POINT (114.11715284922586 22.53659895560246)
2021-01-01 16:19:18,22.547743903808932,2021-01-01 16:39:42,114.11611170172543,81624a13046a4ae8948a11**********,114.10964930526377,22.548304580969347,,POINT (114.10964930526377 22.547743903808932)
2021-01-01 16:20:36,22.526533208638178,2021-01-01 16:31:45,114.03524245307851,366b93173949ca26b49baf**********,114.03161046550592,22.522036123492526,,POINT (114.03161046550592 22.526533208638178)
2021-01-01 16:20:37,22.549490496438388,2021-01-01 17:02:11,114.09632773460415,8a26edb1b275e427e61ede**********,114.04106918122704,22.571209448234,,POINT (114.04106918122704 22.549490496438388)
2021-01-01 16:20:55,22.495904095101068,2021-01-01 16:30:04,113.91778135334397,49d30122aa05b929d85b9a**********,113.91408631231813,22.503038046360654,,POINT (113.91408631231813 22.495904095101068)
2021-01-01 16:21:01,22.538597642655628,2021-01-01 17:15:30,114.07086679049748,4df4f4398a318ec2ff864a**********,114.07729989735547,22.557903167024133,,POINT (114.07729989735547 22.538597642655628)
2021-01-01 16:21:52,22.49879667533588,2021-01-01 16:34:46,113.92480373626718,92772c92abdfabe6ff069f**********,113.91685399780322,22.491945480385542,,POINT (113.91685399780322 22.49879667533588)
2021-01-01 16:22:05,22.517753643927513,2021-01-01 16:40:49,113.93799861861906,8ab422ece4c41f2e7cdaf5**********,113.94813237436246,22.52112966154152,,POINT (113.94813237436246 22.517753643927513)
2021-01-01 16:22:33,22.555045465692455,2021-01-01 16:28:03,114.22657900333272,d5a4702dcc22f67b4a5edc**********,114.22099759299648,22.54879465366679,,POINT (114.22099759299648 22.555045465692455)
2021-01-01 16:22:33,22.55502775159613,2021-01-01 16:28:03,114.22656128019068,52f5ade7e682c0e0bce834**********,114.22097986609373,22.548776942840824,,POINT (114.22097986609373 22.55502775159613)
2021-01-01 16:22:38,22.548213024509245,2021-01-01 16:42:05,114.10227762595112,14798b2be73b2811e24399**********,114.11170957436012,22.556232206699757,,POINT (114.11170957436012 22.548213024509245)
2021-01-01 16:23:01,22.555050586160352,2021-01-01 16:28:01,114.22658558131685,10866485be772091469c9a**********,114.22091872790958,22.548968935568116,,POINT (114.22091872790958 22.555050586160352)
2021-01-01 16:23:40,22.541611345678124,2021-01-01 16:30:15,114.0493474622088,7b4a632bb11a09172afb47**********,114.05111683991026,22.538034109136408,,POINT (114.05111683991026 22.541611345678124)
2021-01-01 16:23:55,22.622587719746797,2021-01-01 16:35:07,114.04075873573069,1282266b809612927fc85b**********,114.05056070263002,22.618781992178818,,POINT (114.05056070263002 22.622587719746797)
2021-01-01 16:24:34,22.642099138502775,2021-01-01 16:34:28,114.02076359126947,d8568d3b9ae36cb43bbeb4**********,114.01261786144777,22.631967410681685,,POINT (114.01261786144777 22.642099138502775)
2021-01-01 16:24:43,22.62767513309196,2021-01-01 16:39:32,114.03441860339491,867d3322f490a16732219c**********,114.02538900568503,22.624957550470636,,POINT (114.02538900568503 22.62767513309196)
2021-01-01 16:25:47,22.600117099638492,2021-01-01 16:43:46,113.84163694878933,1cc6b9cf4bd4b7e9e29f3d**********,113.8291884140714,22.605595864553177,,POINT (113.8291884140714 22.600117099638492)
2021-01-01 16:25:50,22.50219615833735,2021-01-01 17:06:17,113.91347766187691,bd7a1cfab813def708e00b**********,113.9351732521824,22.48605120180047,,POINT (113.9351732521824 22.50219615833735)
2021-01-01 16:25:50,22.502152731745316,2021-01-01 17:06:17,113.91343416813694,1facb7ef6247964ed26032**********,113.93512980216529,22.486007733324858,,POINT (113.93512980216529 22.502152731745316)
2021-01-01 16:25:57,22.631183896086288,2021-01-01 16:46:16,114.0349813855695,0afd5ed329fac3bfd9abe2**********,114.05063572606007,22.622377419191334,,POINT (114.05063572606007 22.631183896086288)
2021-01-01 16:26:06,22.522295491235308,2021-01-01 16:28:03,113.97501779219733,52136b2bb5f56890f8dca7**********,113.97546971872293,22.52239118824616,,POINT (113.97546971872293 22.522295491235308)
2021-01-01 16:26:06,22.56983817795605,2021-01-01 16:46:22,114.04551701263442,574b3761b96f42837fd119**********,114.0427180583791,22.558578683666045,,POINT (114.0427180583791 22.56983817795605)
2021-01-01 16:28:33,22.589190575184578,2021-01-01 17:41:52,113.86409959603269,72b050938c7c17f78d2152**********,113.84223559549014,22.59921094482688,,POINT (113.84223559549014 22.589190575184578)
2021-01-01 16:28:50,22.521075400605078,2021-01-01 16:39:49,113.94352747633556,2072d5f212dffce4d05ea3**********,113.93853778396529,22.518994284725572,,POINT (113.93853778396529 22.521075400605078)
2021-01-01 16:29:06,22.53603785466876,2021-01-01 16:43:07,113.9893070532831,954d552cdd9ff9f8bca74a**********,113.98364449118132,22.525634308063687,,POINT (113.98364449118132 22.53603785466876)
2021-01-01 16:29:11,22.526208243030855,2021-01-01 16:59:15,113.974157737918,9773e6a8fee92344bb0a4c**********,113.96753654502304,22.525832128352057,,POINT (113.96753654502304 22.526208243030855)
2021-01-01 16:29:11,22.526188896666593,2021-01-01 16:59:15,113.97413838458037,7cdc49ceaabd95cc87c404**********,113.96751718899233,22.52581278449866,,POINT (113.96751718899233 22.526188896666593)
2021-01-01 16:29:38,22.52855749715139,2021-01-01 16:41:22,113.98808536393196,9d7127057d4d5bcdff3f0c**********,113.99668959941208,22.529861025384086,,POINT (113.99668959941208 22.52855749715139)
2021-01-01 16:29:38,22.528540748848954,2021-01-01 16:41:22,113.988068607218,cf42cae4a45839fecdbc7f**********,113.99667284303281,22.52984427679132,,POINT (113.99667284303281 22.528540748848954)
2021-01-01 16:30:11,22.51809730409576,2021-01-01 16:37:01,113.94809491012806,8fd9b424b4107ae19d0d66**********,113.94817343635165,22.517668427851472,,POINT (113.94817343635165 22.51809730409576)
2021-01-01 16:30:18,22.594289777464084,2021-01-01 17:23:44,114.26681533707587,2e4aeae1dbf59de9cd5d6b**********,114.30058281814381,22.586291878676793,,POINT (114.30058281814381 22.594289777464084)
2021-01-01 16:31:26,22.626621020314616,2021-01-01 16:45:22,114.05011690161277,f727f43124b2273dde4b6c**********,114.05568174297392,22.634460474234082,,POINT (114.05568174297392 22.626621020314616)
2021-01-01 16:31:55,22.540737276818103,2021-01-01 16:38:23,114.01880793142692,8642e7164a4213a28d1785**********,114.02117158851283,22.53938583430033,,POINT (114.02117158851283 22.540737276818103)
2021-01-01 16:32:08,22.60764216176361,2021-01-01 17:24:41,114.12775960764719,1d0c365f4f3fb85f52fd4f**********,114.15963633123786,22.612872292446234,,POINT (114.15963633123786 22.60764216176361)
2021-01-01 16:32:12,22.52406851713028,2021-01-01 16:40:32,114.03106684038977,4642cef074d2bdf848cbf3**********,114.03849757187668,22.523954066215666,,POINT (114.03849757187668 22.52406851713028)
2021-01-01 16:32:18,22.54746740438417,2021-01-01 17:00:24,113.88706135549657,4a80fa8d881fbef9183a71**********,113.90489685183002,22.555299900253047,,POINT (113.90489685183002 22.54746740438417)
2021-01-01 16:32:18,22.547514484530804,2021-01-01 17:00:24,113.88710850693334,4c2ef28ea91022786fc0ae**********,113.90494396438692,22.55534701641131,,POINT (113.90494396438692 22.547514484530804)
2021-01-01 16:32:44,22.530540766569885,2021-01-01 16:46:25,113.89107208565659,d9d7cd9b146314646ef6a8**********,113.88750874070567,22.527522124291494,,POINT (113.88750874070567 22.530540766569885)
2021-01-01 16:32:44,22.530453034981033,2021-01-01 16:46:25,113.89098430526536,c0e77ffac3a61f0e2acb43**********,113.88742094639635,22.527434405431187,,POINT (113.88742094639635 22.530453034981033)
2021-01-01 16:33:02,22.546685285897937,2021-01-01 16:42:13,114.07171759532248,3752f2f285af7f76120908**********,114.08039105229349,22.548086222476215,,POINT (114.08039105229349 22.546685285897937)
2021-01-01 16:33:20,22.658347048006018,2021-01-01 16:59:01,114.04399859426199,a14967e757728b0412d9a6**********,114.03759510823706,22.669062806938886,,POINT (114.03759510823706 22.658347048006018)
2021-01-01 16:33:29,22.603515432801935,2021-01-01 17:05:08,113.87590627609094,bddc56adbf46be4d6c0d8a**********,113.86390616905445,22.578893882747096,,POINT (113.86390616905445 22.603515432801935)
2021-01-01 16:33:30,22.559388988871653,2021-01-01 16:45:43,113.97014441682457,360e3256ab03650f391658**********,113.96227639950105,22.56663295994077,,POINT (113.96227639950105 22.559388988871653)
2021-01-01 16:33:30,22.559387891822478,2021-01-01 16:45:43,113.97014331938361,70519e6240ed20541bf17e**********,113.9622753018468,22.56663186310134,,POINT (113.9622753018468 22.559387891822478)
2021-01-01 16:33:34,22.515605044384753,2021-01-01 16:50:26,114.04371542377378,55aaaab821374cd327ac9e**********,114.03826611277623,22.524865471857613,,POINT (114.03826611277623 22.515605044384753)
2021-01-01 16:33:34,22.515569526882384,2021-01-01 16:50:26,114.04367988073605,811176ea660e236bfcb5da**********,114.03823057681544,22.524829948188064,,POINT (114.03823057681544 22.515569526882384)
2021-01-01 16:33:41,22.562957197685616,2021-01-01 16:38:38,113.91370761060422,b6f5dd387ac20493665c5f**********,113.91652504638976,22.564539080430094,,POINT (113.91652504638976 22.562957197685616)
2021-01-01 16:33:41,22.562992163880526,2021-01-01 16:38:38,113.9137426050947,6dadf2eeaa386075b3194e**********,113.91656003614393,22.564574050989297,,POINT (113.91656003614393 22.562992163880526)
2021-01-01 16:33:42,22.666959457378045,2021-01-01 17:02:39,113.99185332446483,e23b4653df9e57e7623b22**********,113.99182535642453,22.666974289181173,,POINT (113.99182535642453 22.666959457378045)
2021-01-01 16:33:55,22.55638579676757,2021-01-01 16:40:28,114.23406133691824,7606defaa5eeac07802102**********,114.23410500323854,22.55875327085931,,POINT (114.23410500323854 22.55638579676757)
2021-01-01 16:33:55,22.556431311654734,2021-01-01 16:40:28,114.23410688275028,78007dd2bb2bd9c2f787b7**********,114.23415054898936,22.558798785679095,,POINT (114.23415054898936 22.556431311654734)
2021-01-01 16:34:02,22.639024662513794,2021-01-01 16:38:47,114.01120607887901,a1c337dc9c5dc1a47b6ce3**********,114.00988589909605,22.6345323354176,,POINT (114.00988589909605 22.639024662513794)
2021-01-01 16:34:02,22.638953984222674,2021-01-01 16:38:47,114.01113535488709,d796cb2d2ea4aed0ca6898**********,114.00981517640452,22.63446165554109,,POINT (114.00981517640452 22.638953984222674)
2021-01-01 16:34:20,22.594380695689566,2021-01-01 17:24:07,114.26681633402306,65300444ec67ba14dcd7cc**********,114.30039588175643,22.58633587255605,,POINT (114.30039588175643 22.594380695689566)
2021-01-01 16:34:23,22.535537106526046,2021-01-01 16:38:38,114.0476889362733,63718177746f2625b4cb6f**********,114.0479155175303,22.54034631094734,,POINT (114.0479155175303 22.535537106526046)
2021-01-01 16:34:23,22.53556914221612,2021-01-01 16:38:38,114.04772098994134,bb35e1ee9f0cbcd81cb4b7**********,114.04794757149268,22.540378346160743,,POINT (114.04794757149268 22.53556914221612)
2021-01-01 16:34:37,22.528419648633193,2021-01-01 16:47:47,114.06882789477918,ff427006710b8ceb60f56b**********,114.07151119153399,22.526579096107355,,POINT (114.07151119153399 22.528419648633193)
2021-01-01 16:34:51,22.65601536209931,2021-01-01 16:48:16,114.03969865358248,4948b9ea92e4f38f2c6253**********,114.03439886420153,22.646051703132358,,POINT (114.03439886420153 22.65601536209931)
2021-01-01 16:35:05,22.551148396048237,2021-01-01 16:50:14,114.05105430664216,aa2554d10105754998578d**********,114.05907964795875,22.55144737847286,,POINT (114.05907964795875 22.551148396048237)
2021-01-01 16:35:46,22.60375493941774,2021-01-01 16:50:20,114.03181092619141,f803d157ea9f574cb7c338**********,114.03748709074917,22.61508546778975,,POINT (114.03748709074917 22.60375493941774)
2021-01-01 16:36:20,22.52595051649649,2021-01-01 17:36:18,113.95077359147295,b5fd9f7252b10253537859**********,113.96578231780215,22.52229369732841,,POINT (113.96578231780215 22.52595051649649)
2021-01-01 16:36:20,22.526035583986832,2021-01-01 17:36:18,113.95085874052762,459a9d503d0b342dd4c66f**********,113.96586742799877,22.522378801580007,,POINT (113.96586742799877 22.526035583986832)
2021-01-01 16:36:37,22.54769578280927,2021-01-01 16:50:26,114.10441322653435,96d9b7a30c7197b3c37844**********,114.1109159513664,22.553032351877025,,POINT (114.1109159513664 22.54769578280927)
2021-01-01 16:36:37,22.547678571301816,2021-01-01 16:50:26,114.10439600644145,c8871adde8ae87fb1abed8**********,114.11089872657793,22.55301514489441,,POINT (114.11089872657793 22.547678571301816)
2021-01-01 16:37:30,22.504874670808892,2021-01-01 16:49:33,113.93848671940104,1117c0630e3ec1370296fe**********,113.93891354317363,22.51044572183243,,POINT (113.93891354317363 22.504874670808892)
2021-01-01 16:37:41,22.573331983242845,2021-01-01 16:52:28,113.89151290026186,935f5df5728d039c0bab96**********,113.90058788038525,22.57158867640205,,POINT (113.90058788038525 22.573331983242845)
2021-01-01 16:37:41,22.573417160799565,2021-01-01 16:52:28,113.89159817633295,e25f780571f9b9f240d2f5**********,113.9006731205298,22.571673887868386,,POINT (113.9006731205298 22.573417160799565)
2021-01-01 16:40:01,22.523297331704025,2021-01-01 16:52:47,113.96279761374085,f9c539f13b0e38956a4c1c**********,113.96126021048283,22.528178748301894,,POINT (113.96126021048283 22.523297331704025)
2021-01-01 16:41:00,22.544193269761713,2021-01-01 16:49:28,114.11230862628787,de315e6af5383008b2435d**********,114.12034312348219,22.541216719569945,,POINT (114.12034312348219 22.544193269761713)
2021-01-01 16:41:00,22.54421999676705,2021-01-01 16:49:28,114.11233536628329,b118c7f12a262d0c2faa3b**********,114.12036987156108,22.541243439084244,,POINT (114.12036987156108 22.54421999676705)
2021-01-01 16:41:08,22.581827158702517,2021-01-01 16:58:38,113.90141887302553,cb7db402ff77f5a3823fb3**********,113.88399855822924,22.564409659715054,,POINT (113.88399855822924 22.581827158702517)
2021-01-01 16:41:44,22.611066627242838,2021-01-01 16:51:25,114.03578802049763,b49f5556809b229c4d2be1**********,114.02728121729017,22.611855004954133,,POINT (114.02728121729017 22.611066627242838)
2021-01-01 16:41:50,22.648825381464917,2021-01-01 16:49:46,114.06658815607058,ddf142568c9c86b97bdbbf**********,114.06131096384166,22.642703487104225,,POINT (114.06131096384166 22.648825381464917)
2021-01-01 16:41:55,22.545588011806977,2021-01-01 17:26:58,114.09301773001741,1c33b674237f7617590452**********,114.09775822678081,22.54136369432997,,POINT (114.09775822678081 22.545588011806977)
2021-01-01 16:42:02,22.519320176655903,2021-01-01 17:00:33,113.93000565456293,688a481d96d6060aab1d5d**********,113.92932312223968,22.51966258456565,,POINT (113.92932312223968 22.519320176655903)
2021-01-01 16:42:11,22.553986895639465,2021-01-01 17:08:44,114.07679633716283,adff9439cbb599caaf2bd3**********,114.08759035814501,22.545405471311586,,POINT (114.08759035814501 22.553986895639465)
2021-01-01 16:42:16,22.6475841494559,2021-01-01 16:50:10,114.01886041497603,b1d23308ca9ecc8cb5f11e**********,114.01643150647506,22.651049213418982,,POINT (114.01643150647506 22.6475841494559)
2021-01-01 16:42:16,22.64764316957964,2021-01-01 16:50:10,114.01891947606406,fe861195d3bd24ce67f7f5**********,114.01649056470981,22.6511082359598,,POINT (114.01649056470981 22.64764316957964)
2021-01-01 16:42:19,22.56462781962151,2021-01-01 16:48:34,114.14191520090598,082565a5183a115e50e51f**********,114.14178313182045,22.561009524357274,,POINT (114.14178313182045 22.56462781962151)
2021-01-01 16:42:22,22.68035337759184,2021-01-01 17:04:04,113.97728762557679,0364999967d09019d5bdd6**********,113.99098125316135,22.69292765201534,,POINT (113.99098125316135 22.68035337759184)
2021-01-01 16:42:59,22.545755073164468,2021-01-01 17:07:02,114.13052652706871,972f03c56d4e70e2028d53**********,114.11157523803445,22.551055685299588,,POINT (114.11157523803445 22.545755073164468)
2021-01-01 16:43:05,22.574218129076176,2021-01-01 17:14:45,114.11875761650496,d6652e59c874080c6aef65**********,114.1176587554966,22.579777276166244,,POINT (114.1176587554966 22.574218129076176)
2021-01-01 16:44:43,22.544416155091497,2021-01-01 16:46:33,113.9636437836411,b83505ccfeed8977eb3678**********,113.96339690356258,22.54268618733241,,POINT (113.96339690356258 22.544416155091497)
2021-01-01 16:45:33,22.51968250705442,2021-01-01 17:51:27,113.93239662138956,dec5c47f8617436232f0e8**********,113.9235731842018,22.505894940466447,,POINT (113.9235731842018 22.51968250705442)
2021-01-01 16:45:37,22.63811547723352,2021-01-01 17:07:46,113.94870015606507,0e2e5066ca3c976824eabe**********,113.94948689443511,22.635851376977694,,POINT (113.94948689443511 22.63811547723352)
2021-01-01 16:46:21,22.58458627691393,2021-01-01 16:51:23,113.85722428437734,a2f012afdcb01786b59e56**********,113.86348914698769,22.589660253383915,,POINT (113.86348914698769 22.58458627691393)
2021-01-01 16:46:21,22.584494370853005,2021-01-01 16:51:23,113.85713228454739,bf3f2472087b129b36d8ba**********,113.86339716394086,22.589568331994787,,POINT (113.86339716394086 22.584494370853005)
2021-01-01 16:46:31,22.60498755047431,2021-01-01 16:59:53,114.11276473107056,ce3fcedf9101499feb46cf**********,114.11309434804528,22.604594028677024,,POINT (114.11309434804528 22.60498755047431)
2021-01-01 16:46:35,22.64988245939019,2021-01-01 17:24:35,114.0655355084074,dd30cb5e9bbd3cd278f63a**********,114.04419995171509,22.63124562123474,,POINT (114.04419995171509 22.64988245939019)
2021-01-01 16:46:39,22.5187680635564,2021-01-01 17:01:55,113.94903561402484,18ec397c6b34a14af0115c**********,113.94503657977874,22.52184279196256,,POINT (113.94503657977874 22.5187680635564)
2021-01-01 16:47:13,22.554607119421572,2021-01-01 17:14:32,114.2346927160209,68d444a5557f04a3050324**********,114.23478151922082,22.554616544362556,,POINT (114.23478151922082 22.554607119421572)
2021-01-01 16:47:45,22.552595486920954,2021-01-01 17:26:42,113.87515172221883,2143ece15122e210d418d7**********,113.8771771616831,22.579265114049836,,POINT (113.8771771616831 22.552595486920954)
2021-01-01 16:47:50,22.666518125676127,2021-01-01 16:51:28,114.02661402240324,b686d636aaccb1c4a8f8ab**********,114.02302287665604,22.66297548580745,,POINT (114.02302287665604 22.666518125676127)
2021-01-01 16:48:43,22.633200819407126,2021-01-01 16:55:41,114.0569428522032,79fccd55109ed7a3392b7f**********,114.0638696095115,22.63714191792046,,POINT (114.0638696095115 22.633200819407126)
2021-01-01 16:49:04,22.532480307147907,2021-01-01 17:08:32,113.9607424180531,67eeae272190c52153d3b4**********,113.96545389145703,22.5218367161886,,POINT (113.96545389145703 22.532480307147907)
2021-01-01 16:49:19,22.6546112613589,2021-01-01 16:58:59,114.12192831553564,86fc986d5c44aee97b7345**********,114.12168122282718,22.654462479391068,,POINT (114.12168122282718 22.6546112613589)
2021-01-01 16:49:26,22.56057767321213,2021-01-01 16:57:50,114.10774156400154,546632f92b21d081571927**********,114.10402524063248,22.571336951581547,,POINT (114.10402524063248 22.56057767321213)
2021-01-01 16:49:41,22.594812405848145,2021-01-01 16:55:54,113.99165021460756,ce6371b4482fa4799a6338**********,113.99238964724479,22.601164600758143,,POINT (113.99238964724479 22.594812405848145)
2021-01-01 16:50:49,22.626764398230247,2021-01-01 18:11:25,114.02348946062773,2edab6d0403a840a4405b1**********,114.05544403318046,22.67381019728477,,POINT (114.05544403318046 22.626764398230247)
2021-01-01 16:52:12,22.55274309902033,2021-01-01 16:57:43,114.10062104304325,66b0619d60507fff8aa758**********,114.10423549703772,22.551881931695313,,POINT (114.10423549703772 22.55274309902033)
2021-01-01 16:53:08,22.5137520944641,2021-01-01 17:00:15,113.92422586763412,df3a1309260be8ad8d5d24**********,113.92059508668613,22.508736776041644,,POINT (113.92059508668613 22.5137520944641)
2021-01-01 16:53:30,22.521009839888674,2021-01-01 17:25:33,113.93353827514898,a740e554a82a62016b0c81**********,113.91751457517698,22.503428787953034,,POINT (113.91751457517698 22.521009839888674)
2021-01-01 16:54:09,22.610370483755627,2021-01-01 17:38:18,114.15230810049329,4ec728039df0876431ad7c**********,114.12351888710762,22.629789132634965,,POINT (114.12351888710762 22.610370483755627)
2021-01-01 16:54:09,22.610394508461066,2021-01-01 17:38:18,114.15233216230816,3b0b58ca9beddcc9083005**********,114.12354293296823,22.629813171907397,,POINT (114.12354293296823 22.610394508461066)
2021-01-01 16:54:13,22.575344462773735,2021-01-01 17:01:44,113.86306135583703,c53138aef429de622782a4**********,113.86888215726374,22.583805832813816,,POINT (113.86888215726374 22.575344462773735)
2021-01-01 16:54:53,22.54121461483269,2021-01-01 17:06:56,114.12689185229507,f860409757fd36e94b8bd8**********,114.12000086147975,22.55100143633061,,POINT (114.12000086147975 22.54121461483269)
2021-01-01 16:55:19,22.5563854828026,2021-01-01 17:51:04,114.27113733230495,3a0fc72391a7b1fc5cca6a**********,114.23644149849706,22.589911864144103,,POINT (114.23644149849706 22.5563854828026)
2021-01-01 16:55:21,22.622335129170498,2021-01-01 17:04:46,114.03832751391603,d730b440ffe0733ea77600**********,114.02800514352626,22.614276979243417,,POINT (114.02800514352626 22.622335129170498)
2021-01-01 16:55:21,22.62232964432656,2021-01-01 17:04:46,114.03832202380248,a680ff79c872f5b5fb00e8**********,114.02799965520354,22.61427149267694,,POINT (114.02799965520354 22.62232964432656)
2021-01-01 16:55:31,22.617559146941105,2021-01-01 17:14:25,114.03511310871212,11dbbfc67756e2cd61a7c0**********,114.02980594656628,22.625498949404058,,POINT (114.02980594656628 22.617559146941105)
2021-01-01 16:55:31,22.617582782916525,2021-01-01 17:14:25,114.03513676353356,7fe6a665a0780c00373126**********,114.0298295974795,22.625522588792858,,POINT (114.0298295974795 22.617582782916525)
2021-01-01 16:55:55,22.55512056143386,2021-01-01 17:02:58,114.01905175555702,ce7ed04de410a010efd9cd**********,114.0139233174409,22.558356019015516,,POINT (114.0139233174409 22.55512056143386)
2021-01-01 16:55:55,22.55514917635384,2021-01-01 17:02:58,114.01908038836801,d0b89241bcc7947444cc3b**********,114.01395194747502,22.558384636401133,,POINT (114.01395194747502 22.55514917635384)
2021-01-01 16:56:56,22.561480940852388,2021-01-01 17:04:27,113.88219935421029,d51e256c0471a248328b23**********,113.87921596103415,22.558096452052908,,POINT (113.87921596103415 22.561480940852388)
2021-01-01 16:57:04,22.576741698010643,2021-01-01 17:02:58,113.85086082370059,8edc3a1ac27215227e7c27**********,113.85258509299665,22.578179189449965,,POINT (113.85258509299665 22.576741698010643)
2021-01-01 16:57:24,22.553268044394887,2021-01-01 17:05:23,113.98395603235296,6bc6fffb51134076e2712b**********,113.97739119131417,22.547810561641374,,POINT (113.97739119131417 22.553268044394887)
2021-01-01 16:57:28,22.732919395115875,2021-01-01 18:16:25,114.27308518199163,72510ccd9ffe4b21d57727**********,114.26377753199783,22.683546156510285,,POINT (114.26377753199783 22.732919395115875)
2021-01-01 16:58:23,22.60110516330092,2021-01-01 17:22:11,114.10874568221703,30d044315fd6f6fb7b1a5d**********,114.1048924011323,22.605164831004007,,POINT (114.1048924011323 22.60110516330092)
2021-01-01 16:58:40,22.621739613314464,2021-01-01 17:10:03,114.05805240050582,293eabbc2e225ad0233adc**********,114.0580275528742,22.612853565014188,,POINT (114.0580275528742 22.621739613314464)
2021-01-01 16:58:40,22.62177375476154,2021-01-01 17:10:03,114.05808656619395,611390056857a008e9db93**********,114.0580617185222,22.61288770687081,,POINT (114.0580617185222 22.62177375476154)
2021-01-01 16:58:58,22.557918494133204,2021-01-01 17:14:49,114.05365032912893,a8f5d60fe372d4f5f08ada**********,114.04504645052809,22.5495110910974,,POINT (114.04504645052809 22.557918494133204)
2021-01-01 16:58:58,22.55783058273794,2021-01-01 17:14:49,114.0535623346812,0286d40a5920b03c429ab2**********,114.04495848710982,22.549423149792997,,POINT (114.04495848710982 22.55783058273794)
2021-01-01 17:00:17,22.674394108380703,2021-01-01 17:16:01,114.05726051921468,1051679927340f7d495d32**********,114.04100319088543,22.662514763624383,,POINT (114.04100319088543 22.674394108380703)
2021-01-01 17:00:26,22.66033315462291,2021-01-01 17:09:13,114.03100629348819,79cf11d14b3644c49e89ba**********,114.02505726827738,22.6657356248373,,POINT (114.02505726827738 22.66033315462291)
2021-01-01 17:00:51,22.5262099246282,2021-01-01 17:06:04,113.99045610842565,592d8812fd5e878176d1d1**********,113.99450771217056,22.524844558923228,,POINT (113.99450771217056 22.5262099246282)
2021-01-01 17:00:51,22.526212117862766,2021-01-01 17:06:04,113.9904583027307,a9069b1f3dc8949a506429**********,113.99450990645569,22.524846752180718,,POINT (113.99450990645569 22.526212117862766)
2021-01-01 17:01:25,22.52264498251005,2021-01-01 17:46:53,113.90865479153784,112d8cdfaf6ee3e72da93b**********,113.90874291458154,22.522803522590465,,POINT (113.90874291458154 22.52264498251005)
2021-01-01 17:01:25,22.522658175102382,2021-01-01 17:46:53,113.90866799268423,5aca01efad63be826ed536**********,113.9087561156719,22.522816715232537,,POINT (113.9087561156719 22.522658175102382)
2021-01-01 17:01:28,22.582922230311556,2021-01-01 18:44:07,113.95055312735245,dba92cf9b582319fcab387**********,113.95082766675965,22.59027379150487,,POINT (113.95082766675965 22.582922230311556)
2021-01-01 17:02:24,22.542993987060743,2021-01-01 17:12:23,114.05678582459444,802144065f076ce9f43ec9**********,114.05672508707897,22.53473804856957,,POINT (114.05672508707897 22.542993987060743)
2021-01-01 17:02:31,22.544986877349423,2021-01-01 17:33:21,114.08653625194869,d724463de0a4c957522410**********,114.10115564784576,22.539985701192546,,POINT (114.10115564784576 22.544986877349423)
2021-01-01 17:02:31,22.545026388544994,2021-01-01 17:33:21,114.08657576562008,7908dfd43f8ce5efe31b6f**********,114.10119518837871,22.5400251875068,,POINT (114.10119518837871 22.545026388544994)
2021-01-01 17:02:52,22.58075381926529,2021-01-01 17:19:12,113.85331274854592,a3af45f845a6d0ba6a2063**********,113.85485253706153,22.574835416118734,,POINT (113.85485253706153 22.58075381926529)
2021-01-01 17:03:03,22.529825208011346,2021-01-01 17:11:30,113.9883732990469,b6037f20740d12dd56c35f**********,113.9879592438928,22.525330245177795,,POINT (113.9879592438928 22.529825208011346)
2021-01-01 17:04:32,22.565518480339698,2021-01-01 17:35:27,114.13797014783778,a34d91423b0612fa01ba39**********,114.14166383052515,22.555231369507048,,POINT (114.14166383052515 22.565518480339698)
2021-01-01 17:04:33,22.585785500973028,2021-01-01 17:21:52,114.25352642579105,bdd21521d7e7914878b5e6**********,114.2712737444512,22.592156747240352,,POINT (114.2712737444512 22.585785500973028)
2021-01-01 17:04:33,22.585848732808834,2021-01-01 17:21:52,114.25358973831948,08d9ef15848e1261633ec7**********,114.27133701278572,22.592220018589153,,POINT (114.27133701278572 22.585848732808834)
2021-01-01 17:04:37,22.524644082158154,2021-01-01 17:15:27,114.04270069446818,372025a6db6ec8ba367c12**********,114.03881423887213,22.523457883370742,,POINT (114.03881423887213 22.524644082158154)
2021-01-01 17:05:19,22.5683024258322,2021-01-01 17:27:02,113.89141921486612,86a44a823b5937bb9df838**********,113.88833884394111,22.564235863971568,,POINT (113.88833884394111 22.5683024258322)
2021-01-01 17:05:26,22.506760251408124,2021-01-01 17:22:45,113.91271573836728,7b2bd27d9afb794573038a**********,113.91850405756878,22.520039827258252,,POINT (113.91850405756878 22.506760251408124)
2021-01-01 17:05:48,22.535440875145476,2021-01-01 17:30:01,114.05882548797896,7427fe90078a87d20385b3**********,114.05032158118412,22.52596530036073,,POINT (114.05032158118412 22.535440875145476)
2021-01-01 17:05:48,22.535367415978875,2021-01-01 17:30:01,114.05875195940686,6d5df00006ecce30230b3a**********,114.05024807966244,22.525891815030615,,POINT (114.05024807966244 22.535367415978875)
2021-01-01 17:06:01,22.547655269725237,2021-01-01 17:21:12,114.06851622131369,686c2bc89fb2f7d0d9cda8**********,114.06498930286095,22.551166010318152,,POINT (114.06498930286095 22.547655269725237)
2021-01-01 17:06:15,22.549132780596576,2021-01-01 17:14:56,114.07164648129304,09637a2ebd30437ca517c7**********,114.08114366235941,22.547714506887495,,POINT (114.08114366235941 22.549132780596576)
2021-01-01 17:06:32,22.51053918994746,2021-01-01 17:32:09,113.91477155904026,b9812a9a43a4f2dda1718b**********,113.93822113857097,22.509321030394265,,POINT (113.93822113857097 22.51053918994746)
2021-01-01 17:06:46,22.617225670369777,2021-01-01 17:08:54,114.1139623937697,e4f534008742d1d38279e0**********,114.11297330873433,22.61544679788936,,POINT (114.11297330873433 22.617225670369777)
2021-01-01 17:06:46,22.61725188761765,2021-01-01 17:08:54,114.11398863474423,b0c100dcb31dcc6267b804**********,114.11299954869217,22.615473016149412,,POINT (114.11299954869217 22.61725188761765)
2021-01-01 17:07:24,22.589939963426676,2021-01-01 18:25:15,114.23150143988347,dadb9cae0cebd22770f2e6**********,114.29926294019232,22.56135043144678,,POINT (114.29926294019232 22.589939963426676)
2021-01-01 17:07:37,22.68349414426673,2021-01-01 17:21:06,114.04169992355214,ce16678f23a083a8fdd686**********,114.04126646510672,22.67444881057961,,POINT (114.04126646510672 22.68349414426673)
2021-01-01 17:07:37,22.68345643597553,2021-01-01 17:21:06,114.04166218696544,421b05ed77ad764d617cc3**********,114.04122872912822,22.674411101344393,,POINT (114.04122872912822 22.68345643597553)
2021-01-01 17:08:02,22.54551738923619,2021-01-01 17:18:03,114.08221417515665,6f92002ce036b4a99cb69b**********,114.076624340794,22.545853691047085,,POINT (114.076624340794 22.54551738923619)
2021-01-01 17:08:02,22.545474823419607,2021-01-01 17:18:03,114.08217156935677,f4837f9abc0321e4ffb81b**********,114.07658174649814,22.54581111449728,,POINT (114.07658174649814 22.545474823419607)
2021-01-01 17:08:04,22.577321431391336,2021-01-01 17:22:27,114.13913049284992,9653cc3381513baafe4ed1**********,114.13826921381894,22.577266479889204,,POINT (114.13826921381894 22.577321431391336)
2021-01-01 17:08:04,22.57736749889051,2021-01-01 17:22:27,114.13917660091755,83af252bfadc3dd0d9c1e0**********,114.13831532098693,22.577312548246432,,POINT (114.13831532098693 22.57736749889051)
2021-01-01 17:08:04,22.57736749889051,2021-01-01 17:22:27,114.13917660091755,8bb453fb477d12da2e96d5**********,114.13831532098693,22.577312548246432,,POINT (114.13831532098693 22.57736749889051)
2021-01-01 17:08:20,22.54256584739011,2021-01-01 17:15:22,113.96202251962995,7216627b4955028dc20e14**********,113.96213032411399,22.53404608273606,,POINT (113.96213032411399 22.54256584739011)
2021-01-01 17:08:37,22.579605524491637,2021-01-01 17:21:18,113.9478504305438,bf8cb9d0b6c35b95fd8901**********,113.94781393916206,22.579608225340966,,POINT (113.94781393916206 22.579605524491637)
2021-01-01 17:08:45,22.688624342858326,2021-01-01 17:35:56,113.82490587049045,64241341be9bddb97a4045**********,113.83937194260224,22.686328235331214,,POINT (113.83937194260224 22.688624342858326)
2021-01-01 17:09:08,22.725795102022705,2021-01-01 17:45:35,114.23398687260914,06089d388d0f8d80e0c902**********,114.26337209376779,22.709171195656143,,POINT (114.26337209376779 22.725795102022705)
2021-01-01 17:09:19,22.526462641005836,2021-01-01 17:14:23,113.9908632950931,feb2e1cd819cdbe4e737b5**********,113.99430806306326,22.525036946100457,,POINT (113.99430806306326 22.526462641005836)
2021-01-01 17:09:19,22.526523852170886,2021-01-01 17:14:23,113.99092453604871,2adfddd78a3ea1f2820ef0**********,113.99436930357116,22.525098157807445,,POINT (113.99436930357116 22.526523852170886)
2021-01-01 17:10:09,22.533432046719163,2021-01-01 17:36:44,113.96742177264498,8f7f8539d29fe4849a772c**********,113.96250598671521,22.540252093445623,,POINT (113.96250598671521 22.533432046719163)
2021-01-01 17:10:49,22.67993020217676,2021-01-01 17:43:23,113.96456302127945,439279899a15a944789f73**********,113.99123306175176,22.700500001505887,,POINT (113.99123306175176 22.67993020217676)
2021-01-01 17:11:46,22.599141133544357,2021-01-01 17:24:05,113.84681109349651,c985f91b2af126a8e22e63**********,113.86423502548871,22.602323366475417,,POINT (113.86423502548871 22.599141133544357)
2021-01-01 17:11:46,22.599075460458664,2021-01-01 17:24:05,113.84674533495831,73a8704c9fd1859db5740d**********,113.86416929624734,22.602257665749796,,POINT (113.86416929624734 22.599075460458664)
2021-01-01 17:11:53,22.590175231983313,2021-01-01 17:18:41,113.8752090164579,ca9a8091c62254ec34be04**********,113.87390326796417,22.596480471328995,,POINT (113.87390326796417 22.590175231983313)
2021-01-01 17:12:31,22.548222138975536,2021-01-01 17:57:40,114.13051822786261,0e48b85b174b7a17d800b0**********,114.11112266901151,22.551071882605196,,POINT (114.11112266901151 22.548222138975536)
2021-01-01 17:13:08,22.683412439011622,2021-01-01 17:24:53,114.038866305133,43ab2988ae062101030018**********,114.04122299137063,22.67505625868646,,POINT (114.04122299137063 22.683412439011622)
2021-01-01 17:13:08,22.683454736139456,2021-01-01 17:24:53,114.03890862972028,3cb062f83e98482de6877b**********,114.04126531955282,22.675098552855715,,POINT (114.04126531955282 22.683454736139456)
2021-01-01 17:13:37,22.611685330725095,2021-01-01 17:31:01,114.12032322118421,4a226863dc7dbb0cead52b**********,114.12014408118921,22.6118854621268,,POINT (114.12014408118921 22.611685330725095)
2021-01-01 17:13:56,22.56697060229422,2021-01-01 17:30:38,114.11080231400776,6482e9d25edb0edc07a93b**********,114.11267262343151,22.58608758206749,,POINT (114.11267262343151 22.56697060229422)
2021-01-01 17:14:09,22.551121861655194,2021-01-01 17:23:55,114.06404746124963,b1ee9579884bf95afbf233**********,114.06575416451058,22.558664859375593,,POINT (114.06575416451058 22.551121861655194)
2021-01-01 17:14:10,22.545187152057974,2021-01-01 17:20:32,114.1264192726283,3f24516808ddb48c5c2bd4**********,114.12250272100545,22.54405923397133,,POINT (114.12250272100545 22.545187152057974)
2021-01-01 17:14:30,22.662927754829205,2021-01-01 17:24:54,114.0298829481631,ee5f677c3f92d838802873**********,114.01997533470984,22.665483281521254,,POINT (114.01997533470984 22.662927754829205)
2021-01-01 17:15:11,22.564465908855528,2021-01-01 17:57:16,113.88643219759305,5b9167e6030fe8f632731a**********,113.90164743175518,22.536492100153552,,POINT (113.90164743175518 22.564465908855528)
2021-01-01 17:15:26,22.58007877652703,2021-01-01 17:24:24,113.89898182995617,d76a5a11b361b15769fd45**********,113.89903417413947,22.580113847183895,,POINT (113.89903417413947 22.58007877652703)
2021-01-01 17:15:41,22.55033067102041,2021-01-01 18:07:10,114.07179131649706,13f1d014f6f6284672359f**********,114.07248372025076,22.548186835056672,,POINT (114.07248372025076 22.55033067102041)
2021-01-01 17:15:49,22.62299755979107,2021-01-01 17:23:30,114.0509788868617,0164b1d3b5144a75051439**********,114.05564717605053,22.619387685167087,,POINT (114.05564717605053 22.62299755979107)
2021-01-01 17:16:18,22.520970198077254,2021-01-01 17:26:18,113.94411996335263,825c730ee9af2dd13ff31b**********,113.93855773603609,22.5168730657813,,POINT (113.93855773603609 22.520970198077254)
2021-01-01 17:17:30,22.589722934751553,2021-01-01 17:22:06,114.25273129162885,bfde1a58a5476e93513602**********,114.2548779767405,22.594092301660428,,POINT (114.2548779767405 22.589722934751553)
2021-01-01 17:17:30,22.640419159238075,2021-01-01 17:25:23,114.01623179901469,d9907e043c24df8ac9104c**********,114.00749016500924,22.640417975774124,,POINT (114.00749016500924 22.640419159238075)
2021-01-01 17:17:32,22.64884922247788,2021-01-01 17:31:23,114.03884901098024,8cbddf292373a117bdc8ab**********,114.03132142407019,22.647414576652537,,POINT (114.03132142407019 22.64884922247788)
2021-01-01 17:18:34,22.51124584155744,2021-01-01 17:32:05,113.93536887979242,05d39a364b769233c688ee**********,113.93902581980164,22.519415679170347,,POINT (113.93902581980164 22.51124584155744)
2021-01-01 17:19:03,22.558828715939406,2021-01-01 17:53:58,114.04332990931157,e33715b9d1f3565899edc5**********,114.06131033671178,22.56757163687218,,POINT (114.06131033671178 22.558828715939406)
2021-01-01 17:19:46,22.556819579955395,2021-01-01 17:25:11,113.96151749215929,71b8ccf2a5c407bca40d09**********,113.96780499829664,22.553626919276017,,POINT (113.96780499829664 22.556819579955395)
2021-01-01 17:19:49,22.722559146246365,2021-01-01 17:21:39,113.90217700475084,083348531653925641e410**********,113.90226923059375,22.72135625183732,,POINT (113.90226923059375 22.722559146246365)
2021-01-01 17:19:49,22.7225758376932,2021-01-01 17:21:39,113.90219371137769,e64eeafacbbbf94a805f4e**********,113.90228593714706,22.72137294337342,,POINT (113.90228593714706 22.7225758376932)
2021-01-01 17:20:02,22.611632638892416,2021-01-01 18:05:42,114.00588233494668,77c7651d1369f1525f8528**********,114.03792650511146,22.60129924322637,,POINT (114.03792650511146 22.611632638892416)
2021-01-01 17:20:19,22.512933167234976,2021-01-01 18:06:30,113.93916657021336,5a1cd8848c3513179ec657**********,113.90016091798361,22.513030601500002,,POINT (113.90016091798361 22.512933167234976)
2021-01-01 17:20:20,22.61510768426044,2021-01-01 17:40:27,114.06459878794708,1074155a50f2392abec257**********,114.06865993914931,22.61045635373405,,POINT (114.06865993914931 22.61510768426044)
2021-01-01 17:20:53,22.529693666018037,2021-01-01 17:31:50,113.93332621505542,6c5b0ce76cbe1d1372a53b**********,113.9314739700141,22.532608552956003,,POINT (113.9314739700141 22.529693666018037)
2021-01-01 17:21:07,22.678977608178073,2021-01-01 17:38:22,113.95920132808068,717126e46d6a3935be8149**********,113.97592660965292,22.688002222729057,,POINT (113.97592660965292 22.678977608178073)
2021-01-01 17:21:07,22.679046492949194,2021-01-01 17:38:22,113.95927028658363,76c7a1974fb733be0de003**********,113.97599554102655,22.688071132176105,,POINT (113.97599554102655 22.679046492949194)
2021-01-01 17:21:23,22.554092184672594,2021-01-01 17:27:26,114.10453391774311,f9007353f943f18cb16e43**********,114.10398352207193,22.560067420979138,,POINT (114.10398352207193 22.554092184672594)
2021-01-01 17:21:23,22.554011053382663,2021-01-01 17:27:26,114.10445272268626,ae4fbdddbb047732504d52**********,114.10390232895789,22.559986288504234,,POINT (114.10390232895789 22.554011053382663)
2021-01-01 17:21:28,22.66092635843811,2021-01-01 17:33:22,114.04833283790452,e02f6f0a91ebe72784103b**********,114.06595995566123,22.670498545235688,,POINT (114.06595995566123 22.66092635843811)
2021-01-01 17:21:28,22.66094023869865,2021-01-01 17:33:22,114.04834671817858,cff1af6f93720fad47a73a**********,114.06597384674106,22.670512415268366,,POINT (114.06597384674106 22.66094023869865)
2021-01-01 17:22:06,22.58991009134237,2021-01-01 17:33:20,113.84467601397273,c8ce90e1e7c39324eb7073**********,113.8374738886067,22.599585627207073,,POINT (113.8374738886067 22.58991009134237)
2021-01-01 17:22:27,22.66861221626655,2021-01-01 17:37:05,114.03933538878213,56320de203c99e639bd80e**********,114.03240476275033,22.672222827934227,,POINT (114.03240476275033 22.66861221626655)
2021-01-01 17:22:27,22.529952400603513,2021-01-01 17:27:35,113.947617810986,9755563df6769bd5145fe5**********,113.94257113669455,22.52796977230451,,POINT (113.94257113669455 22.529952400603513)
2021-01-01 17:22:27,22.529952400603513,2021-01-01 17:27:35,113.947617810986,768cad221f113f77ea8130**********,113.94257113669455,22.52796977230451,,POINT (113.94257113669455 22.529952400603513)
2021-01-01 17:22:27,22.52990549521695,2021-01-01 17:27:35,113.94757088866166,c5d62764592621efd35c45**********,113.94252420520735,22.527922875367565,,POINT (113.94252420520735 22.52990549521695)
2021-01-01 17:22:52,22.521503480841115,2021-01-01 18:00:18,113.91723648687872,e303aa30cc017c5c533ca9**********,113.92724162012776,22.540232316500884,,POINT (113.92724162012776 22.521503480841115)
2021-01-01 17:22:59,22.547113755023013,2021-01-01 17:29:20,114.07911241451325,76b669f4981bcb96b6028c**********,114.07888635708552,22.5456297059526,,POINT (114.07888635708552 22.547113755023013)
2021-01-01 17:25:37,22.593306166982675,2021-01-01 17:29:42,114.24585408039259,407bea47f655ca651f2c50**********,114.24878980491852,22.59593897154929,,POINT (114.24878980491852 22.593306166982675)
2021-01-01 17:25:37,22.593377147420163,2021-01-01 17:29:42,114.24592511712594,021e648a4b9dd6d95aee90**********,114.24886083293778,22.596009959663235,,POINT (114.24886083293778 22.593377147420163)
2021-01-01 17:26:37,22.69140061022443,2021-01-01 17:42:31,114.27301399685312,f1b0714902dc93fbaad8ff**********,114.26475327515166,22.69189479630625,,POINT (114.26475327515166 22.69140061022443)
2021-01-01 17:26:43,22.519041300824657,2021-01-01 17:30:57,113.91857007534209,6160f9215eaa10a6553820**********,113.91964020491694,22.515175725935855,,POINT (113.91964020491694 22.519041300824657)
2021-01-01 17:27:22,22.52326628374204,2021-01-01 17:47:23,114.02044388385102,d395407c3521ea26e12bef**********,114.03055450923675,22.528034235188738,,POINT (114.03055450923675 22.52326628374204)
2021-01-01 17:28:50,22.644844658499835,2021-01-01 17:47:33,114.0252076398207,60fb6dbfc6e1eea209e453**********,114.02885906622068,22.639093307534047,,POINT (114.02885906622068 22.644844658499835)
2021-01-01 17:28:50,22.64479210400011,2021-01-01 17:47:33,114.0251550557212,629b2f8b87c07700ba847d**********,114.02880647689436,22.6390407575457,,POINT (114.02880647689436 22.64479210400011)
2021-01-01 17:29:15,22.53846018524268,2021-01-01 17:35:44,114.01560217354488,7df62a91c69f2875268a02**********,114.02612312339512,22.53848958715597,,POINT (114.02612312339512 22.53846018524268)
2021-01-01 17:29:22,22.57776555094567,2021-01-01 17:44:34,113.95177250600611,290419cd13277977b05a41**********,113.947858973972,22.59138738820722,,POINT (113.947858973972 22.57776555094567)
2021-01-01 17:29:41,22.55076453429636,2021-01-01 17:39:44,114.10950535247937,77d7e87f6d7783ef993370**********,114.107541688536,22.56149547685632,,POINT (114.107541688536 22.55076453429636)
2021-01-01 17:29:41,22.550669283577072,2021-01-01 17:39:44,114.10941002090495,b953cf41e596105b33a030**********,114.1074463647573,22.56140022016757,,POINT (114.1074463647573 22.550669283577072)
2021-01-01 17:30:16,22.525743605236684,2021-01-01 17:34:02,114.04425848196509,f3af810264aeea093318dd**********,114.04696853209288,22.52583105340601,,POINT (114.04696853209288 22.525743605236684)
2021-01-01 17:30:16,22.52578721671571,2021-01-01 17:34:02,114.04430211301528,b434e74671358187879202**********,114.04701216777556,22.525874660558138,,POINT (114.04701216777556 22.52578721671571)
2021-01-01 17:30:19,22.664723866001697,2021-01-01 17:38:32,114.01487195396547,42e158f359bd98415ca279**********,114.02262596612094,22.660483684334476,,POINT (114.02262596612094 22.664723866001697)
2021-01-01 17:30:19,22.66467161986041,2021-01-01 17:38:32,114.01481968100002,9739a86272d9d7817f2611**********,114.02257368474388,22.66043144576847,,POINT (114.02257368474388 22.66467161986041)
2021-01-01 17:30:36,22.637984114405473,2021-01-01 17:38:11,114.01165538940317,66472d8a34e601f568e83d**********,114.01750021487372,22.638726690875384,,POINT (114.01750021487372 22.637984114405473)
2021-01-01 17:31:35,22.67950627708189,2021-01-01 17:46:49,113.98963030091161,eed5222873530d5a510911**********,113.99971722607705,22.673304995251677,,POINT (113.99971722607705 22.67950627708189)
2021-01-01 17:31:56,22.56279634864246,2021-01-01 17:47:31,113.88866800685908,64ce9bdf2a7363649e6791**********,113.88863505536537,22.562705518598957,,POINT (113.88863505536537 22.56279634864246)
2021-01-01 17:32:30,22.62873265768083,2021-01-01 17:38:47,114.05011610942313,8cf63e68dfc1796f12a650**********,114.05579018184469,22.62517744157824,,POINT (114.05579018184469 22.62873265768083)
2021-01-01 17:32:35,22.52569743442149,2021-01-01 17:36:38,114.0435104461581,2910def7f16e29f84147e4**********,114.04727771112921,22.52999203846668,,POINT (114.04727771112921 22.52569743442149)
2021-01-01 17:32:40,22.549986061961754,2021-01-01 17:44:46,114.11955115943202,191d5712cfefb7c8a1d678**********,114.11656287674806,22.54374128840372,,POINT (114.11656287674806 22.549986061961754)
2021-01-01 17:32:40,22.550046915140886,2021-01-01 17:44:46,114.1196120672361,fb666a87c604b61ce4476a**********,114.1166237778842,22.543802148354672,,POINT (114.1166237778842 22.550046915140886)
2021-01-01 17:32:49,22.54767787063846,2021-01-01 17:46:32,114.09687216508712,eb2c464f0b22d706c7c52c**********,114.10979660400386,22.55280350090007,,POINT (114.10979660400386 22.54767787063846)
2021-01-01 17:32:55,22.56425317243804,2021-01-01 18:02:29,113.97009222960165,5ff3940309108cbdcfdcbe**********,113.96038453165626,22.56656337186806,,POINT (113.96038453165626 22.56425317243804)
2021-01-01 17:33:02,22.62482022934575,2021-01-01 17:59:33,114.05557525312649,3eedac2fad8a32cd65a8eb**********,114.044265230059,22.62495949872639,,POINT (114.044265230059 22.62482022934575)
2021-01-01 17:33:04,22.643273452842053,2021-01-01 17:42:09,114.18762787313202,4e1b9bf6fccd17c74b8ea6**********,114.18806277699231,22.6513772858685,,POINT (114.18806277699231 22.643273452842053)
2021-01-01 17:33:32,22.55091930501035,2021-01-01 17:57:04,114.23504213027118,4485d26944ee6e3ff11f35**********,114.23305444364529,22.553322909754844,,POINT (114.23305444364529 22.55091930501035)
2021-01-01 17:33:32,22.550849878956274,2021-01-01 17:57:04,114.23497266298394,9a3ea340a72ab0f9b13415**********,114.2329849707346,22.553253489031487,,POINT (114.2329849707346 22.550849878956274)
2021-01-01 17:33:37,22.589531213209728,2021-01-01 17:55:30,113.85761052280118,bfdd7f38dd3ea5d58f1ef7**********,113.83629786919607,22.58261374387013,,POINT (113.83629786919607 22.589531213209728)
2021-01-01 17:34:25,22.52519071590963,2021-01-01 17:46:41,114.05903918605517,32a914aed7dc130f091790**********,114.0478729094803,22.526113021130058,,POINT (114.0478729094803 22.52519071590963)
2021-01-01 17:34:25,22.52515957807501,2021-01-01 17:46:41,114.05900801600573,dd01c2aaa074f3cb610bc5**********,114.04784175431695,22.526081869440237,,POINT (114.04784175431695 22.52515957807501)
2021-01-01 17:34:37,22.521864369766693,2021-01-01 18:35:08,113.95744533809503,1ce2b4f186f3ba325c3cd3**********,113.96059217086884,22.55688923663244,,POINT (113.96059217086884 22.521864369766693)
2021-01-01 17:35:41,22.551444645801865,2021-01-01 17:48:40,114.11037551605146,59e78b2f4a9da30c3fe615**********,114.11488487166955,22.548745163943195,,POINT (114.11488487166955 22.551444645801865)
2021-01-01 17:36:04,22.637284909685828,2021-01-01 17:57:24,114.02060457879082,96519f5ab4f4614eb76dbe**********,114.00888232900533,22.617350248288584,,POINT (114.00888232900533 22.637284909685828)
2021-01-01 17:36:19,22.55630732846005,2021-01-01 17:44:22,114.13957201827047,314dfb31afbe234a40d0de**********,114.14220862889367,22.550009758728905,,POINT (114.14220862889367 22.55630732846005)
2021-01-01 17:36:19,22.55622299592007,2021-01-01 17:44:22,114.13948761979094,b26785c8d78d6b6188e796**********,114.14212422573175,22.54992542994581,,POINT (114.14212422573175 22.55622299592007)
2021-01-01 17:36:23,22.540953012759083,2021-01-01 17:56:09,114.00816583452222,83f3d63087526d8dfb45fe**********,114.02117910772752,22.55347485369136,,POINT (114.02117910772752 22.540953012759083)
2021-01-01 17:36:33,22.599665853676782,2021-01-01 17:49:24,114.30605138375411,27a70dd54550ae6d1e84f7**********,114.3158562829516,22.600893602716134,,POINT (114.3158562829516 22.599665853676782)
2021-01-01 17:36:33,22.599580127648455,2021-01-01 17:49:24,114.30596560733431,67317fdd14c4d3b81f0aac**********,114.31577051612742,22.600807868781136,,POINT (114.31577051612742 22.599580127648455)
2021-01-01 17:36:52,22.521642363115348,2021-01-01 17:47:15,113.94057328234447,cb0210e97f60911e793921**********,113.94119875292424,22.53241040136984,,POINT (113.94119875292424 22.521642363115348)
2021-01-01 17:36:52,22.521704341871747,2021-01-01 17:47:15,113.94063529669792,397b9f5091dd98c21e555e**********,113.94126076570495,22.532472380717994,,POINT (113.94126076570495 22.521704341871747)
2021-01-01 17:36:52,22.521704341871747,2021-01-01 17:47:15,113.94063529669792,febf14c549cad6883da756**********,113.94126076570495,22.532472380717994,,POINT (113.94126076570495 22.521704341871747)
2021-01-01 17:36:57,22.489742309575714,2021-01-01 17:49:29,113.92459948045935,e29a6e916e0165eb990f38**********,113.93917171665666,22.49212852386883,,POINT (113.93917171665666 22.489742309575714)
2021-01-01 17:37:08,22.53695856069089,2021-01-01 18:08:00,113.92055571186701,18cd6e447f832a6d857beb**********,113.93508735701572,22.555108644552917,,POINT (113.93508735701572 22.53695856069089)
2021-01-01 17:37:56,22.670419020840093,2021-01-01 17:45:59,114.05374885059547,4139bd74c71f3e48949c9b**********,114.04815864992915,22.66197515469197,,POINT (114.04815864992915 22.670419020840093)
2021-01-01 17:37:56,22.67042361089224,2021-01-01 17:45:59,114.05375344510824,d4a56c14772b7eca9a6351**********,114.04816324336784,22.661979745789445,,POINT (114.04816324336784 22.67042361089224)
2021-01-01 17:37:57,22.586886351726182,2021-01-01 17:45:09,114.30071807765906,b749e8c4ba60ee618af08d**********,114.30146683786155,22.593611344134207,,POINT (114.30146683786155 22.586886351726182)
2021-01-01 17:37:57,22.586865789795944,2021-01-01 17:45:09,114.30069750539974,9a36b246b5f51a1c39aab9**********,114.30144626589428,22.593590782122938,,POINT (114.30144626589428 22.586865789795944)
2021-01-01 17:38:20,22.636537842941014,2021-01-01 17:43:48,114.06126371607166,8e005a1a9942be93dbbb16**********,114.05660930413825,22.638976919642914,,POINT (114.05660930413825 22.636537842941014)
2021-01-01 17:39:57,22.566769686422365,2021-01-01 17:50:11,113.89492494369702,278fdcc90c7c56b48eae06**********,113.89498244124141,22.566952653835582,,POINT (113.89498244124141 22.566769686422365)
2021-01-01 17:40:44,22.66123001024579,2021-01-01 17:52:14,114.01821205152166,68edb5f053f5c2cb1e000c**********,114.01713841265718,22.655831863896992,,POINT (114.01713841265718 22.66123001024579)
2021-01-01 17:40:44,22.661228614505003,2021-01-01 17:52:14,114.01821065482642,7b058d095cd8fc0bf723b4**********,114.01713701599195,22.655830468119646,,POINT (114.01713701599195 22.661228614505003)
2021-01-01 17:40:49,22.54526414170466,2021-01-01 17:53:13,114.08407703479976,edd73a2742d2fd4cbbab2d**********,114.07802702984804,22.549088304967512,,POINT (114.07802702984804 22.54526414170466)
2021-01-01 17:40:49,22.54526414170466,2021-01-01 17:53:13,114.08407703479976,d15a7459c703126da7d11a**********,114.07802702984804,22.549088304967512,,POINT (114.07802702984804 22.54526414170466)
2021-01-01 17:40:49,22.54516701363205,2021-01-01 17:53:13,114.08397981296179,bbc5f91e85801b620f65c4**********,114.07792983640735,22.54899115083864,,POINT (114.07792983640735 22.54516701363205)
2021-01-01 17:41:32,22.6772343833105,2021-01-01 18:23:08,114.03635109747104,3a4b9c9341d9843533c3cc**********,114.03291425908932,22.639945780051715,,POINT (114.03291425908932 22.6772343833105)
2021-01-01 17:41:45,22.6243889634227,2021-01-01 17:44:27,114.1489658649915,070c21dae97583bd02e587**********,114.14759477164162,22.622736475799513,,POINT (114.14759477164162 22.6243889634227)
2021-01-01 17:41:50,22.658668017992394,2021-01-01 17:59:55,114.03873798767273,1b480466cb4d7d8f37da6a**********,114.03264664526756,22.643191047469255,,POINT (114.03264664526756 22.658668017992394)
2021-01-01 17:42:22,22.522853955950218,2021-01-01 18:24:42,113.96065416401476,231ba85215b5745e27da1a**********,113.96131167346165,22.521884220437254,,POINT (113.96131167346165 22.522853955950218)
2021-01-01 17:42:22,22.522853955950218,2021-01-01 18:24:42,113.96065416401476,2382909c77453ec7f49949**********,113.96131167346165,22.521884220437254,,POINT (113.96131167346165 22.522853955950218)
2021-01-01 17:42:22,22.522769277363093,2021-01-01 18:24:42,113.96056944101377,598f6b754eb6c630f0ac4e**********,113.96122695205808,22.5217995402476,,POINT (113.96122695205808 22.522769277363093)
2021-01-01 17:43:22,22.525992708000587,2021-01-01 17:50:57,113.99020451240008,8c011897f2c25ad2ee2c8c**********,113.99283208128038,22.524419658781984,,POINT (113.99283208128038 22.525992708000587)
2021-01-01 17:43:22,22.526032983848136,2021-01-01 17:50:57,113.99024480785947,10cf100942575a690db273**********,113.9928723764118,22.524459935023636,,POINT (113.9928723764118 22.526032983848136)
2021-01-01 17:43:48,22.539415810742966,2021-01-01 17:55:00,114.0930724684516,96cc37e2293a3091b38cf5**********,114.08432059802925,22.543066096193517,,POINT (114.08432059802925 22.539415810742966)
2021-01-01 17:43:48,22.539357936646695,2021-01-01 17:55:00,114.09301453059213,8f269746423444daa9750e**********,114.08426268428794,22.54300819981482,,POINT (114.08426268428794 22.539357936646695)
2021-01-01 17:44:08,22.563845576959253,2021-01-01 17:54:06,114.23324609843816,1ba2613090971f27787f67**********,114.23483384977648,22.559107122994238,,POINT (114.23483384977648 22.563845576959253)
2021-01-01 17:44:40,22.664294206675855,2021-01-01 18:14:55,114.06315495066029,28265e838578deae712ea0**********,114.05679196449813,22.65447317662695,,POINT (114.05679196449813 22.664294206675855)
2021-01-01 17:45:20,22.644588341772906,2021-01-01 17:59:35,114.05910102995604,0ccb26cf8e39c64a039a2c**********,114.06618829531531,22.64754829450659,,POINT (114.06618829531531 22.644588341772906)
2021-01-01 17:45:31,22.54146924930964,2021-01-01 18:03:18,113.90020695272182,dde2488b0b99db52ed83e8**********,113.89297419209652,22.54387023817235,,POINT (113.89297419209652 22.54146924930964)
2021-01-01 17:45:31,22.54156395985682,2021-01-01 18:03:18,113.90030169903723,ad661d302ad7975d3c4f43**********,113.89306897033,22.543964918459935,,POINT (113.89306897033 22.54156395985682)
2021-01-01 17:45:59,22.545975412308522,2021-01-01 18:00:26,114.10435222111295,7ec8930432c0d74e7639a4**********,114.11453504818972,22.53858738894897,,POINT (114.11453504818972 22.545975412308522)
2021-01-01 17:45:59,22.545945087896204,2021-01-01 18:00:26,114.10432188580914,1d1b99f69de8de3e1cd9fc**********,114.11450470018536,22.538557076156295,,POINT (114.11450470018536 22.545945087896204)
2021-01-01 17:46:02,22.583218141590432,2021-01-01 17:54:04,113.9421349512538,6ac021510d7bcdb7c3503d**********,113.93806171835739,22.57507226763598,,POINT (113.93806171835739 22.583218141590432)
2021-01-01 17:46:02,22.58327353549204,2021-01-01 17:54:04,113.94219037116655,c484c085c7a620128d4479**********,113.93811714756254,22.57512765342227,,POINT (113.93811714756254 22.58327353549204)
2021-01-01 17:46:02,22.56355609381859,2021-01-01 17:48:50,114.029642934089,bca2f5e6a1183c596dec03**********,114.03318430086519,22.5645298247007,,POINT (114.03318430086519 22.56355609381859)
2021-01-01 17:46:11,22.58931427974526,2021-01-01 18:11:03,114.27505163989214,826d26050b2a4b58617d1b**********,114.27507402323249,22.58925333149093,,POINT (114.27507402323249 22.58931427974526)
2021-01-01 17:46:30,22.523021152405605,2021-01-01 17:52:59,114.0478636742547,049ae4928c6c67927dfd6c**********,114.04840258885464,22.531765215095085,,POINT (114.04840258885464 22.523021152405605)
2021-01-01 17:46:37,22.528067218537533,2021-01-01 18:03:09,114.0432405991123,f2b9e399e3bab5eee675b4**********,114.04984748956456,22.52315464360993,,POINT (114.04984748956456 22.528067218537533)
2021-01-01 17:46:37,22.528010427882904,2021-01-01 18:03:09,114.04318379120271,1d6de0c7923af7fe5d356f**********,114.04979066678861,22.523097866457643,,POINT (114.04979066678861 22.528010427882904)
2021-01-01 17:46:46,22.52848952816328,2021-01-01 19:28:53,114.02304964294667,7061f3aef8ceb53441ec53**********,113.99675607501165,22.5394818127322,,POINT (113.99675607501165 22.52848952816328)
2021-01-01 17:46:51,22.612859967003608,2021-01-01 18:26:43,114.03913454683861,81d940ef35ac99b5eee060**********,114.0372755413014,22.60243715199173,,POINT (114.0372755413014 22.612859967003608)
2021-01-01 17:46:51,22.61285138828594,2021-01-01 18:26:43,114.03912596205227,61b5616a880f21db4af19d**********,114.03726695707365,22.60242857264285,,POINT (114.03726695707365 22.61285138828594)
2021-01-01 17:48:04,22.568081161009395,2021-01-01 17:58:27,114.0395591399433,15e0625bad5018819c2514**********,114.035437012748,22.572900244449727,,POINT (114.035437012748 22.568081161009395)
2021-01-01 17:48:10,22.65176139211033,2021-01-01 18:02:02,114.02336945695852,527c07f07f5de0a227250e**********,114.03954767577555,22.648105700925058,,POINT (114.03954767577555 22.65176139211033)
2021-01-01 17:48:10,22.65176797595827,2021-01-01 18:02:02,114.0233760421425,4d1047e311a86829d6ff4d**********,114.03955426419436,22.64811228178787,,POINT (114.03955426419436 22.65176797595827)
2021-01-01 17:48:22,22.55039836800258,2021-01-01 18:17:43,114.09470444289155,29eabdded0bb66e0d56794**********,114.11383971489839,22.542030276229323,,POINT (114.11383971489839 22.55039836800258)
2021-01-01 17:48:52,22.534065890626515,2021-01-01 18:59:36,113.94687142604806,1dfba001f7276f37e9dc65**********,113.95950158565613,22.50246610845628,,POINT (113.95950158565613 22.534065890626515)
2021-01-01 17:49:07,22.554417307352832,2021-01-01 18:39:03,114.23146047305089,c450d3f5458a94b32936f9**********,114.23603454349208,22.551995711946898,,POINT (114.23603454349208 22.554417307352832)
2021-01-01 17:49:07,22.55440000286944,2021-01-01 18:39:03,114.23144315377941,a7928e9b39579dd456288c**********,114.23601722744165,22.551978404480792,,POINT (114.23601722744165 22.55440000286944)
2021-01-01 17:49:25,22.574212573063356,2021-01-01 17:51:24,114.05749747613525,f7a475b85ee43859738a6f**********,114.05584173011633,22.572323321374675,,POINT (114.05584173011633 22.574212573063356)
2021-01-01 17:49:59,22.58461390846393,2021-01-01 17:59:40,113.91666060595934,55fbd359b5899a188b4426**********,113.91438713712193,22.576705205554706,,POINT (113.91438713712193 22.58461390846393)
2021-01-01 17:49:59,22.584516096052234,2021-01-01 17:59:40,113.91656273495349,b1e4e9630b33d033e2628f**********,113.914289255435,22.576607402154888,,POINT (113.914289255435 22.584516096052234)
2021-01-01 17:50:19,22.554335893096827,2021-01-01 18:13:14,114.11382023932366,da346901187331e84fea39**********,114.11894731137926,22.547534838885152,,POINT (114.11894731137926 22.554335893096827)
2021-01-01 17:50:41,22.561421300119097,2021-01-01 18:11:29,113.88715863157587,2e7c67459dc5521cc5ebc5**********,113.89186263444522,22.567585438472538,,POINT (113.89186263444522 22.561421300119097)
2021-01-01 17:51:49,22.650973892179284,2021-01-01 18:01:37,114.04576916304283,452c68e13c4e8b2cd50d19**********,114.04644029371883,22.643640755692875,,POINT (114.04644029371883 22.650973892179284)
2021-01-01 17:52:14,22.610113760023125,2021-01-01 18:07:31,114.04302034508376,1c7894a933bf29419deb93**********,114.04043681379392,22.605405914724667,,POINT (114.04043681379392 22.610113760023125)
2021-01-01 17:53:02,22.5715461183708,2021-01-01 18:02:59,114.0501551236694,e49ef0b2011066b250421c**********,114.05408762101519,22.567207454783656,,POINT (114.05408762101519 22.5715461183708)
2021-01-01 17:53:48,22.51400289088678,2021-01-01 18:04:37,113.94348569116971,f2d112f01c6fa473d5d556**********,113.94812740020375,22.519232790723155,,POINT (113.94812740020375 22.51400289088678)
2021-01-01 17:53:52,22.521957662939133,2021-01-01 18:01:11,114.0223037742191,2d1b3169686e038d0802b1**********,114.02943335080525,22.52419618712296,,POINT (114.02943335080525 22.521957662939133)
2021-01-01 17:53:56,22.584469346231426,2021-01-01 18:22:46,114.28028446260615,f3038e21fececcef1a3ab5**********,114.30120396247598,22.589243537926173,,POINT (114.30120396247598 22.584469346231426)
2021-01-01 17:53:56,22.584553590804564,2021-01-01 18:22:46,114.28036879406729,3b4b445ed5bd59cd82e6c7**********,114.30128824796117,22.589327822946945,,POINT (114.30128824796117 22.584553590804564)
2021-01-01 17:54:42,22.589721450321928,2021-01-01 18:16:08,114.2519628435854,7ba8c0f7fdbb8ba072343f**********,114.27122933454741,22.592494133207712,,POINT (114.27122933454741 22.589721450321928)
2021-01-01 17:54:47,22.607369118690293,2021-01-01 18:01:21,113.83804257923822,166b9df1c2aef21003b668**********,113.83160707987354,22.610978409658735,,POINT (113.83160707987354 22.607369118690293)
2021-01-01 17:54:51,22.578010744155534,2021-01-01 18:18:18,113.94931654995094,7a125f57580f39542823eb**********,113.9349343824162,22.58293697960532,,POINT (113.9349343824162 22.578010744155534)
2021-01-01 17:54:58,22.6621679598997,2021-01-01 18:05:13,114.03936058773822,a82207a079db6e3ab55dfe**********,114.0379984509401,22.65643527989019,,POINT (114.0379984509401 22.6621679598997)
2021-01-01 17:54:58,22.662187809950204,2021-01-01 18:05:13,114.03938045268987,a8705cf815d7e2608684d1**********,114.03801831493654,22.65645513096124,,POINT (114.03801831493654 22.662187809950204)
2021-01-01 17:55:06,22.531199823602034,2021-01-01 18:07:50,113.91712610694456,68ecb8202305532ea45d7f**********,113.91199573472338,22.52595208459936,,POINT (113.91199573472338 22.531199823602034)
2021-01-01 17:55:06,22.53129915188432,2021-01-01 18:07:50,113.9172254748626,97e328d9ad7b5d74a47502**********,113.9120951271399,22.526051390619156,,POINT (113.9120951271399 22.53129915188432)
2021-01-01 17:56:45,22.654971293366575,2021-01-01 18:06:53,114.02440346923984,fa1f875e54ca30469a37ea**********,114.01918335218674,22.660108042716686,,POINT (114.01918335218674 22.654971293366575)
2021-01-01 17:57:05,22.553693107617956,2021-01-01 18:13:54,114.2359787596975,aa3d991f99c92c40bf2a96**********,114.23352144289404,22.5543939102977,,POINT (114.23352144289404 22.553693107617956)
2021-01-01 17:57:35,22.64546249519655,2021-01-01 18:13:53,114.0678943704131,6ad777641a144b9ad76a9d**********,114.08022659913583,22.65950903041269,,POINT (114.08022659913583 22.64546249519655)
2021-01-01 17:57:35,22.64554962869566,2021-01-01 18:13:53,114.06798152254451,c8f93f204037d5b844cc81**********,114.08031380291321,22.659596114267437,,POINT (114.08031380291321 22.64554962869566)
2021-01-01 17:58:22,22.56680188240791,2021-01-01 18:24:06,114.0567585130205,af76080e4d220ca9641eba**********,114.06522356900452,22.572136173126005,,POINT (114.06522356900452 22.56680188240791)
2021-01-01 17:58:25,22.686791173068105,2021-01-01 18:09:04,113.84030525846335,b8473eb772a4e00f871b82**********,113.84159975569798,22.684556732185154,,POINT (113.84159975569798 22.686791173068105)
2021-01-01 17:58:25,22.686844353759295,2021-01-01 18:09:04,113.84035849247417,3c4b3adcea04966990dcaf**********,113.841652988726,22.68460991396694,,POINT (113.841652988726 22.686844353759295)
2021-01-01 17:58:41,22.56519015140457,2021-01-01 18:03:15,114.10294625946206,611390056857a008e9db93**********,114.10405999263261,22.571865010178353,,POINT (114.10405999263261 22.56519015140457)
2021-01-01 17:58:41,22.565098116971665,2021-01-01 18:03:15,114.10285415801643,379beb1a56c3fd3896541b**********,114.10396788671116,22.571772980738615,,POINT (114.10396788671116 22.565098116971665)
2021-01-01 18:00:10,22.548990919221378,2021-01-01 18:05:53,114.1172230649967,f2e88e76dcbfa3ae735da1**********,114.11250136274609,22.551038415723873,,POINT (114.11250136274609 22.548990919221378)
2021-01-01 18:00:10,22.548955493495033,2021-01-01 18:05:53,114.11718760530078,aef5978f2ed5e4b92d4287**********,114.11246590948797,22.55100298404605,,POINT (114.11246590948797 22.548955493495033)
2021-01-01 18:03:00,22.537692910846832,2021-01-01 18:04:43,114.0601667813537,5854c758eb09faa6210c10**********,114.05960188488322,22.536917154033176,,POINT (114.05960188488322 22.537692910846832)
2021-01-01 18:03:00,22.537766397653897,2021-01-01 18:04:43,114.06024031461136,95cf9918a7d5bb7fff2712**********,114.0596754162617,22.536990642669448,,POINT (114.0596754162617 22.537766397653897)
2021-01-01 18:03:54,22.524780323285135,2021-01-01 18:19:14,113.98856477791934,5c0a69e5dc1d41663bb8a6**********,113.98738119213942,22.538860278914097,,POINT (113.98738119213942 22.524780323285135)
2021-01-01 18:03:57,22.628034436432113,2021-01-01 18:17:50,114.05172773038541,ab6b0e5982335178a663a7**********,114.05576724137762,22.63827707703367,,POINT (114.05576724137762 22.628034436432113)
2021-01-01 18:03:57,22.628030144230944,2021-01-01 18:17:50,114.05172343588444,e7666521904502161a9c1f**********,114.05576294613007,22.63827278558146,,POINT (114.05576294613007 22.628030144230944)
2021-01-01 18:04:12,22.622877319689984,2021-01-01 18:11:19,114.05929187243098,f68d384cba2b7b3afb0d82**********,114.06996621419852,22.62459436107547,,POINT (114.06996621419852 22.622877319689984)
2021-01-01 18:04:17,22.524191716641983,2021-01-01 18:37:01,113.96395213816794,be0a534690112e73ba1efb**********,113.98902618510245,22.534738019402116,,POINT (113.98902618510245 22.524191716641983)
2021-01-01 18:04:23,22.537352526432812,2021-01-01 18:15:54,114.00074555133705,56f41ae3d5b06a30a84490**********,114.00819929342231,22.53947704364002,,POINT (114.00819929342231 22.537352526432812)
2021-01-01 18:04:23,22.53744006154753,2021-01-01 18:15:54,114.00083312457174,d3ea4561cb79a70fb1121a**********,114.00828687225972,22.539564573311672,,POINT (114.00828687225972 22.53744006154753)
2021-01-01 18:05:19,22.498272698896454,2021-01-01 18:10:36,113.92544387996654,9477aa87493a9da337fc4f**********,113.92488304779721,22.495744650984175,,POINT (113.92488304779721 22.498272698896454)
2021-01-01 18:05:19,22.49826940301955,2021-01-01 18:10:36,113.92544058231816,861ffb375a1032194fa8fe**********,113.92487975006298,22.495741355176566,,POINT (113.92487975006298 22.49826940301955)
2021-01-01 18:05:27,22.649384800466066,2021-01-01 19:31:48,114.02858796725735,4bc36bec5617522ce37851**********,114.03700737476056,22.671264545360348,,POINT (114.03700737476056 22.649384800466066)
2021-01-01 18:06:26,22.561299433458345,2021-01-01 18:18:37,114.09966326149032,40e0b58aca577bab0b93c9**********,114.09963646232443,22.5479125100142,,POINT (114.09963646232443 22.561299433458345)
2021-01-01 18:06:26,22.645969344000672,2021-01-01 18:10:39,114.03288166581638,e582f551809f4add78df30**********,114.02966953017713,22.64330869712541,,POINT (114.02966953017713 22.645969344000672)
2021-01-01 18:07:21,22.545208063861807,2021-01-01 18:14:06,114.11472962059935,78608708c9852a4fe0a412**********,114.11764543536489,22.546881510329445,,POINT (114.11764543536489 22.545208063861807)
2021-01-01 18:08:22,22.68528737737782,2021-01-01 18:28:54,114.00820019876764,309b698b653788d11c7cbe**********,114.00789368765751,22.685797184782725,,POINT (114.00789368765751 22.68528737737782)
2021-01-01 18:09:05,22.527315637031762,2021-01-01 18:27:13,114.04202557421914,2be513f0fc83622fc36114**********,114.03060988646783,22.52718568378883,,POINT (114.03060988646783 22.527315637031762)
2021-01-01 18:09:25,22.673407820743947,2021-01-01 18:32:36,114.00540707502165,632c1660d628e514b1f11c**********,114.02246221154002,22.68054344182489,,POINT (114.02246221154002 22.673407820743947)
2021-01-01 18:09:25,22.67339595584079,2021-01-01 18:32:36,114.00539520539074,dd58b096b06206f9b3808b**********,114.02245033852165,22.68053158016538,,POINT (114.02245033852165 22.67339595584079)
2021-01-01 18:09:37,22.588106040178527,2021-01-01 19:00:15,114.23469901045634,fc96b5d2cb7cc8758af09d**********,114.27402869867491,22.55670764714454,,POINT (114.27402869867491 22.588106040178527)
2021-01-01 18:10:33,22.536869759557618,2021-01-01 18:27:59,113.98686316769067,2da26bd9503c5ac9452496**********,113.98125714472867,22.540775669862597,,POINT (113.98125714472867 22.536869759557618)
2021-01-01 18:11:23,22.548300945206673,2021-01-01 18:19:32,114.12905300301286,e6e6bf1f929a51b3bbb2ad**********,114.1168162842946,22.550767468654513,,POINT (114.1168162842946 22.548300945206673)
2021-01-01 18:11:27,22.70006593690169,2021-01-01 18:16:39,113.988869825148,c3b3eff5aa206b5711ac8b**********,113.98702072810124,22.692953281284368,,POINT (113.98702072810124 22.70006593690169)
2021-01-01 18:12:36,22.67952845110689,2021-01-01 18:24:47,113.94652843040821,6d263501533045b90ed484**********,113.94479571978948,22.68084715158458,,POINT (113.94479571978948 22.67952845110689)
2021-01-01 18:12:45,22.521607142219445,2021-01-01 18:28:21,114.01984552457306,e9a73de23e293cfab3c612**********,114.03467808439773,22.533291993981774,,POINT (114.03467808439773 22.521607142219445)
2021-01-01 18:13:13,22.661144163020907,2021-01-01 18:21:13,114.02005661894744,7ebb6add4df0ab139d8af1**********,114.01339756641661,22.662801945658885,,POINT (114.01339756641661 22.661144163020907)
2021-01-01 18:13:53,22.53720149969395,2021-01-01 18:45:28,113.96363138802636,027c47568c60c768c5c194**********,113.95136410033642,22.528745032944034,,POINT (113.95136410033642 22.53720149969395)
2021-01-01 18:13:53,22.53728779779647,2021-01-01 18:45:28,113.96371770033943,80e13892878180b6a48615**********,113.95145044544583,22.528831301325003,,POINT (113.95145044544583 22.53728779779647)
2021-01-01 18:14:16,22.622212836365485,2021-01-01 18:34:38,114.03462551164323,5da801b045a041eaae0d86**********,114.0353997654216,22.641608405987746,,POINT (114.0353997654216 22.622212836365485)
2021-01-01 18:14:16,22.622203959016783,2021-01-01 18:34:38,114.0346166287579,28931fefd4ee7cd42c182e**********,114.03539088230758,22.641599529058304,,POINT (114.03539088230758 22.622203959016783)
2021-01-01 18:14:24,22.655603838164105,2021-01-01 18:30:00,114.00669344906125,3e0098634655ad479d502a**********,114.01257955664953,22.654434044474943,,POINT (114.01257955664953 22.655603838164105)
2021-01-01 18:14:43,22.56719824586785,2021-01-01 18:34:17,114.12048684224337,69a666cd1670f525adeccd**********,114.12354843764749,22.56560862774373,,POINT (114.12354843764749 22.56719824586785)
2021-01-01 18:15:10,22.63460400951114,2021-01-01 18:18:08,114.04999397656013,8f96ee4ad570fa843da282**********,114.05013230248285,22.638177263980417,,POINT (114.05013230248285 22.63460400951114)
2021-01-01 18:15:33,22.51918593348072,2021-01-01 18:23:35,114.038399457268,6f0903fc580ede1f445097**********,114.04264631795509,22.523981894912996,,POINT (114.04264631795509 22.51918593348072)
2021-01-01 18:16:04,22.622144618769582,2021-01-01 18:21:27,114.05578939429655,6e40394773df268824f655**********,114.06209810040264,22.62014362701952,,POINT (114.06209810040264 22.622144618769582)
2021-01-01 18:16:55,22.687020085650467,2021-01-01 18:26:16,113.99256059844492,fa1f7b63b0ca0424c990fc**********,113.99199479007551,22.68708763008279,,POINT (113.99199479007551 22.687020085650467)
2021-01-01 18:16:55,22.687048193418605,2021-01-01 18:26:16,113.99258872516111,eb346fd6dce04a51eadcc8**********,113.99202291682992,22.687115737812526,,POINT (113.99202291682992 22.687048193418605)
2021-01-01 18:17:31,22.66687430162113,2021-01-01 18:21:23,114.03865646961164,e7c6058ac5d2b9ecbc8f39**********,114.03743195901609,22.66138718878927,,POINT (114.03743195901609 22.66687430162113)
2021-01-01 18:18:27,22.57062084197344,2021-01-01 18:36:23,113.8760775467249,8824d445e63c1b5da2cfad**********,113.87331604560897,22.563965887868243,,POINT (113.87331604560897 22.57062084197344)
2021-01-01 18:18:55,22.66805348616199,2021-01-01 18:26:57,114.00708732916854,8f1c5fec4022dd3b0fbeb2**********,113.99900061367329,22.654646476456964,,POINT (113.99900061367329 22.66805348616199)
2021-01-01 18:18:55,22.66799986082161,2021-01-01 18:26:57,114.00703366553752,05cdc907658c75c2f30de9**********,113.99894695320599,22.65459284736669,,POINT (113.99894695320599 22.66799986082161)
2021-01-01 18:20:41,22.63551657182128,2021-01-01 18:47:40,114.0187979100952,1aaaee8f43cfe15f61ccce**********,114.0180152055998,22.635636657749906,,POINT (114.0180152055998 22.63551657182128)
2021-01-01 18:21:14,22.588444218336416,2021-01-01 18:42:59,114.2541318092645,1665c75a46afb4b55e032b**********,114.27366341044299,22.591806139653613,,POINT (114.27366341044299 22.588444218336416)
2021-01-01 18:21:17,22.52191464926734,2021-01-01 18:46:41,113.94830775283289,4443cfcf5eae6897f675f8**********,113.96059556080506,22.512048786727462,,POINT (113.96059556080506 22.52191464926734)
2021-01-01 18:21:17,22.52191464926734,2021-01-01 18:46:41,113.94830775283289,4443cfcf5eae6897f675f8**********,113.96059556080506,22.512048786727462,,POINT (113.96059556080506 22.52191464926734)
2021-01-01 18:21:38,22.686190772800263,2021-01-01 19:07:14,113.92925160721303,7d4dc5e55831aa76b0f17f**********,113.94351598645689,22.683624540370946,,POINT (113.94351598645689 22.686190772800263)
2021-01-01 18:21:48,22.537711240107317,2021-01-01 18:28:02,113.949460531823,6d8b91b33692422f17f631**********,113.94989705616285,22.542795802576443,,POINT (113.94989705616285 22.537711240107317)
2021-01-01 18:22:33,22.604671558913843,2021-01-01 18:35:58,114.11954257050073,bca2a8a7161287fe430c17**********,114.11307345536474,22.59708517133502,,POINT (114.11307345536474 22.604671558913843)
2021-01-01 18:23:10,22.51965173735659,2021-01-01 18:35:59,113.92895179561864,ae1f494b313c3ff9f44233**********,113.93201283966833,22.517438696692007,,POINT (113.93201283966833 22.51965173735659)
2021-01-01 18:23:12,22.522678700938396,2021-01-01 18:41:04,113.96066132750937,26341b7cd2b0a461389daa**********,113.9593042927576,22.52191543096718,,POINT (113.9593042927576 22.522678700938396)
2021-01-01 18:23:38,22.640041049625744,2021-01-01 18:36:55,114.01113585831476,ffe0e042898ef33985912d**********,114.01661314265225,22.6350066554082,,POINT (114.01661314265225 22.640041049625744)
2021-01-01 18:24:08,22.614396901524145,2021-01-01 18:29:57,114.11551718867409,bc9c7487f2118a17fd9943**********,114.11689848151758,22.6062257666351,,POINT (114.11689848151758 22.614396901524145)
2021-01-01 18:24:37,22.575867104006488,2021-01-01 18:58:41,113.8808643896362,3ff6314659307c0b183b4d**********,113.86907968363738,22.584798541485217,,POINT (113.86907968363738 22.575867104006488)
2021-01-01 18:24:37,22.57582916646958,2021-01-01 18:58:41,113.88082643818251,a7f073ec1b3a75d4f4678b**********,113.86904171512445,22.58476062046904,,POINT (113.86904171512445 22.57582916646958)
2021-01-01 18:25:06,22.63648160906083,2021-01-01 18:30:28,114.05569617868146,d43baca8168079542f1048**********,114.05531501412086,22.642965935723353,,POINT (114.05531501412086 22.63648160906083)
2021-01-01 18:25:06,22.63640944235608,2021-01-01 18:30:28,114.05562395892997,7db9bde5627c2199afc587**********,114.05524279556866,22.64289376845624,,POINT (114.05524279556866 22.63640944235608)
2021-01-01 18:25:31,22.53923783927556,2021-01-01 18:32:32,113.96185795004924,d1ae4f7caf430d1492d2aa**********,113.96991127474868,22.541570127059348,,POINT (113.96991127474868 22.53923783927556)
2021-01-01 18:25:31,22.53925568856835,2021-01-01 18:32:32,113.961875812087,0c8036f91d171a674a3c8a**********,113.96992913320284,22.541587979650405,,POINT (113.96992913320284 22.53925568856835)
2021-01-01 18:25:39,22.620095744604868,2021-01-01 18:44:46,114.03449811463948,bb007840f7329e32661526**********,114.02251056467499,22.624809363677613,,POINT (114.02251056467499 22.620095744604868)
2021-01-01 18:27:35,22.629920288697082,2021-01-01 18:35:26,114.0584533851785,f29c86a33a7abe9c46ef07**********,114.06472150645692,22.637654432498024,,POINT (114.06472150645692 22.629920288697082)
2021-01-01 18:28:19,22.51235481882035,2021-01-01 18:39:22,113.91262507135721,b4f84aeb46f69ddde4792d**********,113.92084894602488,22.504827458666252,,POINT (113.92084894602488 22.51235481882035)
2021-01-01 18:28:19,22.51230247592765,2021-01-01 18:39:22,113.91257267674284,f08b36c84a854a98ac1d18**********,113.92079657202753,22.504775095932942,,POINT (113.92079657202753 22.51230247592765)
2021-01-01 18:28:41,22.631582777717504,2021-01-01 18:39:55,114.05582090615809,81ab141439f87cb1a76d41**********,114.06516645979025,22.629095864039883,,POINT (114.06516645979025 22.631582777717504)
2021-01-01 18:28:41,22.631674547364742,2021-01-01 18:39:55,114.0559127049967,8e6dfd6eee47c6ef4b418f**********,114.06525829758375,22.629187597620543,,POINT (114.06525829758375 22.631674547364742)
2021-01-01 18:29:35,22.558052703409214,2021-01-01 18:42:28,114.10119817628164,830ea9fc9261e13cb5e59e**********,114.1122299899179,22.557858578213708,,POINT (114.1122299899179 22.558052703409214)
2021-01-01 18:29:40,22.578626670071053,2021-01-01 18:44:12,113.91668840502226,d969d7f5c52d2976f7c003**********,113.90475853802224,22.581202692156616,,POINT (113.90475853802224 22.578626670071053)
2021-01-01 18:30:13,22.543374613815292,2021-01-01 18:53:26,113.92869514286771,e623654b304c4a80d6e39f**********,113.95088052020749,22.543063958436978,,POINT (113.95088052020749 22.543374613815292)
2021-01-01 18:30:21,22.522299762452963,2021-01-01 19:23:26,113.98310989780931,a004270f4a2ffb107be6d0**********,113.97878901985843,22.5360266805856,,POINT (113.97878901985843 22.522299762452963)
2021-01-01 18:30:39,22.54885161031265,2021-01-01 18:56:28,114.12076888719871,111826cf79f8f65d635b18**********,114.11660040512476,22.567042787340146,,POINT (114.11660040512476 22.54885161031265)
2021-01-01 18:30:39,22.548931980800052,2021-01-01 18:56:28,114.12084933309994,94900535238e447d805f30**********,114.11668083883926,22.567123167365043,,POINT (114.11668083883926 22.548931980800052)
2021-01-01 18:30:39,22.548931980800052,2021-01-01 18:56:28,114.12084933309994,8de2572f4d298c19f58366**********,114.11668083883926,22.567123167365043,,POINT (114.11668083883926 22.548931980800052)
2021-01-01 18:30:48,22.512699254872153,2021-01-01 18:38:00,113.91279561765381,6b29a10b402491982eca92**********,113.91316924565643,22.519832507885333,,POINT (113.91316924565643 22.512699254872153)
2021-01-01 18:30:55,22.54918142726856,2021-01-01 18:44:44,114.11690965444949,9ca33da277b312b8016de1**********,114.13183559685895,22.539700391163805,,POINT (114.13183559685895 22.54918142726856)
2021-01-01 18:31:54,22.558163298086058,2021-01-01 18:40:29,114.14367317629225,66c6d1be7749535d3b4ff1**********,114.14391286086051,22.56986303839549,,POINT (114.14391286086051 22.558163298086058)
2021-01-01 18:31:54,22.653831333890114,2021-01-01 18:50:30,114.02268438930872,50bddf19df6b5d09d6f67b**********,114.0074664241509,22.643038325414814,,POINT (114.0074664241509 22.653831333890114)
2021-01-01 18:32:57,22.632945699352607,2021-01-01 18:40:53,114.04719862795768,f1758cd59451c8e9116ba9**********,114.05237425233898,22.633862536530224,,POINT (114.05237425233898 22.632945699352607)
2021-01-01 18:33:26,22.64529598530972,2021-01-01 18:43:55,114.0322304763815,4c18dcbcd72b2424c5acc6**********,114.0345692358477,22.638779899631583,,POINT (114.0345692358477 22.64529598530972)
2021-01-01 18:34:18,22.66676459434536,2021-01-01 20:29:48,113.85909923232566,09763c5aa79ad772840408**********,113.85906292337235,22.667241170907356,,POINT (113.85906292337235 22.66676459434536)
2021-01-01 18:34:49,22.546738366556394,2021-01-01 18:45:16,114.11059516547782,f1482bb69bb433e00b8e55**********,114.11052865396887,22.534387262792695,,POINT (114.11052865396887 22.546738366556394)
2021-01-01 18:34:52,22.583316448809185,2021-01-01 18:39:53,113.8570714707681,4b87b027545d8de41d57d7**********,113.85652952857849,22.57945421622704,,POINT (113.85652952857849 22.583316448809185)
2021-01-01 18:34:52,22.583238944481735,2021-01-01 18:39:53,113.85699390198951,3da1f86903de133127c180**********,113.85645195867836,22.579376712579503,,POINT (113.85645195867836 22.583238944481735)
2021-01-01 18:34:55,22.546322728906993,2021-01-01 18:41:57,114.11666833834451,dbea95e4de6fc6d98ebdf2**********,114.11501176528891,22.549068899005572,,POINT (114.11501176528891 22.546322728906993)
2021-01-01 18:34:55,22.546299709986542,2021-01-01 18:41:57,114.11664530003118,e74b502aa516acd4747f52**********,114.11498872842375,22.549045878808002,,POINT (114.11498872842375 22.546299709986542)
2021-01-01 18:35:17,22.563548707095748,2021-01-01 18:51:32,113.8886823685216,f1c7e1aa15d2c8079d4dd5**********,113.88953685902739,22.572897371139582,,POINT (113.88953685902739 22.563548707095748)
2021-01-01 18:35:17,22.56350229635906,2021-01-01 18:51:32,113.8886359210671,d0ffb1d7cd35cb434e9cab**********,113.88949041333801,22.572850959308845,,POINT (113.88949041333801 22.56350229635906)
2021-01-01 18:35:31,22.527387987373206,2021-01-01 18:44:22,113.94195190092816,ccc3b0dd2565fcd5088cf5**********,113.94947605405004,22.530637830749328,,POINT (113.94947605405004 22.527387987373206)
2021-01-01 18:36:04,22.601368499899298,2021-01-01 18:41:19,114.10753541657967,49424762f6a88216766004**********,114.10931354045158,22.59859625908463,,POINT (114.10931354045158 22.601368499899298)
2021-01-01 18:37:20,22.591304161268415,2021-01-01 18:40:31,114.25331197018151,0ff1fcfedc697a3e829fca**********,114.25602692711044,22.592289288661476,,POINT (114.25602692711044 22.591304161268415)
2021-01-01 18:37:22,22.642721489496818,2021-01-01 18:46:16,114.02577631475513,c0b1e8f742c07b18ef4b6d**********,114.01693083842697,22.64067907844038,,POINT (114.01693083842697 22.642721489496818)
2021-01-01 18:37:22,22.642670544061264,2021-01-01 18:46:16,114.02572532638061,734ed7c9ad6c798dfc7b1d**********,114.01687986035793,22.640628123288966,,POINT (114.01687986035793 22.642670544061264)
2021-01-01 18:37:22,22.642721489496818,2021-01-01 18:46:16,114.02577631475513,b57d5848ad900c8ffc3d32**********,114.01693083842697,22.64067907844038,,POINT (114.01693083842697 22.642721489496818)
2021-01-01 18:37:22,22.542123208701483,2021-01-01 18:55:36,114.11117238701998,09c16cf080cf08717e27f9**********,114.11159680699753,22.53524918233275,,POINT (114.11159680699753 22.542123208701483)
2021-01-01 18:37:26,22.602347237921844,2021-01-01 18:46:34,114.11378704270884,9acaea8a60b70a67d6ec3d**********,114.11173742622287,22.61170765901999,,POINT (114.11173742622287 22.602347237921844)
2021-01-01 18:37:53,22.669418602067356,2021-01-01 18:40:26,114.0204575502086,e317ee1ece01407b6da811**********,114.01780630303904,22.671918402399385,,POINT (114.01780630303904 22.669418602067356)
2021-01-01 18:37:53,22.669431064076015,2021-01-01 18:40:26,114.02047002129574,c1a001f2e8d9668efe09c6**********,114.01781877342856,22.671930865022272,,POINT (114.01781877342856 22.669431064076015)
2021-01-01 18:38:01,22.551569320371872,2021-01-01 18:57:23,114.04911128427072,85b8e44bc9d7beeab2e7a3**********,114.05466146189907,22.56396161993084,,POINT (114.05466146189907 22.551569320371872)
2021-01-01 18:38:01,22.55155225050147,2021-01-01 18:57:23,114.04909420798766,164175b29cb19773e59577**********,114.05464438161555,22.563944554067287,,POINT (114.05464438161555 22.55155225050147)
2021-01-01 18:38:30,22.543545542624155,2021-01-01 21:02:51,113.9399488072555,71ad4d7aa56a38aeaac812**********,113.94095589011086,22.532397627333882,,POINT (113.94095589011086 22.543545542624155)
2021-01-01 18:38:42,22.636421443293933,2021-01-01 18:48:57,114.05251310154439,41b346910ba785e86faa68**********,114.05487600798105,22.639769943501538,,POINT (114.05487600798105 22.636421443293933)
2021-01-01 18:39:04,22.524415887455078,2021-01-01 19:58:04,113.99028163677995,4fcaa8973ae6eeac00dfbf**********,113.99016541156806,22.52442705468894,,POINT (113.99016541156806 22.524415887455078)
2021-01-01 18:39:04,22.524347996036546,2021-01-01 19:58:04,113.99021371300472,e35867222aa42424d54d66**********,113.99009748775886,22.524359163303455,,POINT (113.99009748775886 22.524347996036546)
2021-01-01 18:39:43,22.54313904063522,2021-01-01 19:18:23,113.9013236982557,ab80d5b843f324a9b5f277**********,113.91533264682762,22.564524987424836,,POINT (113.91533264682762 22.54313904063522)
2021-01-01 18:39:57,22.506991417023727,2021-01-01 19:12:40,113.91897908012848,7e168ef7a005d5bf117266**********,113.91861858566783,22.52670888452377,,POINT (113.91861858566783 22.506991417023727)
2021-01-01 18:40:20,22.59860540589277,2021-01-01 18:48:26,114.30838050860524,c7b1f1a0f2e573ddaca03c**********,114.30412470452708,22.601621690632822,,POINT (114.30412470452708 22.59860540589277)
2021-01-01 18:40:32,22.521984481492815,2021-01-01 19:16:25,113.94705829952153,6e6edac8a0524b0f004953**********,113.96068357800725,22.514040700594833,,POINT (113.96068357800725 22.521984481492815)
2021-01-01 18:40:32,22.521924237948273,2021-01-01 19:16:25,113.94699799804908,ec447e70c23c6e7a1dafa5**********,113.96062330400142,22.513980430723024,,POINT (113.96062330400142 22.521924237948273)
2021-01-01 18:40:54,22.65515155803933,2021-01-01 18:56:00,114.0641542821053,2ebbe9b329817462f46d7f**********,114.0631846852035,22.641866952420795,,POINT (114.0631846852035 22.65515155803933)
2021-01-01 18:40:54,22.65518900053665,2021-01-01 18:56:00,114.06419175490515,9f790a46874a4b8f28ca8b**********,114.06322215631674,22.641904397075642,,POINT (114.06322215631674 22.65518900053665)
2021-01-01 18:42:04,22.64538474879548,2021-01-01 19:02:43,114.01862769275515,9f961e8a2cef20b79192fa**********,114.02603334335842,22.65020608530424,,POINT (114.02603334335842 22.64538474879548)
2021-01-01 18:42:04,22.645416358991614,2021-01-01 19:02:43,114.01865931820983,2d367f90098ee33d40a91c**********,114.02606497435806,22.650237690160598,,POINT (114.02606497435806 22.645416358991614)
2021-01-01 18:42:48,22.58722672802998,2021-01-01 18:52:24,113.93934452894334,c5ceadd36b8dbc4ba1d318**********,113.92514339182023,22.5835218391552,,POINT (113.92514339182023 22.58722672802998)
2021-01-01 18:42:48,22.587281851896034,2021-01-01 18:52:24,113.93939965557249,9b7b06250591233ef0fd07**********,113.92519855312402,22.58357693084183,,POINT (113.92519855312402 22.587281851896034)
2021-01-01 18:43:57,22.55519951483696,2021-01-01 19:01:18,113.88523273824623,fd94ca0f22efbfd887e01c**********,113.88102463776494,22.566261210445035,,POINT (113.88102463776494 22.55519951483696)
2021-01-01 18:44:04,22.744579235062886,2021-01-01 18:53:31,113.79561199312793,10a3f3044434c72b488161**********,113.79218223847023,22.7358677889247,,POINT (113.79218223847023 22.744579235062886)
2021-01-01 18:45:28,22.566754173314894,2021-01-01 18:50:35,114.12440193671752,98956fb397cdbd1ea24317**********,114.1252856720085,22.57346091555908,,POINT (114.1252856720085 22.566754173314894)
2021-01-01 18:47:13,22.66940264920614,2021-01-01 19:12:17,114.0142390432134,5bd006d1e4c7a972bf4a5f**********,114.01423462496466,22.669421932176146,,POINT (114.01423462496466 22.66940264920614)
2021-01-01 18:47:36,22.679868999381945,2021-01-01 19:10:37,113.98721795417853,c52fb34de7b61b982b44f1**********,113.99122880650161,22.700184961731203,,POINT (113.99122880650161 22.679868999381945)
2021-01-01 18:47:36,22.679770920192116,2021-01-01 19:10:37,113.98711980749135,731f11486da7c13112b336**********,113.99113066181985,22.700086882798455,,POINT (113.99113066181985 22.679770920192116)
2021-01-01 18:47:58,22.52425772203905,2021-01-01 18:55:33,114.05178225996143,736f4e4c35526cbc9ef521**********,114.0482590728325,22.525706129418534,,POINT (114.0482590728325 22.52425772203905)
2021-01-01 18:47:58,22.52428586632648,2021-01-01 18:55:33,114.05181042401215,abaccc79eb53282feef03c**********,114.0482872327806,22.52573427748047,,POINT (114.0482872327806 22.52428586632648)
2021-01-01 18:48:10,22.677928569550353,2021-01-01 19:11:34,113.81700273215125,5e0764a5e56cc0c4a910d0**********,113.80162625638083,22.675719491785845,,POINT (113.80162625638083 22.677928569550353)
2021-01-01 18:48:47,22.629054940932715,2021-01-01 19:01:34,114.05595813289705,3fc2c2e5dca96fc8709f96**********,114.05590648011398,22.624067180269993,,POINT (114.05590648011398 22.629054940932715)
2021-01-01 18:49:04,22.62897364482345,2021-01-01 19:01:45,114.05569127874763,7c61b59564a0e8ad81194c**********,114.05599225682299,22.62408652476165,,POINT (114.05599225682299 22.62897364482345)
2021-01-01 18:50:05,22.565381484098882,2021-01-01 19:10:10,113.9487496537853,f3744b1d0ecbeaf34382a1**********,113.9580725800155,22.583397474390505,,POINT (113.9580725800155 22.565381484098882)
2021-01-01 18:50:28,22.62039161759638,2021-01-01 19:01:16,114.05606546215456,1fa9c7f7a077bf5f7b8e1c**********,114.05072549842518,22.623610961614578,,POINT (114.05072549842518 22.62039161759638)
2021-01-01 18:50:28,22.620322057453144,2021-01-01 19:01:16,114.05599583837497,d613fd1bc690374fb1c3d2**********,114.0506558905689,22.623541386893542,,POINT (114.0506558905689 22.620322057453144)
2021-01-01 18:50:30,22.571466450733734,2021-01-01 19:36:59,113.95147050747244,3c78592714b49c80c93108**********,113.9546963686655,22.559844147355705,,POINT (113.9546963686655 22.571466450733734)
2021-01-01 18:51:40,22.62256701394241,2021-01-01 19:07:21,114.05668273512558,fec25cc55b17d8c39d4068**********,114.06288829950236,22.636467677820903,,POINT (114.06288829950236 22.62256701394241)
2021-01-01 18:51:40,22.62252657505141,2021-01-01 19:07:21,114.05664227829283,883a68dd4fca681f7d21a4**********,114.06284783131927,22.636427250196906,,POINT (114.06284783131927 22.62252657505141)
2021-01-01 18:51:53,22.551303433526712,2021-01-01 19:04:07,114.12027130156083,c26ae2136741de338a3ff9**********,114.11693025726622,22.560816871910333,,POINT (114.11693025726622 22.551303433526712)
2021-01-01 18:51:53,22.551381302469604,2021-01-01 19:04:07,114.12034924154445,630da41378ec63ec9ee53b**********,114.11700818777746,22.56089474878493,,POINT (114.11700818777746 22.551381302469604)
2021-01-01 18:53:34,22.528490276154045,2021-01-01 19:00:46,113.96155099179191,09de3e25b45c28ed53464c**********,113.96219491683966,22.53371364118305,,POINT (113.96219491683966 22.528490276154045)
2021-01-01 18:53:50,22.55139133583524,2021-01-01 19:04:19,114.12036411308218,e22e80af94e5ef4f2eb745**********,114.11683512638004,22.560989696420613,,POINT (114.11683512638004 22.55139133583524)
2021-01-01 18:54:11,22.610988353347338,2021-01-01 19:11:39,114.16667874939614,89e867ff261ae2a6d0738e**********,114.14538575175435,22.6056808490828,,POINT (114.14538575175435 22.610988353347338)
2021-01-01 18:54:13,22.523360905541136,2021-01-01 19:18:43,113.94858070168026,9b69d3c764aaf2ee8aacef**********,113.98594463780536,22.517537863823513,,POINT (113.98594463780536 22.523360905541136)
2021-01-01 18:54:53,22.6406096438899,2021-01-01 19:01:33,114.0432040187189,1c0c984cf364892c5ef927**********,114.03581845977142,22.63925218769453,,POINT (114.03581845977142 22.6406096438899)
2021-01-01 18:54:53,22.640582513376206,2021-01-01 19:01:33,114.04317686280199,7e9f5dc5fc75c57af43069**********,114.0357913110153,22.63922505046404,,POINT (114.0357913110153 22.640582513376206)
2021-01-01 18:55:50,22.545061399413758,2021-01-01 19:17:23,114.01923046890128,1aa2aee5ea9728eec761b2**********,114.01116080198733,22.53271544032303,,POINT (114.01116080198733 22.545061399413758)
2021-01-01 18:55:50,22.54513218705123,2021-01-01 19:17:23,114.01930130301707,2368d11af8202c2345d5ee**********,114.01123162588375,22.53278623861533,,POINT (114.01123162588375 22.54513218705123)
2021-01-01 18:57:48,22.58286817699322,2021-01-01 19:19:26,113.84103529091703,73e8ed8275793a101c2a23**********,113.85619229586368,22.594216269074398,,POINT (113.85619229586368 22.58286817699322)
2021-01-01 18:57:56,22.64016068795189,2021-01-01 19:13:42,114.03220737048972,4fa368849202bd874a3404**********,114.02592266801709,22.65780055570014,,POINT (114.02592266801709 22.64016068795189)
2021-01-01 18:58:40,22.54677751295314,2021-01-01 18:59:59,114.08114181415615,01252ee626233b05d20915**********,114.08209911194933,22.547107786121934,,POINT (114.08209911194933 22.54677751295314)
2021-01-01 18:59:54,22.55727023809916,2021-01-01 19:10:12,113.88101369182445,ff43d81acb7b91937ffe11**********,113.87637000913287,22.555523761554934,,POINT (113.87637000913287 22.55727023809916)
2021-01-01 19:00:05,22.636568870868025,2021-01-01 19:13:04,114.0515972065263,b641c573b752c3ee6c112b**********,114.04429801294872,22.63724966277862,,POINT (114.04429801294872 22.636568870868025)
2021-01-01 19:01:06,22.537396242114646,2021-01-01 19:14:26,113.98722134916403,47ff6902814dabc17c4ceb**********,113.99260855584122,22.5413776528966,,POINT (113.99260855584122 22.537396242114646)
2021-01-01 19:01:49,22.55607880124329,2021-01-01 19:19:48,114.03771493349154,51de8784d9b2fb816717c4**********,114.03057299209954,22.54994067812906,,POINT (114.03057299209954 22.55607880124329)
2021-01-01 19:01:49,22.556161884550907,2021-01-01 19:19:48,114.03779808218519,41d8001f49a29c46b35ea3**********,114.03065612161166,22.55002377998047,,POINT (114.03065612161166 22.556161884550907)
2021-01-01 19:01:49,22.556161884550907,2021-01-01 19:19:48,114.03779808218519,3e13556c5e236b7935deec**********,114.03065612161166,22.55002377998047,,POINT (114.03065612161166 22.556161884550907)
2021-01-01 19:03:17,22.541713402185934,2021-01-01 19:14:08,114.11189003869394,a9b82c2a0821201d7d92d4**********,114.10981526884976,22.536259423827428,,POINT (114.10981526884976 22.541713402185934)
2021-01-01 19:04:34,22.547589305698143,2021-01-01 19:16:06,114.11698507404373,7d31972fbba54357b47d50**********,114.12503270176522,22.55066494406517,,POINT (114.12503270176522 22.547589305698143)
2021-01-01 19:04:44,22.66571599549426,2021-01-01 19:09:02,114.04909148823592,39e6afb8dda0f0758bc814**********,114.0562170912741,22.67038639212686,,POINT (114.0562170912741 22.66571599549426)
2021-01-01 19:05:35,22.667463522387834,2021-01-01 19:09:43,113.99518264142272,4ffce0a497ac92d5061550**********,113.99941042310903,22.666680311226248,,POINT (113.99941042310903 22.667463522387834)
2021-01-01 19:05:47,22.55200193504166,2021-01-01 19:41:47,114.03670072666446,b5b239287fe50e60983fee**********,114.04035165135049,22.54971997436504,,POINT (114.04035165135049 22.55200193504166)
2021-01-01 19:05:47,22.5519804844085,2021-01-01 19:41:47,114.03667926650199,b5bd2e292dfa0f0daccf57**********,114.04033018843853,22.549698526232035,,POINT (114.04033018843853 22.5519804844085)
2021-01-01 19:05:52,22.547136197103708,2021-01-01 19:17:57,114.07913961804003,49619aaedc499a5ba364e0**********,114.08511287049663,22.550963537086812,,POINT (114.08511287049663 22.547136197103708)
2021-01-01 19:07:17,22.623944549360825,2021-01-01 19:28:08,114.03166330051819,515317c851aa6fa9fb4139**********,114.01911370822818,22.622053671396838,,POINT (114.01911370822818 22.623944549360825)
2021-01-01 19:07:17,22.623972267059635,2021-01-01 19:28:08,114.03169104448332,2dcfa2d0884d98150b89e1**********,114.01914144314833,22.622081397582743,,POINT (114.01914144314833 22.623972267059635)
2021-01-01 19:07:35,22.654861314927384,2021-01-01 19:25:50,114.02698627023659,3d714c623a276564324b7d**********,114.01944837560255,22.668371044718818,,POINT (114.01944837560255 22.654861314927384)
2021-01-01 19:08:14,22.571034744469543,2021-01-01 19:11:37,113.96015174144944,3712f440ca46e6392c704d**********,113.95680887019566,22.570366178239308,,POINT (113.95680887019566 22.571034744469543)
2021-01-01 19:08:14,22.570953751141953,2021-01-01 19:11:37,113.96007070963336,e2b09eb224312fa044e194**********,113.95672783013764,22.570285192549836,,POINT (113.95672783013764 22.570953751141953)
2021-01-01 19:08:14,22.571034744469543,2021-01-01 19:11:37,113.96015174144944,295c8e8fd44b7c2c8dccd6**********,113.95680887019566,22.570366178239308,,POINT (113.95680887019566 22.571034744469543)
2021-01-01 19:08:40,22.5983762611408,2021-01-01 19:21:51,114.32072896401783,a97c5b4ada96f6da8727a3**********,114.30440456156016,22.603433247625013,,POINT (114.30440456156016 22.5983762611408)
2021-01-01 19:10:43,22.54497878983168,2021-01-01 19:17:02,113.98788881360122,37f1af1abdb976986fcf93**********,113.99361572114917,22.541475322619608,,POINT (113.99361572114917 22.54497878983168)
2021-01-01 19:10:43,22.54502125779894,2021-01-01 19:17:02,113.98793130387375,e724df876f0a0548de4e9d**********,113.99365821050077,22.541517791651117,,POINT (113.99365821050077 22.54502125779894)
2021-01-01 19:14:05,22.658459373297497,2021-01-01 19:26:00,114.05727012385262,cc9bbf62609e79097b45c0**********,114.0598252706788,22.644583606015974,,POINT (114.0598252706788 22.658459373297497)
2021-01-01 19:15:28,22.52977428618266,2021-01-01 19:44:48,113.98641289523127,e3d299b6a44e9ef80aaaf8**********,113.98764929740284,22.52958835161261,,POINT (113.98764929740284 22.52977428618266)
2021-01-01 19:16:24,22.652879080594225,2021-01-01 19:31:44,114.03769241933088,43f5c2f13b0bf6e36ea5d4**********,114.02213069146192,22.65019600798096,,POINT (114.02213069146192 22.652879080594225)
2021-01-01 19:16:25,22.613357637214502,2021-01-01 21:26:19,114.15933343225696,078e3a4310d865ef91f0d7**********,114.15617542196588,22.614678825949124,,POINT (114.15617542196588 22.613357637214502)
2021-01-01 19:18:34,22.639887996387333,2021-01-01 19:30:09,114.01798834295423,186e7e1dd278e5ae1f9876**********,114.02155362877154,22.629276869634143,,POINT (114.02155362877154 22.639887996387333)
2021-01-01 19:18:37,22.561242512967894,2021-01-01 19:24:43,114.10473425726042,057794f4632d4b6b8c3d95**********,114.09395056416503,22.563282613278883,,POINT (114.09395056416503 22.561242512967894)
2021-01-01 19:18:37,22.561180215958522,2021-01-01 19:24:43,114.10467188367161,1b5d8bcc23ac6afd278799**********,114.09388822087217,22.563220288063146,,POINT (114.09388822087217 22.561180215958522)
2021-01-01 19:18:56,22.54167746268817,2021-01-01 19:29:12,114.07846665448326,b9096d91dd74364cdbca8b**********,114.07211958513147,22.545418260940913,,POINT (114.07211958513147 22.54167746268817)
2021-01-01 19:19:45,22.631722798902125,2021-01-01 20:15:32,114.03937389480167,9de5709ef15bd5949dfee4**********,114.06508938809505,22.661643696966102,,POINT (114.06508938809505 22.631722798902125)
2021-01-01 19:20:48,22.658601670369848,2021-01-01 19:49:48,114.02335715216147,4298117203a163db553ce3**********,114.01733377021843,22.674998285439013,,POINT (114.01733377021843 22.658601670369848)
2021-01-01 19:21:03,22.68172307347297,2021-01-01 19:43:02,113.98712181493175,ccb50dc2734eedc35b0705**********,113.9792149458918,22.671073499822597,,POINT (113.9792149458918 22.68172307347297)
2021-01-01 19:21:36,22.576617029498532,2021-01-01 19:29:45,114.13526219643396,de323f64b6c74016b89643**********,114.13976196971203,22.570713697987173,,POINT (114.13976196971203 22.576617029498532)
2021-01-01 19:22:03,22.6264243413539,2021-01-01 19:38:57,114.03250802223334,21aa32d1956bb7a4316c62**********,114.02077651262319,22.629385606324654,,POINT (114.02077651262319 22.6264243413539)
2021-01-01 19:22:09,22.49148991684725,2021-01-01 19:23:38,113.9298581875188,1457af80cec447af121ee4**********,113.9324729273717,22.49327141315619,,POINT (113.9324729273717 22.49148991684725)
2021-01-01 19:22:09,22.49154932374584,2021-01-01 19:23:38,113.92991763301185,208609a100c27c15c8f1f5**********,113.93253236591156,22.493330826423424,,POINT (113.93253236591156 22.49154932374584)
2021-01-01 19:22:46,22.553587983366548,2021-01-01 19:29:26,114.23414212156669,9675e3bdfd23d35ba01e08**********,114.2351611058187,22.558621755160754,,POINT (114.2351611058187 22.553587983366548)
2021-01-01 19:23:58,22.66201779308749,2021-01-01 19:33:34,114.07070074601698,e852acebedc0495fb9bc68**********,114.06538165566826,22.662223864320858,,POINT (114.06538165566826 22.66201779308749)
2021-01-01 19:26:12,22.556272661511418,2021-01-01 19:36:06,114.23674220881794,ccf19eddfa9d174608febb**********,114.22776373461956,22.563987516464646,,POINT (114.22776373461956 22.556272661511418)
2021-01-01 19:26:26,22.61525947180126,2021-01-01 19:58:07,114.02692326944188,cb355db8234ba4b3887ccc**********,114.04099547634645,22.623590902975764,,POINT (114.04099547634645 22.61525947180126)
2021-01-01 19:26:47,22.58501837977925,2021-01-01 19:59:02,113.84504689000694,88d31218201af5ef7d2084**********,113.86317831025528,22.6084451266898,,POINT (113.86317831025528 22.58501837977925)
2021-01-01 19:30:34,22.543842912918485,2021-01-01 19:39:11,113.96196443631212,2e9d45076a2aa8ea60b2f7**********,113.96384061403454,22.53660979449198,,POINT (113.96384061403454 22.543842912918485)
2021-01-01 19:31:00,22.568254977911195,2021-01-01 20:36:37,114.1610496704118,c99362c8fd5cde08d49587**********,114.16047626806716,22.568352613625876,,POINT (114.16047626806716 22.568254977911195)
2021-01-01 19:31:36,22.54156919927258,2021-01-01 19:41:36,114.0060621626714,f3f609a8cb75d8beca6122**********,113.992349554918,22.547680162941703,,POINT (113.992349554918 22.54156919927258)
2021-01-01 19:32:06,22.639780097129734,2021-01-01 19:45:26,114.06385551815015,13d4e09b95d88fb176f08c**********,114.05336938461605,22.635505971350984,,POINT (114.05336938461605 22.639780097129734)
2021-01-01 19:32:07,22.579450254066174,2021-01-01 19:44:57,113.85564956707563,60b925db7fe7d37cf31741**********,113.85669070683669,22.58818150311355,,POINT (113.85669070683669 22.579450254066174)
2021-01-01 19:32:52,22.539250238064742,2021-01-01 19:36:59,114.08791228403693,e86bc38a9919bfaa12ac9c**********,114.08417316455402,22.54133002647764,,POINT (114.08417316455402 22.539250238064742)
2021-01-01 19:32:52,22.539292818826155,2021-01-01 19:36:59,114.08795490158893,13e5e15da36335a3995450**********,114.0842157744649,22.541372614268216,,POINT (114.0842157744649 22.539292818826155)
2021-01-01 19:35:14,22.559979169990694,2021-01-01 19:52:50,113.88797496137272,09995f7bc5e0ccf0134234**********,113.88556257994489,22.57130549078596,,POINT (113.88556257994489 22.559979169990694)
2021-01-01 19:35:50,22.58532892765344,2021-01-01 19:56:34,113.85705889094216,d08660865255881816213c**********,113.8736296002633,22.584047522833472,,POINT (113.8736296002633 22.58532892765344)
2021-01-01 19:36:04,22.635691046253925,2021-01-01 20:01:54,114.04611231328721,c8650b3bda225a8376a0d8**********,114.05547017176539,22.643359764381255,,POINT (114.05547017176539 22.635691046253925)
2021-01-01 19:37:02,22.57656915453212,2021-01-01 19:55:19,113.94310275663992,fa72871d1f2940e5454590**********,113.93786276050314,22.58640712432648,,POINT (113.93786276050314 22.57656915453212)
2021-01-01 19:37:06,22.524369016812063,2021-01-01 20:02:02,114.02074631013438,c274cf16283a335fe4f4f9**********,113.99013654759888,22.53226267623567,,POINT (113.99013654759888 22.524369016812063)
2021-01-01 19:38:40,22.614054562419128,2021-01-01 20:03:31,114.13402084822508,644f30471437b1e5ca65c5**********,114.14547375663403,22.60381921291336,,POINT (114.14547375663403 22.614054562419128)
2021-01-01 19:38:40,22.61400248134664,2021-01-01 20:03:31,114.13396873256993,5f424d92f6df27225d1eff**********,114.14542162792532,22.6037671435818,,POINT (114.14542162792532 22.61400248134664)
2021-01-01 19:39:56,22.567267785086287,2021-01-01 19:46:22,114.05351441349542,8605ea4b8ea3bbdccc68d3**********,114.04906579897185,22.57082621879009,,POINT (114.04906579897185 22.567267785086287)
2021-01-01 19:40:12,22.67075500785857,2021-01-01 20:17:30,114.03365218082729,96d95a42ea116e8d7e4121**********,114.04936064894483,22.65046683032374,,POINT (114.04936064894483 22.67075500785857)
2021-01-01 19:40:12,22.670787439062916,2021-01-01 20:17:30,114.03368461732697,fa36a70b9a7b3614ae547d**********,114.04939310419789,22.65049924480571,,POINT (114.04939310419789 22.670787439062916)
2021-01-01 19:40:15,22.63932483004772,2021-01-01 19:43:34,114.04477632717087,c32cf26df45b3689fda1db**********,114.04296168253337,22.636496130775548,,POINT (114.04296168253337 22.63932483004772)
2021-01-01 19:40:15,22.63925030313678,2021-01-01 19:43:34,114.04470174380953,66c22cda9af13fa02d1db8**********,114.04288710435014,22.636421598787415,,POINT (114.04288710435014 22.63925030313678)
2021-01-01 19:40:16,22.665255664997428,2021-01-01 19:47:56,113.85661246720014,ab03a1d5b21e9a2c9f285a**********,113.85622180150004,22.663779474577698,,POINT (113.85622180150004 22.665255664997428)
2021-01-01 19:41:18,22.53723577725991,2021-01-01 19:57:49,114.05080782555788,ed971daeab152b85b9830c**********,114.0494096026571,22.550045875983262,,POINT (114.0494096026571 22.53723577725991)
2021-01-01 19:41:31,22.53612882112968,2021-01-01 19:46:47,113.9714361739029,d43cffb8e553fa7a54ffbc**********,113.9775956765127,22.53886261923325,,POINT (113.9775956765127 22.53612882112968)
2021-01-01 19:41:31,22.536181265301362,2021-01-01 19:46:47,113.97148865010728,29c81c54840b60e9fac3a4**********,113.97764814691301,22.53891506865092,,POINT (113.97764814691301 22.536181265301362)
2021-01-01 19:41:45,22.535193504649637,2021-01-01 19:58:21,113.90618966807611,aad8008ae94fb9dd38576a**********,113.90078795405785,22.51926715033193,,POINT (113.90078795405785 22.535193504649637)
2021-01-01 19:41:45,22.5352898831965,2021-01-01 19:58:21,113.90628608769153,5c94cd1eb0f8a207221898**********,113.90088439854863,22.519363507585666,,POINT (113.90088439854863 22.5352898831965)
2021-01-01 19:42:58,22.589323405652074,2021-01-01 19:50:03,113.8826085802761,b2f8745b759331d81f27b0**********,113.88239619732026,22.58258587152141,,POINT (113.88239619732026 22.589323405652074)
2021-01-01 19:42:58,22.58941785154353,2021-01-01 19:50:03,113.8827031013223,0bf0903eca3cc080f45afb**********,113.88249071921027,22.582680317435557,,POINT (113.88249071921027 22.58941785154353)
2021-01-01 19:43:14,22.519397055072737,2021-01-01 19:50:04,114.02949271864131,a11f3b928684cf41a775f7**********,114.03600442240777,22.52214686418482,,POINT (114.03600442240777 22.519397055072737)
2021-01-01 19:43:20,22.55746801695429,2021-01-01 19:51:03,114.23219430838337,79cdb5f39c77296ba1bb64**********,114.22585708678788,22.55431358374244,,POINT (114.22585708678788 22.55746801695429)
2021-01-01 19:43:27,22.56394250945972,2021-01-01 19:47:44,114.09942776431944,8c110c2fadbe8ebf36d0d8**********,114.09936773726861,22.563998110896367,,POINT (114.09936773726861 22.56394250945972)
2021-01-01 19:43:27,22.56403522657672,2021-01-01 19:47:44,114.09952055238527,556f73699d882aeeed20c9**********,114.09946052508329,22.56409082824183,,POINT (114.09946052508329 22.56403522657672)
2021-01-01 19:43:41,22.629869829213977,2021-01-01 19:51:15,114.01388985965671,aa01fb4b69889f92297403**********,114.01482236980907,22.636544033418307,,POINT (114.01482236980907 22.629869829213977)
2021-01-01 19:43:56,22.52293760278152,2021-01-01 20:33:45,113.95312275226065,8e02f9b63b2dde41a1d87d**********,113.9531354194724,22.52293574245826,,POINT (113.9531354194724 22.52293760278152)
2021-01-01 19:43:56,22.522865573865374,2021-01-01 20:33:45,113.95305068570597,ab599766b404d9f00575e3**********,113.95306335294875,22.522863713512898,,POINT (113.95306335294875 22.522865573865374)
2021-01-01 19:44:54,22.589206166812712,2021-01-01 19:54:13,113.85060964439838,02482f6543508a5dcbd1b3**********,113.8368328846454,22.57940931304502,,POINT (113.8368328846454 22.589206166812712)
2021-01-01 19:45:38,22.573059128881866,2021-01-01 20:03:35,113.88159408193061,bf58f319c28c56c1ef4822**********,113.90027349674028,22.582768468408787,,POINT (113.90027349674028 22.573059128881866)
2021-01-01 19:48:05,22.624429412895527,2021-01-01 19:49:31,113.96968436694084,30bc41edc99adeeffa275e**********,113.96909826067571,22.622142111461347,,POINT (113.96909826067571 22.624429412895527)
2021-01-01 19:48:21,22.61691993587373,2021-01-01 19:53:18,114.05609036021929,cb5f051274de8086734395**********,114.06116912449588,22.614836674190443,,POINT (114.06116912449588 22.61691993587373)
2021-01-01 19:48:47,22.52032425385437,2021-01-01 20:22:07,113.91854017482551,34bf5b8349aa794f4c7578**********,113.9345100183357,22.530868494057643,,POINT (113.9345100183357 22.52032425385437)
2021-01-01 19:49:28,22.672040379386335,2021-01-01 21:31:33,114.03131884699044,1f16ba021fc250d585b826**********,114.02163694025444,22.658693543848837,,POINT (114.02163694025444 22.672040379386335)
2021-01-01 19:51:19,22.554291981511454,2021-01-01 20:25:58,114.02227176398202,1b5add4c7a28f5eb346cbe**********,114.01254363942724,22.53532512033455,,POINT (114.01254363942724 22.554291981511454)
2021-01-01 19:52:18,22.54318097326453,2021-01-01 19:59:51,113.9331322624663,76bf5484c03e343f9b7216**********,113.93810930844141,22.5504230552855,,POINT (113.93810930844141 22.54318097326453)
2021-01-01 19:52:18,22.543278890579323,2021-01-01 19:59:51,113.93323025811927,19c15a3e56ce0f7422b1b3**********,113.9382072830807,22.55052099133463,,POINT (113.9382072830807 22.543278890579323)
2021-01-01 19:53:34,22.556290626105444,2021-01-01 19:58:13,114.10297279854245,fc7fd6f5dcb755f8b06e45**********,114.10500767464542,22.555000851970718,,POINT (114.10500767464542 22.556290626105444)
2021-01-01 19:53:34,22.556280821931143,2021-01-01 19:58:13,114.10296298770844,211c6dccab47c7e02ed4a1**********,114.10499786294338,22.554991048593337,,POINT (114.10499786294338 22.556280821931143)
2021-01-01 19:54:44,22.660398474261047,2021-01-01 19:58:33,114.02145215394722,e6377c8af5eef45f2d5436**********,114.02159467252392,22.65772975620801,,POINT (114.02159467252392 22.660398474261047)
2021-01-01 19:55:42,22.652200383128978,2021-01-01 20:04:21,114.03056653590419,16937084b38956e1e38d1f**********,114.02165470251897,22.658980646389814,,POINT (114.02165470251897 22.652200383128978)
2021-01-01 19:56:08,22.590722103522936,2021-01-01 20:09:40,114.252126253897,3edb338fd75af65e4803ae**********,114.26862942582511,22.59269318386632,,POINT (114.26862942582511 22.590722103522936)
2021-01-01 19:56:10,22.58130623712742,2021-01-01 20:06:29,113.90631804753819,4d6e7b64ca7558968258ef**********,113.89688332708565,22.577964841150173,,POINT (113.89688332708565 22.58130623712742)
2021-01-01 19:56:10,22.58127524045878,2021-01-01 20:06:29,113.90628704133482,f7c17d21c5a9416cd0d23f**********,113.89685230698841,22.577933857377676,,POINT (113.89685230698841 22.58127524045878)
2021-01-01 19:57:26,22.63826027818061,2021-01-01 20:07:40,114.03923117520262,0cc08d6a81fba5880199c6**********,114.03273534594106,22.633507893809746,,POINT (114.03273534594106 22.63826027818061)
2021-01-01 19:57:51,22.629207354680567,2021-01-01 20:30:08,114.08380797719167,be05c31f875388b908c538**********,114.07456526434729,22.6410888074479,,POINT (114.07456526434729 22.629207354680567)
2021-01-01 20:01:12,22.50888844478068,2021-01-01 20:22:22,114.04064263640531,c7432abdd31e9b123ac1a4**********,114.04066291901536,22.508674493783232,,POINT (114.04066291901536 22.50888844478068)
2021-01-01 20:02:16,22.5246657890826,2021-01-01 20:11:17,114.04873713893441,3ffb879952a682b251251e**********,114.04172190588302,22.52440234357389,,POINT (114.04172190588302 22.5246657890826)
2021-01-01 20:02:26,22.53669480577941,2021-01-01 20:27:12,114.02019890574876,a4f15f5c170f542f9938d0**********,114.0012840415765,22.532518050779807,,POINT (114.0012840415765 22.53669480577941)
2021-01-01 20:02:35,22.695770185578375,2021-01-01 20:06:22,113.96591143029983,efc36ee8c2532d3cfe9271**********,113.96681187387654,22.700899019626,,POINT (113.96681187387654 22.695770185578375)
2021-01-01 20:03:00,22.627091896976275,2021-01-01 20:15:28,114.058805969036,5540a5fa9f08cdb88d7dde**********,114.0711177539202,22.629154880661947,,POINT (114.0711177539202 22.627091896976275)
2021-01-01 20:03:44,22.521129380831017,2021-01-01 20:19:46,113.91948495471051,20ef8a8ddb01ada69c7994**********,113.92987139685442,22.52091474481214,,POINT (113.92987139685442 22.521129380831017)
2021-01-01 20:03:48,22.52101859692568,2021-01-01 20:19:49,113.91962402861655,7459fc9e42a9b861123961**********,113.92973953598717,22.520822517475363,,POINT (113.92973953598717 22.52101859692568)
2021-01-01 20:03:57,22.512714137840113,2021-01-01 20:19:48,114.02497876490715,9520a4c1c895b0f0a5d3a5**********,114.0447403189883,22.5232429552008,,POINT (114.0447403189883 22.512714137840113)
2021-01-01 20:04:38,22.633908084071248,2021-01-01 20:09:42,114.07741778789699,22069a83ca8acd550e0d09**********,114.07565962288712,22.629919496205197,,POINT (114.07565962288712 22.633908084071248)
2021-01-01 20:05:01,22.57315925864263,2021-01-01 20:19:53,114.05369055468722,529109b3ca9b0df8c31f31**********,114.05485650218624,22.579545684171677,,POINT (114.05485650218624 22.57315925864263)
2021-01-01 20:06:21,22.669722639843865,2021-01-01 20:30:30,114.04023444273078,7078b5298f71b03b8704bf**********,114.02977316231842,22.660011333619373,,POINT (114.02977316231842 22.669722639843865)
2021-01-01 20:06:21,22.63908781601853,2021-01-01 20:20:16,114.05744785447796,e554fe97e92a626e79014d**********,114.04112278242604,22.63720041727846,,POINT (114.04112278242604 22.63908781601853)
2021-01-01 20:07:44,22.546153475958043,2021-01-01 20:12:46,114.09094222782656,548eb099764f00381f49de**********,114.08784188624834,22.551712559934984,,POINT (114.08784188624834 22.546153475958043)
2021-01-01 20:09:29,22.4936944872927,2021-01-01 20:11:55,113.93067770776544,d9cd3c7549b8d160bd3fec**********,113.93119993640823,22.490831333882575,,POINT (113.93119993640823 22.4936944872927)
2021-01-01 20:11:23,22.54534959525683,2021-01-01 20:25:25,114.04726193722983,a6bf8d130df9c5b3efc88b**********,114.05403337973094,22.539615315920333,,POINT (114.05403337973094 22.54534959525683)
2021-01-01 20:11:23,22.54534959525683,2021-01-01 20:25:25,114.04726193722983,6952fa4672b165d0e4097b**********,114.05403337973094,22.539615315920333,,POINT (114.05403337973094 22.54534959525683)
2021-01-01 20:11:23,22.545341010555827,2021-01-01 20:25:25,114.04725334979685,5460bec643643bd6d359bd**********,114.05402478987806,22.539606733412796,,POINT (114.05402478987806 22.545341010555827)
2021-01-01 20:11:24,22.611740383063186,2021-01-01 20:18:08,114.02562241686948,972faa840a67589d3d330d**********,114.02606111456316,22.60402599836422,,POINT (114.02606111456316 22.611740383063186)
2021-01-01 20:12:39,22.541580800696465,2021-01-01 20:20:48,114.03728262030751,156a103722da4e6f69fe3c**********,114.03568686895954,22.544029813158613,,POINT (114.03568686895954 22.541580800696465)
2021-01-01 20:12:39,22.541508975958944,2021-01-01 20:20:48,114.03721075234556,b243b6a4dae1bd68ea7428**********,114.03561500487103,22.543957985039125,,POINT (114.03561500487103 22.541508975958944)
2021-01-01 20:12:59,22.544802779445398,2021-01-01 20:45:41,114.11474153654702,68f07652bceb341230158f**********,114.11753170121338,22.559719608152378,,POINT (114.11753170121338 22.544802779445398)
2021-01-01 20:12:59,22.544720404303423,2021-01-01 20:45:41,114.1146591055726,a4b1cb82f1282fa65a3f27**********,114.11744926156302,22.559637242782426,,POINT (114.11744926156302 22.544720404303423)
2021-01-01 20:13:06,22.549555054563815,2021-01-01 20:21:21,114.03750159616558,fbf04ade38fedfa586e345**********,114.03650547772565,22.558745581472873,,POINT (114.03650547772565 22.549555054563815)
2021-01-01 20:14:36,22.55106762824426,2021-01-01 20:36:09,114.23488417953995,d5feab6c8f4d172716e1e6**********,114.22579198050539,22.553283003173892,,POINT (114.22579198050539 22.55106762824426)
2021-01-01 20:14:52,22.543444692442772,2021-01-01 20:21:14,114.06645823749962,4ef31356e6d12fdb613a90**********,114.06443055239806,22.547531046636287,,POINT (114.06443055239806 22.543444692442772)
2021-01-01 20:14:52,22.543502215298293,2021-01-01 20:21:14,114.06651580196984,8c72c9240c089c59072005**********,114.06448811141395,22.54758857427669,,POINT (114.06448811141395 22.543502215298293)
2021-01-01 20:15:35,22.57310170720973,2021-01-01 20:49:03,113.86490547356563,1a83f4ad5e60a4793f4d92**********,113.86452576525278,22.57114572471845,,POINT (113.86452576525278 22.57310170720973)
2021-01-01 20:16:19,22.655643153750837,2021-01-01 20:44:07,114.0328161622108,733bc10e5d27b1d454c9a9**********,114.04020765287802,22.631335653503246,,POINT (114.04020765287802 22.655643153750837)
2021-01-01 20:18:49,22.519709908890828,2021-01-01 20:33:09,113.93390270009503,50036ee60c81ad144329f5**********,113.9403050582154,22.520698087659085,,POINT (113.9403050582154 22.519709908890828)
2021-01-01 20:19:11,22.645531349752023,2021-01-01 20:32:42,114.03498038021019,ad07416d2f9aa15343f0cc**********,114.03481860686735,22.655444030698785,,POINT (114.03481860686735 22.645531349752023)
2021-01-01 20:20:25,22.554866933160934,2021-01-01 20:28:40,114.01970051610436,da6a5950aca7b1e02700bf**********,114.00979824203098,22.549921144394865,,POINT (114.00979824203098 22.554866933160934)
2021-01-01 20:20:25,22.5548758062675,2021-01-01 20:28:40,114.01970939539095,0bb615d894793018ccd698**********,114.0098071197831,22.549930018986586,,POINT (114.0098071197831 22.5548758062675)
2021-01-01 20:21:08,22.568222837609078,2021-01-01 20:32:09,114.10780967504746,9687d32fed0921c90eba89**********,114.11742457249444,22.570301918133037,,POINT (114.11742457249444 22.568222837609078)
2021-01-01 20:21:08,22.568265174867612,2021-01-01 20:32:09,114.10785203065198,fe949b77a7b5226058f955**********,114.11746694421241,22.570344240151066,,POINT (114.11746694421241 22.568265174867612)
2021-01-01 20:22:59,22.630807656028225,2021-01-01 21:31:09,113.8450018825896,fae01e8f18a6164c50d9f2**********,113.83214870421186,22.600672103544333,,POINT (113.83214870421186 22.630807656028225)
2021-01-01 20:23:58,22.633279787717967,2021-01-01 20:32:06,114.05780973905904,f0c29185a232d95a794b84**********,114.06455996976018,22.637176994908693,,POINT (114.06455996976018 22.633279787717967)
2021-01-01 20:24:23,22.632592459025016,2021-01-01 20:30:55,114.14354057992173,04c2b1b4049fcb946f4362**********,114.13618847670882,22.62938572517607,,POINT (114.13618847670882 22.632592459025016)
2021-01-01 20:24:47,22.598137332436558,2021-01-01 20:45:01,113.86381963669261,f08f154fad56d27473ba4f**********,113.84455793947537,22.575860895453143,,POINT (113.84455793947537 22.598137332436558)
2021-01-01 20:25:18,22.64943744469799,2021-01-01 20:44:35,114.01489888437976,ca76551618d9e80998b6d6**********,114.03225696001523,22.669035076518682,,POINT (114.03225696001523 22.64943744469799)
2021-01-01 20:25:36,22.636462741411396,2021-01-01 20:37:21,114.04136994336828,ba792feab0e821117764e4**********,114.0529802804241,22.639792052511627,,POINT (114.0529802804241 22.636462741411396)
2021-01-01 20:25:50,22.53914387213219,2021-01-01 20:34:15,114.08938114317073,8149c06049f1d528834162**********,114.08198432744155,22.540583860277188,,POINT (114.08198432744155 22.53914387213219)
2021-01-01 20:27:41,22.526670328083487,2021-01-01 20:39:00,113.91478745106234,c5b764774358c015b237c0**********,113.91717741835014,22.537628135897457,,POINT (113.91717741835014 22.526670328083487)
2021-01-01 20:27:44,22.538383309761784,2021-01-01 20:34:14,114.02835647394723,e5af17d59e3c015106d8e1**********,114.02674918090044,22.53212056016077,,POINT (114.02674918090044 22.538383309761784)
2021-01-01 20:28:36,22.583884056054327,2021-01-01 21:05:19,113.83401994558115,2ac417543b9880eb995db6**********,113.85143075970338,22.58798435846594,,POINT (113.85143075970338 22.583884056054327)
2021-01-01 20:28:36,22.583851508404983,2021-01-01 21:05:19,113.83398736131561,8c04eddfb59211d24b2452**********,113.85139818430852,22.58795180237662,,POINT (113.85139818430852 22.583851508404983)
2021-01-01 20:29:58,22.675274097474738,2021-01-01 20:58:37,114.00664076322408,dcba435c0d59f06391a3c9**********,114.00060022552682,22.673036399321994,,POINT (114.00060022552682 22.675274097474738)
2021-01-01 20:29:58,22.67524389589513,2021-01-01 20:58:37,114.00661054017829,ca33c5a71109d6575f0371**********,114.00057000390365,22.67300619634874,,POINT (114.00057000390365 22.67524389589513)
2021-01-01 20:32:01,22.5593366442336,2021-01-01 20:42:41,113.90150415467677,bc0100799ec3b7f157a83f**********,113.91706779390447,22.564734842939938,,POINT (113.91706779390447 22.5593366442336)
2021-01-01 20:32:01,22.5593602209827,2021-01-01 20:42:41,113.9015277648049,7e73d393dcd93cfc40c387**********,113.91709138638959,22.56475843605714,,POINT (113.91709138638959 22.5593602209827)
2021-01-01 20:32:52,22.628995807275615,2021-01-01 20:39:46,114.01176189379585,c0f15336b26078d23f711d**********,114.01679204320375,22.634230682725217,,POINT (114.01679204320375 22.628995807275615)
2021-01-01 20:34:26,22.55254447379395,2021-01-01 20:47:36,113.94487441154938,d95796259f6aa17e9b99c5**********,113.93907147749296,22.561342799813545,,POINT (113.93907147749296 22.55254447379395)
2021-01-01 20:34:33,22.544298383314082,2021-01-01 20:41:09,114.07746190057087,099f1a17e1f40d6981738d**********,114.07892401231099,22.5370905965106,,POINT (114.07892401231099 22.544298383314082)
2021-01-01 20:34:48,22.65591384430139,2021-01-01 20:39:34,114.06070351890467,3c4bf2de16b0d5c2c66185**********,114.06114470203293,22.656075250649145,,POINT (114.06114470203293 22.65591384430139)
2021-01-01 20:34:49,22.594916881144243,2021-01-01 20:41:28,113.98230513675911,a523746f36d879401b25c7**********,113.99450497667232,22.59357783262281,,POINT (113.99450497667232 22.594916881144243)
2021-01-01 20:35:26,22.545586639920902,2021-01-01 20:46:10,114.08674789750458,5ef3e8079d8e314516c8ef**********,114.08423298928295,22.542936366804664,,POINT (114.08423298928295 22.545586639920902)
2021-01-01 20:35:26,22.545668502542288,2021-01-01 20:46:10,114.08682982676542,ce1d01fdd895af827c5d27**********,114.08431490865132,22.543018238962578,,POINT (114.08431490865132 22.545668502542288)
2021-01-01 20:35:54,22.74090863081653,2021-01-01 20:46:59,113.8203697439355,8a49f4512b8e398c01371d**********,113.83471200148017,22.755263404917233,,POINT (113.83471200148017 22.74090863081653)
2021-01-01 20:36:17,22.6310083557768,2021-01-01 20:43:57,114.01685524994426,1053346b48b48ba524e428**********,114.01794581850648,22.627703981467807,,POINT (114.01794581850648 22.6310083557768)
2021-01-01 20:36:17,22.63101015039181,2021-01-01 20:43:57,114.01685704564805,90c2c4f89d44905c0c6159**********,114.01794761424871,22.62770577605415,,POINT (114.01794761424871 22.63101015039181)
2021-01-01 20:38:29,22.538035825305787,2021-01-01 20:43:37,114.11386094560469,905164105ad5a1ee0b19e8**********,114.11562210683495,22.54414203518439,,POINT (114.11562210683495 22.538035825305787)
2021-01-01 20:38:44,22.555824476009068,2021-01-01 20:47:56,114.03119684570494,817624a83ec8d21227048b**********,114.02640064135223,22.560888212301617,,POINT (114.02640064135223 22.555824476009068)
2021-01-01 20:38:50,22.53331152783225,2021-01-01 20:42:06,114.07783479889112,352dd7af2590c509f844de**********,114.07521700984483,22.533177372517418,,POINT (114.07521700984483 22.53331152783225)
2021-01-01 20:39:20,22.621529721270875,2021-01-01 20:53:21,114.0202035377362,2621b0ee0e5a6d00a6bf86**********,114.03153385797445,22.619888221035453,,POINT (114.03153385797445 22.621529721270875)
2021-01-01 20:39:20,22.62154567873678,2021-01-01 20:53:21,114.02021950065404,4c02220b73cb1d7ad7ce66**********,114.03154982565825,22.619904174094437,,POINT (114.03154982565825 22.62154567873678)
2021-01-01 20:39:20,22.62154567873678,2021-01-01 20:53:21,114.02021950065404,5951eb85adbaa60223b4a4**********,114.03154982565825,22.619904174094437,,POINT (114.03154982565825 22.62154567873678)
2021-01-01 20:45:08,22.598079058080256,2021-01-01 21:02:19,113.85623440234376,55c4d24b4df957a3b1142d**********,113.87279158258755,22.6180925554314,,POINT (113.87279158258755 22.598079058080256)
2021-01-01 20:45:08,22.59810608061656,2021-01-01 21:02:19,113.85626146179476,c43f0007f1d590330b8b37**********,113.87281862775981,22.618119590804305,,POINT (113.87281862775981 22.59810608061656)
2021-01-01 20:45:30,22.562460007214888,2021-01-01 21:07:32,114.1369156138019,d086e49f2184fd9f0a98a0**********,114.16356414386915,22.557183550656234,,POINT (114.16356414386915 22.562460007214888)
2021-01-01 20:45:36,22.58616377302925,2021-01-01 20:54:10,113.8550748377277,22fee7a4240c224b13249a**********,113.86148252743203,22.58168404669504,,POINT (113.86148252743203 22.58616377302925)
2021-01-01 20:45:51,22.505815022602647,2021-01-01 20:55:58,113.88315045342793,431e34b1a647d2c7f636b6**********,113.88243201022908,22.496897827767814,,POINT (113.88243201022908 22.505815022602647)
2021-01-01 20:45:51,22.505913080853976,2021-01-01 20:55:58,113.88324857681626,38e7428a88beff98936d69**********,113.88253013658235,22.496995884401894,,POINT (113.88253013658235 22.505913080853976)
2021-01-01 20:45:55,22.49288184728911,2021-01-01 20:58:30,113.93059419926334,1d953cb61f2dc26bc20767**********,113.91131948655797,22.495149828694906,,POINT (113.91131948655797 22.49288184728911)
2021-01-01 20:45:55,22.49285176645533,2021-01-01 20:58:30,113.93056412777486,e6188102e5c080884591c9**********,113.9112893877723,22.495119773522458,,POINT (113.9112893877723 22.49285176645533)
2021-01-01 20:46:10,22.644130446313508,2021-01-01 21:04:23,114.05533900038718,4450d1bf58d2f89f0dc107**********,114.04628102970155,22.630187468417883,,POINT (114.04628102970155 22.644130446313508)
2021-01-01 20:46:24,22.59085589761149,2021-01-01 21:00:32,114.11163289136154,9a1f96cd81adda909ba74a**********,114.10708580101513,22.608248622893708,,POINT (114.10708580101513 22.59085589761149)
2021-01-01 20:46:29,22.562671222050657,2021-01-01 20:56:48,114.09346454512315,271eb3d7c9b83d0e287a2f**********,114.08442478328453,22.567756093564746,,POINT (114.08442478328453 22.562671222050657)
2021-01-01 20:46:33,22.656851923147492,2021-01-01 21:02:16,114.04397651205903,98fc89ef0eceb26496a64d**********,114.03952939415649,22.669000776967756,,POINT (114.03952939415649 22.656851923147492)
2021-01-01 20:47:39,22.61602817845493,2021-01-01 20:57:19,113.84056862650628,16810068f4c1a5e83dabb3**********,113.83632582019956,22.605871740618888,,POINT (113.83632582019956 22.61602817845493)
2021-01-01 20:49:51,22.563061685915546,2021-01-01 21:04:07,113.86498245751837,75425a9e8010bdefc5243f**********,113.876403907058,22.566260685511224,,POINT (113.876403907058 22.563061685915546)
2021-01-01 20:51:14,22.55682610523674,2021-01-01 21:04:59,113.88028233889258,4e805265e993a852f20626**********,113.88260480357187,22.54775876928334,,POINT (113.88260480357187 22.55682610523674)
2021-01-01 20:51:46,22.54100331650631,2021-01-01 21:16:15,114.06884980019329,473fcf3fbc2f61963aa483**********,114.06318847253051,22.56942255279799,,POINT (114.06318847253051 22.54100331650631)
2021-01-01 20:52:39,22.540771662527188,2021-01-01 21:04:28,113.96199387832262,8c7a5b84e53e15a7b11291**********,113.97345164631724,22.54645624368816,,POINT (113.97345164631724 22.540771662527188)
2021-01-01 20:52:39,22.540697278954124,2021-01-01 21:04:28,113.96191943672783,02bcf047041d7b3273fc27**********,113.97337722475854,22.546381841920454,,POINT (113.97337722475854 22.540697278954124)
2021-01-01 20:52:58,22.534818200876675,2021-01-01 20:59:33,114.07898877437317,9824410ce8cf80623bc890**********,114.07624720749457,22.542471371661566,,POINT (114.07624720749457 22.534818200876675)
2021-01-01 20:53:40,22.52485110216002,2021-01-01 21:01:48,114.03354119446257,b111b72a47c1fa5e22c69d**********,114.02327312201093,22.5182710709521,,POINT (114.02327312201093 22.52485110216002)
2021-01-01 20:53:40,22.524925497399735,2021-01-01 21:01:48,114.03361564863904,6cd1dca2dfbb1f11b845a8**********,114.02334755459326,22.518345486965718,,POINT (114.02334755459326 22.524925497399735)
2021-01-01 20:54:58,22.609121531481367,2021-01-01 21:02:43,114.1357156730958,cbe1ac6355c3fe581acdf5**********,114.13797504540139,22.615153805491822,,POINT (114.13797504540139 22.609121531481367)
2021-01-01 20:54:59,22.560940319725407,2021-01-01 21:06:41,113.94648916191584,62c2b92b820c0c86369a43**********,113.94446200776825,22.577642522566133,,POINT (113.94446200776825 22.560940319725407)
2021-01-01 20:54:59,22.56092026242272,2021-01-01 21:06:41,113.9464690943093,51b0505c0abe5ca9e35b10**********,113.94444193858958,22.577622467164236,,POINT (113.94444193858958 22.56092026242272)
2021-01-01 20:55:33,22.545289335567784,2021-01-01 21:22:16,114.1005988391749,6642facbc80b544872be01**********,114.0786276069438,22.552038922448777,,POINT (114.0786276069438 22.545289335567784)
2021-01-01 20:55:46,22.541259888017684,2021-01-01 21:00:39,114.05211602471208,266d6e4379af0b57fb9d62**********,114.05000893229126,22.53911183065306,,POINT (114.05000893229126 22.541259888017684)
2021-01-01 20:57:12,22.539462295691678,2021-01-01 21:08:35,113.98007682516395,c42a94dfcbe705b8dca886**********,113.98011779911239,22.539368402079226,,POINT (113.98011779911239 22.539462295691678)
2021-01-01 20:57:12,22.539510151664636,2021-01-01 21:08:35,113.98012470519663,d1934b0cabe1d23a1da96c**********,113.98016567911905,22.53941625808244,,POINT (113.98016567911905 22.539510151664636)
2021-01-01 20:57:23,22.558350523259108,2021-01-01 21:43:59,114.0627198549904,0990dc250e8e167f46ff4e**********,114.06411159913776,22.55270774838499,,POINT (114.06411159913776 22.558350523259108)
2021-01-01 20:59:48,22.658522348263023,2021-01-01 21:14:20,114.02925186407033,48b81a6c12a46453879785**********,114.01604001151672,22.6659103003985,,POINT (114.01604001151672 22.658522348263023)
2021-01-01 21:00:19,22.656942613731392,2021-01-01 21:07:00,114.00098552611473,add40f12e0ef82922329f5**********,114.00732559061713,22.65883744976457,,POINT (114.00732559061713 22.656942613731392)
2021-01-01 21:01:57,22.533966539819247,2021-01-01 21:33:45,113.91502699651618,da58c5c18108d5bfafb0d2**********,113.9123122743119,22.543146779105573,,POINT (113.9123122743119 22.533966539819247)
2021-01-01 21:01:57,22.53392656926853,2021-01-01 21:33:45,113.91498700527231,c5aa9b9c78f3669b98bb7a**********,113.91227227784005,22.543106813936785,,POINT (113.91227227784005 22.53392656926853)
2021-01-01 21:02:09,22.486128939277112,2021-01-01 21:23:40,113.91752081278172,b4ac2262a0d036bcddc654**********,113.91389724832652,22.488507246313237,,POINT (113.91389724832652 22.486128939277112)
2021-01-01 21:03:47,22.571079536046465,2021-01-01 21:16:18,113.94570823799265,a49744174291065ad3cab6**********,113.94626954855492,22.58430963423765,,POINT (113.94626954855492 22.571079536046465)
2021-01-01 21:03:47,22.5711544705049,2021-01-01 21:16:18,113.94578321905028,ee1a1b93432181839f86bf**********,113.94634452802133,22.584384568918985,,POINT (113.94634452802133 22.5711544705049)
2021-01-01 21:03:51,22.55164688626102,2021-01-01 21:10:06,114.10100513506544,bda689ec8767d249053e1d**********,114.09831202775351,22.547434946702914,,POINT (114.09831202775351 22.55164688626102)
2021-01-01 21:04:23,22.568982761805753,2021-01-01 21:44:52,114.12379283041194,775187d4ec913b8598fcac**********,114.1235736015466,22.568897199604,,POINT (114.1235736015466 22.568982761805753)
2021-01-01 21:04:59,22.54507099116259,2021-01-01 21:18:58,114.084111744591,de320d01cdd29e7c0d5726**********,114.08801343859342,22.543113051838287,,POINT (114.08801343859342 22.54507099116259)
2021-01-01 21:05:49,22.568753935231232,2021-01-01 21:20:01,114.10811943781785,ce6bcc98e81e4c66559dee**********,114.1076855552,22.566394573689784,,POINT (114.1076855552 22.568753935231232)
2021-01-01 21:06:03,22.525860473077266,2021-01-01 21:16:54,114.04207058555198,5cdb48b80f126de25c54dd**********,114.04878437086298,22.527287991855538,,POINT (114.04878437086298 22.525860473077266)
2021-01-01 21:07:41,22.57904365175071,2021-01-01 21:22:52,113.88419794831316,feeb4714c7a58b1446e913**********,113.87585456298939,22.574958443228134,,POINT (113.87585456298939 22.57904365175071)
2021-01-01 21:08:09,22.542989394796304,2021-01-01 21:29:43,114.06069088152375,b5641f45dfeb81a0be8450**********,114.0558996864411,22.537739947952897,,POINT (114.0558996864411 22.542989394796304)
2021-01-01 21:08:09,22.542979611458648,2021-01-01 21:29:43,114.06068109019627,b9b0a12000ff6cf1524fc2**********,114.05588989720987,22.53773016259114,,POINT (114.05588989720987 22.542979611458648)
2021-01-01 21:08:16,22.537117811168653,2021-01-01 21:14:34,114.05364664627272,fb91b8cd7c05f63d8eec28**********,114.0499202662731,22.537649823445353,,POINT (114.0499202662731 22.537117811168653)
2021-01-01 21:11:20,22.681190934880505,2021-01-01 21:23:20,113.99700651009572,5584bcd94b0df72c58ae84**********,113.9860247875883,22.692092557919256,,POINT (113.9860247875883 22.681190934880505)
2021-01-01 21:12:06,22.55795506682874,2021-01-01 21:35:04,113.88043741087085,666d6411343d4f26142d6d**********,113.89589334601361,22.570560535338725,,POINT (113.89589334601361 22.55795506682874)
2021-01-01 21:14:10,22.652022544806385,2021-01-01 21:21:59,114.01864688935336,9c8a8b4742cbbc4e1b533c**********,114.02735369943944,22.654963199165906,,POINT (114.02735369943944 22.652022544806385)
2021-01-01 21:15:29,22.766755192934397,2021-01-01 21:21:20,113.83031481990855,86f58569d89067ea87104f**********,113.83733670350128,22.765757907156328,,POINT (113.83733670350128 22.766755192934397)
2021-01-01 21:15:29,22.766796053903242,2021-01-01 21:21:20,113.83035572684294,da933d98caee2d74bfa8c6**********,113.83737760804324,22.765798770579806,,POINT (113.83737760804324 22.766796053903242)
2021-01-01 21:19:58,22.599888155091215,2021-01-01 21:32:34,113.99236662928688,48ceac35a2c1b8818a3e7d**********,113.98413640047602,22.594601143552374,,POINT (113.98413640047602 22.599888155091215)
2021-01-01 21:21:13,22.658336401382858,2021-01-01 21:35:19,114.04391889961784,a92d8ed53402e8369b2587**********,114.03718964601029,22.669009265968338,,POINT (114.03718964601029 22.658336401382858)
2021-01-01 21:23:03,22.606065303183208,2021-01-01 21:37:46,113.83354958422129,278f6cb4cd34604aa18881**********,113.840823340034,22.61433201946005,,POINT (113.840823340034 22.606065303183208)
2021-01-01 21:23:33,22.58282881825171,2021-01-01 21:30:21,113.85682992304028,7328f208022757c2abe8df**********,113.86612872379825,22.586324660520038,,POINT (113.86612872379825 22.58282881825171)
2021-01-01 21:23:33,22.582883977471344,2021-01-01 21:30:21,113.85688514345426,b28354c1f8ce0303d2afc4**********,113.86618392884927,22.586379834060864,,POINT (113.86618392884927 22.582883977471344)
2021-01-01 21:24:37,22.655182978719736,2021-01-01 21:33:13,113.85764552641251,23ce892ac6e7a592e7fe6d**********,113.85476353744247,22.656440121281992,,POINT (113.85476353744247 22.655182978719736)
2021-01-01 21:27:29,22.52436356155331,2021-01-01 22:55:09,114.02384403923831,db55f93dcb6596f711d60c**********,113.99022742802103,22.525917443992466,,POINT (113.99022742802103 22.52436356155331)
2021-01-01 21:27:31,22.551796320810226,2021-01-01 21:34:17,114.09716203124442,b47da8d03a55a5fa28530f**********,114.08943001909394,22.552119764150866,,POINT (114.08943001909394 22.551796320810226)
2021-01-01 21:27:31,22.551823214541297,2021-01-01 21:34:17,114.0971889539862,c72ac0c9e7481aabfc8098**********,114.08945693211322,22.552146666969303,,POINT (114.08945693211322 22.551823214541297)
2021-01-01 21:30:51,22.640073380270525,2021-01-01 21:46:53,114.03205495033822,e02709465eb9cfb1a48d66**********,114.02180168473491,22.659731639427907,,POINT (114.02180168473491 22.640073380270525)
2021-01-01 21:30:51,22.640109873234067,2021-01-01 21:46:53,114.03209147698927,0f680e1507e8cbaefddb35**********,114.02183820122474,22.659768141019025,,POINT (114.02183820122474 22.640109873234067)
2021-01-01 21:31:54,22.58223327396808,2021-01-01 21:37:56,114.11445207264966,3496859cd178f380a86710**********,114.11564637718617,22.587201298492747,,POINT (114.11564637718617 22.58223327396808)
2021-01-01 21:32:20,22.66148567590855,2021-01-01 21:59:29,114.00986978301918,0df736680073e9699d6b1e**********,114.0271848743553,22.67423971504724,,POINT (114.0271848743553 22.66148567590855)
2021-01-01 21:33:20,22.554855968271205,2021-01-01 21:54:20,114.05361744675784,e7e023fba3a920c573d803**********,114.04123156677467,22.53907113073528,,POINT (114.04123156677467 22.554855968271205)
2021-01-01 21:35:25,22.573089590828463,2021-01-01 22:48:32,114.10594336219508,244a889d7c8cbb76d72bbc**********,114.09866482280562,22.587598894340076,,POINT (114.09866482280562 22.573089590828463)
2021-01-01 21:38:47,22.559405429791227,2021-01-01 21:49:56,114.09989347784044,3a9ade9d7a6be554e423cf**********,114.10183781265685,22.561430006743944,,POINT (114.10183781265685 22.559405429791227)
2021-01-01 21:40:32,22.66834194625845,2021-01-01 22:12:19,114.06373768924739,312239529dfbc5fb7a2818**********,114.03194105992998,22.677162970533164,,POINT (114.03194105992998 22.66834194625845)
2021-01-01 21:41:00,22.525536645048458,2021-01-01 22:04:15,114.03060626787217,49725a308065861d689906**********,114.04654698339927,22.527558815456256,,POINT (114.04654698339927 22.525536645048458)
2021-01-01 21:43:16,22.540825823665227,2021-01-01 21:53:44,113.97254604744946,23543dd2c433f17e6512a6**********,113.97252371090732,22.540539507996975,,POINT (113.97252371090732 22.540825823665227)
2021-01-01 21:43:16,22.540841677787324,2021-01-01 21:53:44,113.97256190968018,7acdb5afbfda3fd062458c**********,113.9725395731449,22.54055536211857,,POINT (113.9725395731449 22.540841677787324)
2021-01-01 21:44:23,22.56867403967379,2021-01-01 21:53:04,114.12033871446553,54ffba7a1c797104a1c133**********,114.1216482354402,22.57657093823802,,POINT (114.1216482354402 22.56867403967379)
2021-01-01 21:44:23,22.568741208323967,2021-01-01 21:53:04,114.12040593535735,bb3f0bd5c9733d3519b6f9**********,114.12171545940085,22.576638103311023,,POINT (114.12171545940085 22.568741208323967)
2021-01-01 21:44:50,22.567289630789986,2021-01-01 21:48:40,114.05419025991941,cf765d216a27781ec3e190**********,114.05438072410693,22.57073384534543,,POINT (114.05438072410693 22.567289630789986)
2021-01-01 21:49:53,22.544659758866324,2021-01-01 22:00:01,114.12927292819134,c0ad70cd9f7ec5cb7d490a**********,114.126074193169,22.544080975032205,,POINT (114.126074193169 22.544659758866324)
2021-01-01 21:52:55,22.571131375023473,2021-01-01 21:59:54,114.10740758530866,b051bc6e07c3a150689e15**********,114.10792311754247,22.56706682991203,,POINT (114.10792311754247 22.571131375023473)
2021-01-01 21:53:02,22.509745935949844,2021-01-01 22:16:05,113.94765987880663,30628af97752e6a806f3aa**********,113.94966252279713,22.513858005626865,,POINT (113.94966252279713 22.509745935949844)
2021-01-01 21:53:10,22.529372682650727,2021-01-01 23:25:39,114.06109848671443,681cbc349e174370772469**********,114.06290851014096,22.52936632268307,,POINT (114.06290851014096 22.529372682650727)
2021-01-01 21:53:10,22.529462557925505,2021-01-01 23:25:39,114.06118840894679,702ce0ce2dabf17df401ff**********,114.06299843983827,22.529456190988764,,POINT (114.06299843983827 22.529462557925505)
2021-01-01 21:58:34,22.675332621467856,2021-01-01 22:21:03,113.97562839321108,d03568c1deed79de78cee6**********,113.99336649014592,22.67829136837772,,POINT (113.99336649014592 22.675332621467856)
2021-01-01 21:58:51,22.52553335091037,2021-01-01 22:11:56,113.99576670847631,5ef7b124309acf28ed8ccf**********,113.98979289198739,22.527852164797416,,POINT (113.98979289198739 22.52553335091037)
2021-01-01 21:58:51,22.525511218906804,2021-01-01 22:11:56,113.99574456614097,0cb0040f8699e1025dc660**********,113.9897707493897,22.527830033112032,,POINT (113.9897707493897 22.525511218906804)
2021-01-01 21:58:55,22.593517067845795,2021-01-01 22:18:36,113.89649229877688,40a8172a01b98f122f1d94**********,113.8775256765795,22.582049986521255,,POINT (113.8775256765795 22.593517067845795)
2021-01-01 21:59:06,22.627776828270157,2021-01-01 22:01:40,114.05881195991377,3842d4b4957583a82fa38b**********,114.0569051421681,22.627071172220123,,POINT (114.0569051421681 22.627776828270157)
2021-01-01 22:01:35,22.627383020756877,2021-01-01 22:08:10,114.0310468088293,b7b2973ba585b25b628253**********,114.0255404019976,22.6297699205697,,POINT (114.0255404019976 22.627383020756877)
2021-01-01 22:01:35,22.627383020756877,2021-01-01 22:08:10,114.0310468088293,92c36a7c66c07de9806257**********,114.0255404019976,22.6297699205697,,POINT (114.0255404019976 22.627383020756877)
2021-01-01 22:01:35,22.62738252216875,2021-01-01 22:08:10,114.03104630984674,4b412f3062a25469fa4842**********,114.02553990309248,22.629769421910897,,POINT (114.02553990309248 22.62738252216875)
2021-01-01 22:01:50,22.551529641662132,2021-01-01 22:05:35,114.0839990206533,3a4078810e6ebe7af74e79**********,114.08180623644104,22.54742454513552,,POINT (114.08180623644104 22.551529641662132)
2021-01-01 22:04:23,22.721638622295522,2021-01-01 22:14:30,113.91172777263503,0d2ca9691234b2aae05891**********,113.91600132205616,22.72673818447545,,POINT (113.91600132205616 22.721638622295522)
2021-01-01 22:06:09,22.557863963131464,2021-01-01 22:13:52,114.128744768988,c33b5fa88be4ba7e1ecb7b**********,114.12690962478426,22.55608501017292,,POINT (114.12690962478426 22.557863963131464)
2021-01-01 22:06:09,22.557799886425492,2021-01-01 22:13:52,114.12868063620786,81c0872783564417323271**********,114.12684549560143,22.556020929922944,,POINT (114.12684549560143 22.557799886425492)
2021-01-01 22:07:04,22.680676622100396,2021-01-01 22:18:49,113.93429569567242,1a4b2882b83fa74535d5f5**********,113.92766199139996,22.691625823584822,,POINT (113.92766199139996 22.680676622100396)
2021-01-01 22:07:16,22.56422084195249,2021-01-01 22:14:43,113.86949892424127,8f98f04d0471100b182965**********,113.87797261018673,22.568588913115647,,POINT (113.87797261018673 22.56422084195249)
2021-01-01 22:07:16,22.56427137678437,2021-01-01 22:14:43,113.86954951470852,d9e4b8b5fca85de7081df1**********,113.87802318457004,22.56863946283014,,POINT (113.87802318457004 22.56427137678437)
2021-01-01 22:08:01,22.552448900324848,2021-01-01 22:23:41,113.89741308921661,28c6037dd27cc7d75289c1**********,113.88163775916607,22.55688568955321,,POINT (113.88163775916607 22.552448900324848)
2021-01-01 22:08:06,22.54483845944806,2021-01-01 22:18:35,114.11568133268135,1a413501988fc4ab0df97f**********,114.109350581935,22.538409317646284,,POINT (114.109350581935 22.54483845944806)
2021-01-01 22:08:06,22.544751506315375,2021-01-01 22:18:35,114.11559429128279,788ef3e7d65c6362a3c500**********,114.10926356238558,22.53832234325917,,POINT (114.10926356238558 22.544751506315375)
2021-01-01 22:08:39,22.538561315390506,2021-01-01 22:16:29,114.06073800608164,48a7084fa7e095d71980dd**********,114.05583423285447,22.5376913730782,,POINT (114.05583423285447 22.538561315390506)
2021-01-01 22:08:39,22.53861572296872,2021-01-01 22:16:29,114.06079245804811,bea897cc5a29d0b55794e9**********,114.05588867288927,22.53774579185603,,POINT (114.05588867288927 22.53861572296872)
2021-01-01 22:09:33,22.518433181736746,2021-01-01 22:14:22,113.93504474477338,76b9f2afed92c2794578e1**********,113.9400114904571,22.51907184557294,,POINT (113.9400114904571 22.518433181736746)
2021-01-01 22:09:58,22.557876070421006,2021-01-01 22:27:27,114.10537093049756,d6b6d9c937a1f0f394c510**********,114.09913260635413,22.551432446289756,,POINT (114.09913260635413 22.557876070421006)
2021-01-01 22:09:58,22.55791697784563,2021-01-01 22:27:27,114.10541188001824,772e67100a949a10f287dc**********,114.09917354461466,22.551473364610917,,POINT (114.09917354461466 22.55791697784563)
2021-01-01 22:10:31,22.63510521289679,2021-01-01 22:23:28,114.17964941071604,7aa5306324ebde0cd22fb2**********,114.17991472931156,22.62415466159955,,POINT (114.17991472931156 22.63510521289679)
2021-01-01 22:10:31,22.63515880103374,2021-01-01 22:23:28,114.17970304875239,a666a54aa612d084bb46b5**********,114.17996836719544,22.624208250589188,,POINT (114.17996836719544 22.63515880103374)
2021-01-01 22:13:50,22.66866137461462,2021-01-01 22:27:09,114.01852038134727,9ecaeb5e9b16654b99b02d**********,114.0273668573326,22.655242197431033,,POINT (114.0273668573326 22.66866137461462)
2021-01-01 22:14:34,22.696945826770328,2021-01-01 23:01:27,114.01668672832963,aa6c653c98a61d58d0f83e**********,113.96543793940687,22.64162221237571,,POINT (113.96543793940687 22.696945826770328)
2021-01-01 22:14:56,22.663275218963783,2021-01-01 22:31:24,114.03060104842596,68d723413407c16ca06e59**********,114.02057006953623,22.65911645071716,,POINT (114.02057006953623 22.663275218963783)
2021-01-01 22:16:49,22.517250199757555,2021-01-01 22:21:16,114.04661542512176,76b7b2b5119a54176d435f**********,114.05053211829824,22.518477438253303,,POINT (114.05053211829824 22.517250199757555)
2021-01-01 22:17:27,22.517308839077145,2021-01-01 22:21:12,114.04654141461839,0bc651f63fb807dc4cca1e**********,114.05050992255455,22.518723228483854,,POINT (114.05050992255455 22.517308839077145)
2021-01-01 22:21:24,22.560034986394992,2021-01-01 22:24:36,114.2309685408358,c04af005f0de43e022a3df**********,114.23393028528642,22.560998727941268,,POINT (114.23393028528642 22.560034986394992)
2021-01-01 22:26:56,22.5370734393885,2021-01-01 22:38:29,114.06378410869229,f311b9e06aada648190348**********,114.06833712297893,22.531211905956187,,POINT (114.06833712297893 22.5370734393885)
2021-01-01 22:26:56,22.537151548727106,2021-01-01 22:38:29,114.06386225074789,384c814bbf039cd1490e43**********,114.068415281708,22.53129000032761,,POINT (114.068415281708 22.537151548727106)
2021-01-01 22:26:56,22.537151548727106,2021-01-01 22:38:29,114.06386225074789,fb91f89a0f5479db6b806c**********,114.068415281708,22.53129000032761,,POINT (114.068415281708 22.537151548727106)
2021-01-01 22:26:57,22.64819358130253,2021-01-02 00:23:40,114.02189400091731,0cd8d74ddf4f484c0f66f0**********,114.02358458177514,22.64051544404066,,POINT (114.02358458177514 22.64819358130253)
2021-01-01 22:28:43,22.541736582733282,2021-01-01 22:36:54,113.9627238239762,8ed5c62c3cb9a70b31aacf**********,113.96311337967336,22.53341867860899,,POINT (113.96311337967336 22.541736582733282)
2021-01-01 22:28:43,22.541774480845007,2021-01-01 22:36:54,113.9627617424738,49e43d28257e8d9e4c4a84**********,113.96315129776306,22.533456577514567,,POINT (113.96315129776306 22.541774480845007)
2021-01-01 22:32:39,22.546972449802485,2021-01-01 22:34:10,114.07246147835475,53fd39bbb2b70402a3cb1a**********,114.0772485130285,22.54784519209544,,POINT (114.0772485130285 22.546972449802485)
2021-01-01 22:32:39,22.547034201975848,2021-01-01 22:34:10,114.07252325785583,4b9d871dd08e99c05e3627**********,114.07731030677138,22.547906930891944,,POINT (114.07731030677138 22.547034201975848)
2021-01-01 22:34:29,22.568513973734223,2021-01-01 22:39:54,114.04333986911081,24eb47a4441baf3a02c42b**********,114.04708242623086,22.567797963819956,,POINT (114.04708242623086 22.568513973734223)
2021-01-01 22:34:29,22.568438530956037,2021-01-01 22:39:54,114.0432643912503,2cb8e6cf5262b1175a877e**********,114.04700693737018,22.56772253123143,,POINT (114.04700693737018 22.568438530956037)
2021-01-01 22:35:47,22.627987889235158,2021-01-01 23:04:41,114.05605295858861,22b10357b5f5842eda2fff**********,114.05582526409408,22.625850103692006,,POINT (114.05582526409408 22.627987889235158)
2021-01-01 22:36:43,22.607831973095582,2021-01-01 23:06:33,114.0356602906102,d7544b45ef0c946cba053d**********,114.03972374557719,22.620950914636648,,POINT (114.03972374557719 22.607831973095582)
2021-01-01 22:36:48,22.541360409756535,2021-01-01 22:48:17,114.11300086735156,6575d5d8834cfe8f28320c**********,114.1139266528168,22.545349167967053,,POINT (114.1139266528168 22.541360409756535)
2021-01-01 22:36:58,22.575045290603445,2021-01-01 22:42:39,114.13730886527179,82d4f9b9bc673777ac020c**********,114.1317080597066,22.571683846681527,,POINT (114.1317080597066 22.575045290603445)
2021-01-01 22:37:38,22.585361106341956,2021-01-01 22:53:56,113.88361898181613,8058e12eb3a2f96fe38590**********,113.90137182604633,22.58949201277919,,POINT (113.90137182604633 22.585361106341956)
2021-01-01 22:37:38,22.585357207557887,2021-01-01 22:53:56,113.88361507697346,4a7d3e099aab61d790f54d**********,113.90136792434576,22.589488111065425,,POINT (113.90136792434576 22.585357207557887)
2021-01-01 22:38:57,22.59630418280405,2021-01-01 22:49:54,113.99656354503641,2edf4c774d60f20d4c788a**********,113.99647938961022,22.596316255328677,,POINT (113.99647938961022 22.59630418280405)
2021-01-01 22:39:08,22.598226215274355,2021-01-01 22:43:24,114.30878158392869,9132920dc0e46d81d50e5c**********,114.30421636515251,22.601583772692432,,POINT (114.30421636515251 22.598226215274355)
2021-01-01 22:39:08,22.5982266145123,2021-01-01 22:43:24,114.30878198333747,b5da433e6223943f026a27**********,114.30421676458853,22.601584171905262,,POINT (114.30421676458853 22.5982266145123)
2021-01-01 22:40:56,22.538803026903622,2021-01-01 22:53:02,113.99042900642202,4b981fca6f6908d53b235a**********,113.97128871585771,22.535288396156947,,POINT (113.97128871585771 22.538803026903622)
2021-01-01 22:44:55,22.524605906524883,2021-01-01 22:50:17,114.04815332657759,f135631203be64504a2cfa**********,114.04277142847171,22.52502704624893,,POINT (114.04277142847171 22.524605906524883)
2021-01-01 22:46:07,22.5113047287232,2021-01-01 23:04:22,113.8856409417992,470afc2826cd55bf55b90a**********,113.8827236667877,22.497433351301044,,POINT (113.8827236667877 22.5113047287232)
2021-01-01 22:46:57,22.523933221536232,2021-01-01 22:58:35,113.92484881653405,6828f4a58fca227eaa69fd**********,113.92874747018968,22.51289255037755,,POINT (113.92874747018968 22.523933221536232)
2021-01-01 22:47:50,22.697637340545917,2021-01-01 23:56:48,114.12778351773605,28edaa9a823b51be3b266c**********,114.12659787805929,22.628741740904832,,POINT (114.12659787805929 22.697637340545917)
2021-01-01 22:52:59,22.63890799299074,2021-01-01 23:04:44,114.01722826842249,b01485d8e6ef724712708c**********,114.01581007546439,22.64685906644402,,POINT (114.01581007546439 22.63890799299074)
2021-01-01 22:53:05,22.496811677239773,2021-01-01 23:12:52,113.90828257540333,e29fbca33ec3de27f5699a**********,113.88325263377524,22.517996186933143,,POINT (113.88325263377524 22.496811677239773)
2021-01-01 22:53:05,22.49683699179861,2021-01-01 23:12:52,113.90830787804742,0598866f098d7ffb3b33c5**********,113.88327796555927,22.518021473410766,,POINT (113.88327796555927 22.49683699179861)
2021-01-01 22:53:29,22.543176789639386,2021-01-01 22:54:53,114.10000790349702,a4c75792a7e259de019b01**********,114.10019255727997,22.543351161929245,,POINT (114.10019255727997 22.543176789639386)
2021-01-01 22:54:53,22.67694892013599,2021-01-01 23:14:19,113.97467798958118,4c07193ba0a92d7fe8178a**********,113.98954909113759,22.69220098442415,,POINT (113.98954909113759 22.67694892013599)
2021-01-01 22:54:53,22.67690974788431,2021-01-01 23:14:19,113.97463878461139,f5f01b3d7b366cfbc02444**********,113.98950989283851,22.692161806576824,,POINT (113.98950989283851 22.67690974788431)
2021-01-01 22:55:42,22.688872406480776,2021-01-01 23:01:36,113.95741211801037,f171edf7ee562d82154c4b**********,113.95012283077173,22.686539989465018,,POINT (113.95012283077173 22.688872406480776)
2021-01-01 22:56:08,22.556567672374662,2021-01-01 22:59:56,113.8764849244668,3bffd0281c7206143e15b2**********,113.88078301908286,22.557397283961272,,POINT (113.88078301908286 22.556567672374662)
2021-01-01 22:56:08,22.556475617600903,2021-01-01 22:59:56,113.87639278330225,774ac1e87e18b6797787b2**********,113.88069089378233,22.5573052143453,,POINT (113.88069089378233 22.556475617600903)
2021-01-01 22:56:32,22.672329837153804,2021-01-01 23:06:16,114.0391792730024,31ce5ec10d951450eb5f9a**********,114.03926309481352,22.659243034365815,,POINT (114.03926309481352 22.672329837153804)
2021-01-01 22:57:24,22.683600990879242,2021-01-01 23:12:22,113.94294387386613,9721ce2298c11f5f192b7c**********,113.93004719649353,22.683498487038268,,POINT (113.93004719649353 22.683600990879242)
2021-01-01 22:59:27,22.548453431553,2021-01-01 23:06:01,113.91055104478465,adf7333a1b63889213c44f**********,113.90946881956356,22.537782767820016,,POINT (113.90946881956356 22.548453431553)
2021-01-01 23:00:17,22.620002286594183,2021-01-01 23:09:31,114.03982217528184,bd1a614a7290b675ae726a**********,114.03417761749408,22.61219461448988,,POINT (114.03417761749408 22.620002286594183)
2021-01-01 23:01:17,22.521879339613555,2021-01-01 23:03:39,113.96064563145293,4b3d428dd903a77ed6d823**********,113.96067799601481,22.52188193235697,,POINT (113.96067799601481 22.521879339613555)
2021-01-01 23:01:22,22.683021986951847,2021-01-01 23:12:30,113.94298376630707,6d9195b7c24796d374ae1a**********,113.93301956004414,22.683829479257724,,POINT (113.93301956004414 22.683021986951847)
2021-01-01 23:01:38,22.67456335186302,2021-01-01 23:11:14,114.00946575969147,0e260a9f6a777b42681159**********,114.00968998141003,22.674259702881127,,POINT (114.00968998141003 22.67456335186302)
2021-01-01 23:05:01,22.663729980439438,2021-01-01 23:08:43,114.02144755699804,8a2e185311acdf95ca48af**********,114.02105853317053,22.660912560057746,,POINT (114.02105853317053 22.663729980439438)
2021-01-01 23:05:46,22.53134922097742,2021-01-01 23:20:07,114.04580980645707,32ded20a8b538656441949**********,114.02448151809966,22.518916577835395,,POINT (114.02448151809966 22.53134922097742)
2021-01-01 23:06:05,22.65780723971078,2021-01-01 23:11:01,114.03762018394544,a946149e516b48292b9e50**********,114.03224552610406,22.65099954435106,,POINT (114.03224552610406 22.65780723971078)
2021-01-01 23:06:05,22.657747600117272,2021-01-01 23:11:01,114.03756049299336,db44dec44afbb7810753d2**********,114.03218584568242,22.650939894477947,,POINT (114.03218584568242 22.657747600117272)
2021-01-01 23:06:39,22.55146765627237,2021-01-01 23:23:04,114.10545525070746,da55b7edb7daddde476d8f**********,114.1073846288653,22.557692891008532,,POINT (114.1073846288653 22.55146765627237)
2021-01-01 23:07:16,22.554331883821188,2021-01-01 23:13:26,114.224111337834,fdae102906d30037906979**********,114.22922169341872,22.55497267189555,,POINT (114.22922169341872 22.554331883821188)
2021-01-01 23:09:23,22.626594003546913,2021-01-01 23:15:41,114.02351937531361,ea1b447ae7f21de6c0e849**********,114.01659113744698,22.633269176998414,,POINT (114.01659113744698 22.626594003546913)
2021-01-01 23:09:23,22.626653224726002,2021-01-01 23:15:41,114.0235786422414,7911b59476af8c6681040e**********,114.0166503954062,22.63332840605215,,POINT (114.0166503954062 22.626653224726002)
2021-01-01 23:13:13,22.695077101561115,2021-01-01 23:20:22,113.81542758181614,e8edb976e6c2257fd05e09**********,113.80696880455766,22.696626110008623,,POINT (113.80696880455766 22.695077101561115)
2021-01-01 23:13:43,22.572844555987867,2021-01-01 23:24:07,114.04857350177873,ee2062250dbeb1eef40246**********,114.0383146659932,22.571325877372175,,POINT (114.0383146659932 22.572844555987867)
2021-01-01 23:15:31,22.54911603648666,2021-01-01 23:28:15,114.12418359527611,4861058881cb3efa36f575**********,114.11642598752564,22.558739828156,,POINT (114.11642598752564 22.54911603648666)
2021-01-01 23:15:31,22.549149765822406,2021-01-01 23:28:15,114.1242173603993,5e664bc3729571f839c80e**********,114.11645974339196,22.55877356577249,,POINT (114.11645974339196 22.549149765822406)
2021-01-01 23:16:02,22.54080135260466,2021-01-02 00:07:13,114.07206327637996,26b9a379ea1abca782dc4b**********,114.08529197551114,22.547883999649738,,POINT (114.08529197551114 22.54080135260466)
2021-01-01 23:19:01,22.525408051911185,2021-01-01 23:25:26,114.0442419795745,33736962b91b2aa5006815**********,114.04772725581562,22.52594505305902,,POINT (114.04772725581562 22.525408051911185)
2021-01-01 23:19:46,22.525491859113686,2021-01-01 23:25:14,114.04391952087867,66947293fdf5cfa70a4074**********,114.04778819637822,22.52609550169363,,POINT (114.04778819637822 22.525491859113686)
2021-01-01 23:20:05,22.60408737033579,2021-01-01 23:30:08,114.03476466077855,7be861391a48e5b1e2f172**********,114.03914635909287,22.61603216832464,,POINT (114.03914635909287 22.60408737033579)
2021-01-01 23:22:22,22.626762560392873,2021-01-01 23:29:47,114.06487675127455,cc9c905e3e1a5fe66b8ac4**********,114.05559416538186,22.624986852950823,,POINT (114.05559416538186 22.626762560392873)
2021-01-01 23:23:54,22.672300414754886,2021-01-01 23:30:22,114.0255210889727,3102a283f777bdd41e52ea**********,114.0275655570524,22.67626190763703,,POINT (114.0275655570524 22.672300414754886)
2021-01-01 23:29:57,22.67083337539402,2021-01-02 00:02:34,114.02394441528651,58f215e60235dfe7e85228**********,114.04780627564452,22.67204613647368,,POINT (114.04780627564452 22.67083337539402)
2021-01-01 23:30:27,22.61597477302741,2021-01-01 23:51:59,114.02906634490566,774f389e4877a579155104**********,114.03751995611309,22.620274439085314,,POINT (114.03751995611309 22.61597477302741)
2021-01-01 23:30:27,22.615977266851058,2021-01-01 23:51:59,114.02906883967329,d40c3409b38288d874826b**********,114.0375224515495,22.620276932272734,,POINT (114.0375224515495 22.615977266851058)
2021-01-01 23:32:01,22.63873522058646,2021-01-01 23:40:52,114.04876983400102,0690afec96d35d83950fd4**********,114.04571083878882,22.647806266451486,,POINT (114.04571083878882 22.63873522058646)
2021-01-01 23:32:01,22.63875288135801,2021-01-01 23:40:52,114.04878750920237,6b744ca037b363e9fb355c**********,114.04572851182698,22.647823929050578,,POINT (114.04572851182698 22.63875288135801)
2021-01-01 23:34:14,22.611615070975848,2021-01-01 23:51:11,114.12274682552517,b254a8165cc6676302fc45**********,114.11460885247463,22.625590999996408,,POINT (114.11460885247463 22.611615070975848)
2021-01-01 23:34:14,22.6115180008361,2021-01-01 23:51:11,114.12264964287631,fc397d596b55c4be64c632**********,114.11451169857588,22.625493904519054,,POINT (114.11451169857588 22.6115180008361)
2021-01-01 23:35:38,22.55290664480441,2021-01-01 23:47:12,114.12955157546641,7a0d89a73c416bcf163347**********,114.1184665170476,22.55541375999075,,POINT (114.1184665170476 22.55290664480441)
2021-01-01 23:35:38,22.552983216512892,2021-01-01 23:47:12,114.12962823617352,4dd4bf8bd86cfd6c4eb23a**********,114.1185431497177,22.55549035785711,,POINT (114.1185431497177 22.552983216512892)
2021-01-01 23:35:38,22.552983216512892,2021-01-01 23:47:12,114.12962823617352,e85eec5a7016caeb5f9faa**********,114.1185431497177,22.55549035785711,,POINT (114.1185431497177 22.552983216512892)
2021-01-01 23:35:43,22.534262952959732,2021-01-01 23:55:10,114.02302034999033,0bbe553295d094f1fecf09**********,114.04779390760811,22.52477716119191,,POINT (114.04779390760811 22.534262952959732)
2021-01-01 23:39:14,22.51899848688418,2021-01-01 23:50:52,114.04025727229211,5595a134bc946ee4e8953d**********,114.04564666912619,22.530265906492637,,POINT (114.04564666912619 22.51899848688418)
2021-01-01 23:43:05,22.57827711574236,2021-01-01 23:51:43,113.85206418589271,ef3a24537547cd5c62313d**********,113.85685706499663,22.570436330239353,,POINT (113.85685706499663 22.57827711574236)
2021-01-01 23:43:30,22.563469814054216,2021-01-01 23:53:28,113.89709446198334,101383d6eed99bc309b590**********,113.90017086556722,22.569815010804717,,POINT (113.90017086556722 22.563469814054216)
2021-01-01 23:47:50,22.579534903442735,2021-01-02 00:02:47,113.87094257895343,52ece39e3cc3484c83f78c**********,113.85665556242644,22.584896538924717,,POINT (113.85665556242644 22.579534903442735)
2021-01-01 23:53:15,22.511946822811147,2021-01-02 00:09:48,114.04764702997963,da58b3626ce89f3610a520**********,114.04858972709975,22.52550985499042,,POINT (114.04858972709975 22.511946822811147)
2021-01-01 23:55:16,22.68203762378009,2021-01-01 23:57:59,113.93983741440053,d041d136d33a6af09beebb**********,113.94509190751107,22.682375085886246,,POINT (113.94509190751107 22.68203762378009)
2021-01-01 23:56:08,22.57079272588168,2021-01-02 00:07:14,113.88260627743618,75fffee9f57096d7e92d82**********,113.89813538399002,22.58258177060605,,POINT (113.89813538399002 22.57079272588168)
2021-01-01 23:57:26,22.550107949821793,2021-01-02 00:32:05,114.12369780874099,ccfbdd777a04f8879435af**********,114.12260340720474,22.552295831385567,,POINT (114.12260340720474 22.550107949821793)
2021-01-01 00:01:27,22.630838096259694,2021-01-01 00:15:38,114.06049543794865,73711ce41c58c075086daa**********,114.06052095147834,22.630451131288133,,POINT (114.06052095147834 22.630838096259694)
2021-01-01 00:01:27,22.63092575425725,2021-01-01 00:15:38,114.06058315961249,0e99e106c42682a8434a38**********,114.06060867324372,22.630538789231867,,POINT (114.06060867324372 22.63092575425725)
2021-01-01 00:03:03,22.552855966166675,2021-01-01 00:17:56,114.08720030670399,5f3e845c37e63299b37d6a**********,114.08122824241256,22.558362923898038,,POINT (114.08122824241256 22.552855966166675)
2021-01-01 00:03:09,22.566833706360676,2021-01-01 00:07:11,114.10777466325912,7c5aac0ee549b5d8c9f510**********,114.10724779369129,22.57189391522189,,POINT (114.10724779369129 22.566833706360676)
2021-01-01 00:03:09,22.56690414179885,2021-01-01 00:07:11,114.10784515574106,edc439bf9798845f9d1850**********,114.10731828460963,22.57196435166254,,POINT (114.10731828460963 22.56690414179885)
2021-01-01 00:04:45,22.532182365752533,2021-01-01 00:21:15,114.01909046218701,3f79ca0d33c9bdbefa806a**********,113.999207740113,22.53589484325782,,POINT (113.999207740113 22.532182365752533)
2021-01-01 00:04:45,22.53221247286355,2021-01-01 00:21:15,114.01912059152396,1b1eb54e9c01da442854ea**********,113.99923786190396,22.53592495723979,,POINT (113.99923786190396 22.53221247286355)
2021-01-01 00:05:00,22.637826821030707,2021-01-01 00:11:55,114.04588927354312,c4f7562f8f9230ba6bb95e**********,114.0488110913822,22.64264048309405,,POINT (114.0488110913822 22.637826821030707)
2021-01-01 00:05:00,22.63776884309951,2021-01-01 00:11:55,114.0458312617271,088d08f44e65f3e971ee2d**********,114.04875307276927,22.642582511830025,,POINT (114.04875307276927 22.63776884309951)
2021-01-01 00:05:29,22.564089638582477,2021-01-01 00:11:55,114.24114622908826,caeab61520719ea04970f4**********,114.24077834314083,22.56508952197695,,POINT (114.24077834314083 22.564089638582477)
2021-01-01 00:06:37,22.544600832942475,2021-01-01 00:23:32,114.06684082205678,eab60c50c547719dadf354**********,114.07850206858147,22.538901395897373,,POINT (114.07850206858147 22.544600832942475)
2021-01-01 00:09:26,22.657715062311706,2021-01-01 00:24:27,114.00970507532716,d326afdcd2a33984e8b8c5**********,114.02320761520797,22.67455071019871,,POINT (114.02320761520797 22.657715062311706)
2021-01-01 00:09:26,22.657741485083353,2021-01-01 00:24:27,114.00973150898994,cc81ae3b8802919efed336**********,114.02323405561677,22.67457712619216,,POINT (114.02323405561677 22.657741485083353)
2021-01-01 00:09:44,22.55811340818162,2021-01-01 00:28:28,113.87849309242698,87f12ae18e5a88341e368f**********,113.88333458320072,22.571673493843548,,POINT (113.88333458320072 22.55811340818162)
2021-01-01 00:11:38,22.540168307195216,2021-01-01 00:27:17,113.96180645854099,5ac7a7bc5e7792f9fd05b0**********,113.96900391908636,22.534623812413567,,POINT (113.96900391908636 22.540168307195216)
2021-01-01 00:14:19,22.54437159931263,2021-01-01 00:26:46,114.10437690634517,363f814dfc6bd6ad459dd9**********,114.11368276245771,22.545277418075823,,POINT (114.11368276245771 22.54437159931263)
2021-01-01 00:14:20,22.53550961281947,2021-01-01 00:43:44,114.04819033457103,349d9d656fa98e4e8d9eb0**********,114.04960042566155,22.52336174059738,,POINT (114.04960042566155 22.53550961281947)
2021-01-01 00:14:27,22.57118360629564,2021-01-01 00:22:45,114.04111421727507,72865270cb9394f0fa3161**********,114.0526783869522,22.570384463024833,,POINT (114.0526783869522 22.57118360629564)
2021-01-01 00:15:22,22.557524739468022,2021-01-01 00:28:07,114.24178989534511,3d7f9bcc6293241b6b32ae**********,114.23564501851567,22.56486909850899,,POINT (114.23564501851567 22.557524739468022)
2021-01-01 00:15:34,22.65309278555272,2021-01-01 00:21:50,114.02309392791094,681257368e6c1b209b958f**********,114.0225155369431,22.657812110674453,,POINT (114.0225155369431 22.65309278555272)
2021-01-01 00:15:35,22.655106803633732,2021-01-01 00:28:30,114.00695396624813,3d3b3d1d02814c44987e40**********,114.01891273139992,22.653925251271378,,POINT (114.01891273139992 22.655106803633732)
2021-01-01 00:15:40,22.547096404422113,2021-01-01 00:31:12,114.07177901236747,72593bfceb8719c4f816f6**********,114.08373767833348,22.548000240076828,,POINT (114.08373767833348 22.547096404422113)
2021-01-01 00:16:35,22.53486153429695,2021-01-01 00:49:24,113.91854327456836,9b00e3320f3932ea0608a1**********,113.9589954201021,22.545110752408853,,POINT (113.9589954201021 22.53486153429695)
2021-01-01 00:18:32,22.638957273332974,2021-01-01 00:38:13,114.03359983693879,4702e5bc2ccd7d26f48ae0**********,114.03205852846402,22.62475338172653,,POINT (114.03205852846402 22.638957273332974)
2021-01-01 00:19:18,22.62713430308822,2021-01-01 00:27:02,114.03213025793687,2b42569239384f92ddd4a2**********,114.03356002717123,22.637135682324242,,POINT (114.03356002717123 22.62713430308822)
2021-01-01 00:19:42,22.51608176481781,2021-01-01 00:27:33,113.94441550507932,c19fafaebfc9981149c21a**********,113.9341710831785,22.519326618347023,,POINT (113.9341710831785 22.51608176481781)
2021-01-01 00:20:12,22.55616388755081,2021-01-01 00:23:27,114.03285918266285,e1bda6e18457f6b7ef9afd**********,114.02849306336871,22.553707900681456,,POINT (114.02849306336871 22.55616388755081)
2021-01-01 00:20:12,22.556240782630645,2021-01-01 00:23:27,114.0329361302522,0e080fda3bf212f30b9774**********,114.02857000090492,22.553784805376086,,POINT (114.02857000090492 22.556240782630645)
2021-01-01 00:20:12,22.52403596632939,2021-01-01 00:27:59,113.9275493087011,5c9dddaa3e3ac4f704c8d1**********,113.92869873274955,22.528524640773902,,POINT (113.92869873274955 22.52403596632939)
2021-01-01 00:22:15,22.55554640609651,2021-01-01 01:12:28,113.88026089929063,4df2e864c5854540e8f115**********,113.88099321146927,22.595339081847737,,POINT (113.88099321146927 22.55554640609651)
2021-01-01 00:22:15,22.55551548794812,2021-01-01 01:12:28,113.8802299565774,6cf37230a23ba36f086f9c**********,113.88096226969132,22.595308164412018,,POINT (113.88096226969132 22.55551548794812)
2021-01-01 00:22:17,22.51883164833324,2021-01-01 01:10:40,113.92748752111466,f21d26d2b3201e209e89b7**********,113.93427042531471,22.5458279180507,,POINT (113.93427042531471 22.51883164833324)
2021-01-01 00:22:17,22.518831947831043,2021-01-01 01:10:40,113.92748782087241,c561e27cce2153e917be5b**********,113.9342707249814,22.54582821762306,,POINT (113.9342707249814 22.518831947831043)
2021-01-01 00:22:43,22.6829987787714,2021-01-01 01:41:50,113.9403863975877,8852969b1ef3ce3fe475b5**********,113.9399443067401,22.681016274937228,,POINT (113.9399443067401 22.6829987787714)
2021-01-01 00:22:43,22.683065138747875,2021-01-01 01:41:50,113.94045280622319,6c9c97b6535739895d6a0f**********,113.94001071658303,22.681082633930263,,POINT (113.94001071658303 22.683065138747875)
2021-01-01 00:22:53,22.543755082339537,2021-01-01 00:40:38,114.08634040273569,fec024010f258ecfcc72af**********,114.09812312081323,22.548419389712045,,POINT (114.09812312081323 22.543755082339537)
2021-01-01 00:24:02,22.636480656174104,2021-01-01 00:25:18,114.05345379336894,2e6f3f6215a1b285c4d6ea**********,114.05304980857817,22.63618341579,,POINT (114.05304980857817 22.636480656174104)
2021-01-01 00:25:01,22.541325113542673,2021-01-01 00:35:07,114.07919592651251,cc7e97af8fa13c479f0b5b**********,114.08869912361946,22.534473792031303,,POINT (114.08869912361946 22.541325113542673)
2021-01-01 00:25:44,22.641587064332505,2021-01-01 00:38:09,114.06323598513862,de4ab5a6807ef80b1cec6e**********,114.0572855049765,22.656584944358226,,POINT (114.0572855049765 22.641587064332505)
2021-01-01 00:25:44,22.641499120205665,2021-01-01 00:38:09,114.0631479530505,a7d51a92f2b4781374b9b5**********,114.05719749662677,22.65649697963512,,POINT (114.05719749662677 22.641499120205665)
2021-01-01 00:26:10,22.638514764885556,2021-01-01 00:41:28,114.06884750120909,43795e94a8af2e6cb65144**********,114.06059840509259,22.62572263332321,,POINT (114.06059840509259 22.638514764885556)
2021-01-01 00:27:01,22.519603589906783,2021-01-01 00:37:09,113.93246300819861,8d9efc085ecb4b56940ca5**********,113.92683567406993,22.51315795296425,,POINT (113.92683567406993 22.519603589906783)
2021-01-01 00:27:03,22.5571560659605,2021-01-01 00:34:44,113.9014598578473,ac18a321c78e917750759c**********,113.90900387339471,22.56069574460143,,POINT (113.90900387339471 22.5571560659605)
2021-01-01 00:29:32,22.680906142853047,2021-01-01 00:33:22,114.01170487333205,f0457e0c748181843d3d76**********,114.01380951865742,22.68378883515567,,POINT (114.01380951865742 22.680906142853047)
2021-01-01 00:29:45,22.48792398338607,2021-01-01 00:42:58,113.92039374630242,1a26d851e4844f5c5c6fb3**********,113.91102678035517,22.493369235178307,,POINT (113.91102678035517 22.48792398338607)
2021-01-01 00:29:45,22.487985345379013,2021-01-01 00:42:58,113.92045511700279,44915b44bd4bd167c7c1db**********,113.91108817861063,22.49343057090386,,POINT (113.91108817861063 22.487985345379013)
2021-01-01 00:29:45,22.487985345379013,2021-01-01 00:42:58,113.92045511700279,421be62d3c2161e1484353**********,113.91108817861063,22.49343057090386,,POINT (113.91108817861063 22.487985345379013)
2021-01-01 00:30:18,22.606968549502415,2021-01-01 01:14:56,114.15855743832759,abf3d957fe2bdbc57ae33f**********,114.11246106881865,22.611648476820502,,POINT (114.11246106881865 22.606968549502415)
2021-01-01 00:30:18,22.606916815867866,2021-01-01 01:14:56,114.15850560225637,c3aabbcce68ea9cd36b98c**********,114.11240929110602,22.61159668817425,,POINT (114.11240929110602 22.606916815867866)
2021-01-01 00:30:23,22.546298495627283,2021-01-01 00:46:17,113.9287290423253,84172ded9d44ea75a295b9**********,113.94062118927859,22.52793129137039,,POINT (113.94062118927859 22.546298495627283)
2021-01-01 00:31:12,22.54339626710231,2021-01-01 00:41:18,114.09941036471317,8969408e203ef2d304b9c2**********,114.09481647337813,22.540072025609728,,POINT (114.09481647337813 22.54339626710231)
2021-01-01 00:31:35,22.6164869722366,2021-01-01 00:34:53,114.15589948787924,4b45e66eae66ae742ec8b3**********,114.15019600442562,22.616263593433583,,POINT (114.15019600442562 22.6164869722366)
2021-01-01 00:31:38,22.54148900622268,2021-01-01 00:51:13,113.97879142667776,5f90d13f0159bf51657821**********,113.98749973198713,22.556941978943474,,POINT (113.98749973198713 22.54148900622268)
2021-01-01 00:32:26,22.616708688870283,2021-01-01 01:03:04,114.05978588453631,c7729285ca1be61e57c1a2**********,114.03546345741528,22.61414483374772,,POINT (114.03546345741528 22.616708688870283)
2021-01-01 00:33:10,22.543062446364736,2021-01-01 00:50:35,113.92121825598144,18b80e4c52f1fa61d37b3e**********,113.9382617204076,22.535742228826372,,POINT (113.9382617204076 22.543062446364736)
2021-01-01 00:33:28,22.518457022521677,2021-01-01 00:41:05,114.04873564526338,4b284441b3f4e8c9fa81c6**********,114.05344034080323,22.518650124824664,,POINT (114.05344034080323 22.518457022521677)
2021-01-01 00:35:45,22.510055385844318,2021-01-01 00:50:07,113.9096467540795,a4c9338639e73648c2a013**********,113.89446249783983,22.516185482605792,,POINT (113.89446249783983 22.510055385844318)
2021-01-01 00:36:45,22.547153185604113,2021-01-01 01:14:45,114.1101225422532,df3a954909831b213ee778**********,114.08132708991879,22.547361341972476,,POINT (114.08132708991879 22.547153185604113)
2021-01-01 00:36:45,22.547092221754458,2021-01-01 01:14:45,114.11006145636578,55589fc6545e847679985b**********,114.08126608425395,22.54730030303287,,POINT (114.08126608425395 22.547092221754458)
2021-01-01 00:37:24,22.52803205222109,2021-01-01 01:04:24,114.02730494558176,c0b833eb9730bcfbeadb11**********,114.02885359294756,22.52812602415928,,POINT (114.02885359294756 22.52803205222109)
2021-01-01 00:38:57,22.537061167485902,2021-01-01 03:56:37,114.04607292154414,7aa8f32ce6f21e1980cdca**********,114.05358863040452,22.52588397437622,,POINT (114.05358863040452 22.537061167485902)
2021-01-01 00:39:06,22.543301498794474,2021-01-01 01:02:20,114.07320085809555,b83fa87e81aba7abf68f57**********,114.05144538464947,22.539185229125174,,POINT (114.05144538464947 22.543301498794474)
2021-01-01 00:40:38,22.563291685539227,2021-01-01 00:46:13,113.89634856447148,e2718c4c51767a949e6024**********,113.8899371403012,22.56129733784292,,POINT (113.8899371403012 22.563291685539227)
2021-01-01 00:40:38,22.56325077675411,2021-01-01 00:46:13,113.89630763692577,235b474c90438dafc08366**********,113.88989620076464,22.561256440210713,,POINT (113.88989620076464 22.56325077675411)
2021-01-01 00:41:41,22.487156397230308,2021-01-01 00:55:51,113.92036775101268,991100ec9b92b48ec2dc2a**********,113.90966562504411,22.496795461068363,,POINT (113.90966562504411 22.487156397230308)
2021-01-01 00:43:32,22.543045212986453,2021-01-01 00:48:51,113.93868967203736,ef79218335411fc8397afc**********,113.9386230477295,22.543096808429766,,POINT (113.9386230477295 22.543045212986453)
2021-01-01 00:45:18,22.542696455239362,2021-01-01 00:50:28,114.07374498434076,ad315cd492c24c3dc94cc8**********,114.07230479680246,22.537717648740756,,POINT (114.07230479680246 22.542696455239362)
2021-01-01 00:46:04,22.55037507877887,2021-01-01 01:18:37,113.87129890985636,f8a8050cdd1e1472a4c94a**********,113.88056959608738,22.574927541145225,,POINT (113.88056959608738 22.55037507877887)
2021-01-01 00:47:27,22.52511701638722,2021-01-01 01:26:12,114.01209093450743,ad8d0f61e7ca74eab2df06**********,113.98830961325278,22.538420376376916,,POINT (113.98830961325278 22.52511701638722)
2021-01-01 00:47:27,22.52515171006914,2021-01-01 01:26:12,114.01212564866597,6f1e0eb534e176c8a8c456**********,113.98834432353964,22.538455073031578,,POINT (113.98834432353964 22.52515171006914)
2021-01-01 00:49:21,22.610813950939306,2021-01-01 01:02:31,113.84224271082097,79a046e650c39444584ff8**********,113.83907584943782,22.616048666497882,,POINT (113.83907584943782 22.610813950939306)
2021-01-01 00:50:06,22.536233232158814,2021-01-01 01:12:24,113.94946917005511,75860249a926ec7539f1fa**********,113.97803896195842,22.546062327360904,,POINT (113.97803896195842 22.536233232158814)
2021-01-01 00:50:06,22.536191257120716,2021-01-01 01:12:24,113.94942714251205,e6ba458c53addfdda19daa**********,113.97799696594036,22.546020323368758,,POINT (113.97799696594036 22.536191257120716)
2021-01-01 00:51:06,22.65508563558632,2021-01-01 01:28:19,114.11190255108225,d2ca98386fb42fb576d8ce**********,114.07554035004227,22.628438940064107,,POINT (114.07554035004227 22.65508563558632)
2021-01-01 00:53:20,22.539495371851043,2021-01-01 01:14:46,114.04416926773642,76a625160edd22a82b8a80**********,114.04816064474029,22.52582553995771,,POINT (114.04816064474029 22.539495371851043)
2021-01-01 00:54:38,22.6620000673755,2021-01-01 01:00:13,114.06252780765448,85ee9dbabb03a3552b40be**********,114.06949733929999,22.661433058478785,,POINT (114.06949733929999 22.6620000673755)
2021-01-01 00:56:05,22.536928330358627,2021-01-01 01:00:01,113.94160806900307,7aff06bf8829c9f2bc4c19**********,113.94324716071323,22.53650081434499,,POINT (113.94324716071323 22.536928330358627)
2021-01-01 00:57:45,22.531542036420596,2021-01-01 01:14:21,114.03755971287868,54648a7cab943705370ae1**********,114.02132443282466,22.523075563223998,,POINT (114.02132443282466 22.531542036420596)
2021-01-01 00:59:50,22.535002253264132,2021-01-01 01:35:25,114.08792298613749,32acb8f0edbc20ff82a752**********,114.05907852162781,22.54797275028606,,POINT (114.05907852162781 22.535002253264132)
2021-01-01 00:59:50,22.535074540579817,2021-01-01 01:35:25,114.08799541605765,239e1ec321c5974af70eaf**********,114.05915085241885,22.548045128985216,,POINT (114.05915085241885 22.535074540579817)
2021-01-01 01:00:16,22.530094704846462,2021-01-01 01:15:34,114.0199167937356,1c4595e5b4760431f1b32b**********,114.00960521391583,22.529114120337418,,POINT (114.00960521391583 22.530094704846462)
2021-01-01 01:00:16,22.530094704846462,2021-01-01 01:15:34,114.0199167937356,cf933c8443d411f364e363**********,114.00960521391583,22.529114120337418,,POINT (114.00960521391583 22.530094704846462)
2021-01-01 01:00:16,22.53003747657668,2021-01-01 01:15:34,114.01985952707672,3849a1d22458c8ea06ad5e**********,114.00954795754346,22.52905688241769,,POINT (114.00954795754346 22.53003747657668)
2021-01-01 01:00:51,22.538088616866737,2021-01-01 01:20:24,114.07468481496628,64d206a56c5926209dfa89**********,114.05600911288272,22.53935197109051,,POINT (114.05600911288272 22.538088616866737)
2021-01-01 01:01:46,22.54213831132114,2021-01-01 01:23:51,113.94738852552995,fc41074b6aeafe138cbcc8**********,113.96188111609587,22.545302177094314,,POINT (113.96188111609587 22.54213831132114)
2021-01-01 01:02:04,22.574935406540835,2021-01-01 01:54:16,113.8368124448065,0e42a2e535b43547218798**********,113.86208672101766,22.604808642970344,,POINT (113.86208672101766 22.574935406540835)
2021-01-01 01:02:38,22.609010120280736,2021-01-01 01:09:28,114.11274532888233,0411e005f523f50a4a5d93**********,114.11250283135675,22.60292832103729,,POINT (114.11250283135675 22.609010120280736)
2021-01-01 01:03:03,22.49188894946661,2021-01-01 01:11:53,113.92466435928505,708c756e2615a49c40f232**********,113.91589890453018,22.494053998099762,,POINT (113.91589890453018 22.49188894946661)
2021-01-01 01:03:03,22.491872063699155,2021-01-01 01:11:53,113.92464747071041,2447a745a5b36b7212b12c**********,113.91588200893969,22.494037118953223,,POINT (113.91588200893969 22.491872063699155)
2021-01-01 01:03:23,22.542138816275514,2021-01-01 01:17:46,113.98136632451521,d26edb520280eb4c83bc08**********,113.96242167732797,22.53611979803039,,POINT (113.96242167732797 22.542138816275514)
2021-01-01 01:05:30,22.54050211007522,2021-01-01 01:11:25,113.96498609857566,2c5d454416245ec246ff63**********,113.96205567993469,22.541096704999962,,POINT (113.96205567993469 22.54050211007522)
2021-01-01 01:06:22,22.65837572659035,2021-01-01 01:15:06,114.05820731705901,db446577823280d282596b**********,114.0628210339184,22.66280108389365,,POINT (114.0628210339184 22.65837572659035)
2021-01-01 01:06:22,22.65828736424635,2021-01-01 01:15:06,114.05811890551107,f4f27f0283f46376aef214**********,114.06273260383438,22.662712739287894,,POINT (114.06273260383438 22.65828736424635)
2021-01-01 01:08:19,22.65119328736334,2021-01-01 01:38:07,114.05770971499035,f6a624db1913b959383db6**********,114.06805701680348,22.642515991372377,,POINT (114.06805701680348 22.65119328736334)
2021-01-01 01:08:35,22.524603211619468,2021-01-01 01:11:12,113.98794251855948,2527c6228baedde9d90ae4**********,113.98707570131698,22.52479755836589,,POINT (113.98707570131698 22.524603211619468)
2021-01-01 01:09:27,22.525353328089615,2021-01-01 01:20:57,113.94118368606753,3e1e33537187963706877c**********,113.94110613203506,22.5329637900548,,POINT (113.94110613203506 22.525353328089615)
2021-01-01 01:09:27,22.525298834642605,2021-01-01 01:20:57,113.94112916259999,efd5d9b0f744558a0a80a7**********,113.94105160838888,22.532909297321133,,POINT (113.94105160838888 22.525298834642605)
2021-01-01 01:10:07,22.541275087561598,2021-01-01 01:15:14,114.11985775703225,05c1ee762a986669e40e46**********,114.11692307559773,22.538903043208926,,POINT (114.11692307559773 22.541275087561598)
2021-01-01 01:10:07,22.54125236719121,2021-01-01 01:15:14,114.11983501656931,9136520b5e2a54dd7b5652**********,114.11690033756939,22.538880320477706,,POINT (114.11690033756939 22.54125236719121)
2021-01-01 01:10:57,22.57425776912597,2021-01-01 01:18:35,113.8694660247525,d2fa6b4df9edb4001e4bde**********,113.85757243855456,22.56888151898624,,POINT (113.85757243855456 22.57425776912597)
2021-01-01 01:11:46,22.540087623142174,2021-01-01 01:31:42,114.05926117850731,c0a6898d38be3b1d5f0d75**********,114.04787470726136,22.525958924139395,,POINT (114.04787470726136 22.540087623142174)
2021-01-01 01:11:57,22.730185731334867,2021-01-01 02:46:16,113.83786142025804,abb72e4bae1c8521ba929e**********,113.83762318203253,22.72994801961862,,POINT (113.83762318203253 22.730185731334867)
2021-01-01 01:12:04,22.53741400892288,2021-01-01 01:20:35,114.05074954866538,20d23b430ef505e0b27376**********,114.06279382868946,22.537612570800558,,POINT (114.06279382868946 22.53741400892288)
2021-01-01 01:12:04,22.537510573421653,2021-01-01 01:20:35,114.05084612133743,953b86b416530ec3e56e74**********,114.06289045265281,22.537709087400277,,POINT (114.06289045265281 22.537510573421653)
2021-01-01 01:13:07,22.536909272447645,2021-01-01 01:21:17,114.11305307711332,ef123bc48e49a91edb04ba**********,114.1123931880767,22.545705986452877,,POINT (114.1123931880767 22.536909272447645)
2021-01-01 01:13:55,22.540425812621287,2021-01-01 01:15:07,114.04693148235664,1dc886a45e12b655d6cd37**********,114.04769580161627,22.541751579560685,,POINT (114.04769580161627 22.540425812621287)
2021-01-01 01:14:05,22.586692180550077,2021-01-01 01:18:06,114.1129485678008,196a8d773c8eb3dd918304**********,114.11472636831883,22.58129948857229,,POINT (114.11472636831883 22.586692180550077)
2021-01-01 01:14:14,22.51815070644239,2021-01-01 02:12:03,113.88127452882904,aa30d6fdf5b5b25225bd85**********,113.92375763624557,22.498801689448253,,POINT (113.92375763624557 22.51815070644239)
2021-01-01 01:15:07,22.541689213699062,2021-01-01 01:17:39,114.0968851954259,f31f6dcd0cd21feccaa344**********,114.09121273043465,22.541154456774663,,POINT (114.09121273043465 22.541689213699062)
2021-01-01 01:15:07,22.54162822240087,2021-01-01 01:17:39,114.0968241447566,362d9c26aeefa9dc7a0a87**********,114.09115169588871,22.54109345034195,,POINT (114.09115169588871 22.54162822240087)
2021-01-01 01:15:59,22.53708136148859,2021-01-01 01:24:45,114.05754699551042,9808511cdab570dd72373d**********,114.05341846286325,22.533572993768068,,POINT (114.05341846286325 22.53708136148859)
2021-01-01 01:16:20,22.54311821275351,2021-01-01 02:00:40,113.8972561230378,362fabd8bec3f813b3f259**********,113.93830605272319,22.583293827356425,,POINT (113.93830605272319 22.54311821275351)
2021-01-01 01:17:06,22.558424109311456,2021-01-01 01:46:38,114.11633644794982,7a34667782e7b89ba0b2cb**********,114.06567001756375,22.563220067984748,,POINT (114.06567001756375 22.558424109311456)
2021-01-01 01:17:07,22.53823563960591,2021-01-01 02:09:54,114.08096766338375,f075640972117683af2b5c**********,114.05337554672718,22.541668490592297,,POINT (114.05337554672718 22.53823563960591)
2021-01-01 01:17:07,22.53819581128786,2021-01-01 02:09:54,114.08092776035103,3f114f467b63ce62ddade9**********,114.05333569495566,22.541628614579764,,POINT (114.05333569495566 22.53819581128786)
2021-01-01 01:19:20,22.521259097275003,2021-01-01 01:30:38,113.92852788363233,a47601d978208513922352**********,113.93837598111489,22.523642811950122,,POINT (113.93837598111489 22.521259097275003)
2021-01-01 01:19:54,22.538902049564797,2021-01-01 01:28:58,114.11293035116442,e7be45d9e2cd6e5254d085**********,114.11364339407714,22.544646157682546,,POINT (114.11364339407714 22.538902049564797)
2021-01-01 01:20:29,22.522233833638623,2021-01-01 01:25:28,113.93563020780617,74d6035dc8a8587ce6d8f9**********,113.9362986830522,22.52263901344975,,POINT (113.9362986830522 22.522233833638623)
2021-01-01 01:20:35,22.550576048584006,2021-01-01 01:32:00,114.09148486109123,2e1d146109df7511ab344e**********,114.08450772805965,22.541585250528577,,POINT (114.08450772805965 22.550576048584006)
2021-01-01 01:21:09,22.695390079707938,2021-01-01 01:33:49,113.96473559381779,bae39d0718fe83fda63ee7**********,113.96635076726916,22.70281067797951,,POINT (113.96635076726916 22.695390079707938)
2021-01-01 01:21:23,22.60413901667438,2021-01-01 01:24:43,114.03996619904696,a743f4824fa147cf999f22**********,114.04083558438484,22.608427631463456,,POINT (114.04083558438484 22.60413901667438)
2021-01-01 01:21:34,22.53272973318901,2021-01-01 01:30:58,114.03088731629381,f09a7b7bbcf49459f929dc**********,114.02151466177826,22.523007634376004,,POINT (114.02151466177826 22.53272973318901)
2021-01-01 01:21:43,22.656305999704042,2021-01-01 01:27:43,114.03206854617795,5476c5040c9f83aa114cac**********,114.02648112661589,22.663681054789187,,POINT (114.02648112661589 22.656305999704042)
2021-01-01 01:21:51,22.564224858792205,2021-01-01 01:23:33,114.06211158308456,145e3ea8b25f25d40260f0**********,114.06195981972537,22.563940705621597,,POINT (114.06195981972537 22.564224858792205)
2021-01-01 01:21:51,22.56419130834604,2021-01-01 01:23:33,114.06207801066377,1bf32908f25e9fa321f708**********,114.06192624753835,22.5639071549449,,POINT (114.06192624753835 22.56419130834604)
2021-01-01 01:23:00,22.515286784553172,2021-01-01 01:34:27,113.92383875717555,4111725e225aeb22fc42ba**********,113.92794030915442,22.505673744740022,,POINT (113.92794030915442 22.515286784553172)
2021-01-01 01:23:00,22.51529027963787,2021-01-01 01:34:27,113.92384225494206,67c0327f8e73a7de987cc3**********,113.9279438062566,22.50567724049139,,POINT (113.9279438062566 22.51529027963787)
2021-01-01 01:23:29,22.631167959189103,2021-01-01 01:25:49,114.0292492629814,b2eff6b38d38f1e071a82e**********,114.02682017204812,22.63179990465333,,POINT (114.02682017204812 22.631167959189103)
2021-01-01 01:25:00,22.543035097668305,2021-01-01 01:51:25,114.09727635734811,b32076a0766849633df0b4**********,114.09947468697835,22.561454423059686,,POINT (114.09947468697835 22.543035097668305)
2021-01-01 01:25:18,22.548540243896426,2021-01-01 01:47:18,113.95519080764085,32c0a07a64784bfacab15e**********,113.95543098474526,22.571085545437317,,POINT (113.95543098474526 22.548540243896426)
2021-01-01 01:26:14,22.522268051804026,2021-01-01 01:45:27,113.91732596228924,2bebaaef3b79079ad3c071**********,113.9342023293463,22.518697009815487,,POINT (113.9342023293463 22.522268051804026)
2021-01-01 01:27:25,22.635911275096163,2021-01-01 01:35:56,114.00890443725417,1ddec5544944e594bdb67c**********,114.0159429782895,22.638634254753644,,POINT (114.0159429782895 22.635911275096163)
2021-01-01 01:27:25,22.635907586320208,2021-01-01 01:35:56,114.00890074655224,67ffeef7fb35c648cfe64a**********,114.01593928718489,22.638630566364064,,POINT (114.01593928718489 22.635907586320208)
2021-01-01 01:27:27,22.53790457597491,2021-01-01 01:35:59,114.0743212998225,44b8db683f3b027e8ddb75**********,114.06436614550627,22.53961170697445,,POINT (114.06436614550627 22.53790457597491)
2021-01-01 01:27:27,22.537837965181136,2021-01-01 01:35:59,114.07425461619454,07a30c451cc211deca11d1**********,114.06429949335538,22.53954506693022,,POINT (114.06429949335538 22.537837965181136)
2021-01-01 01:27:34,22.55093651812908,2021-01-01 01:57:25,114.1023135342272,e5bd9cfa34f2b3974e9452**********,114.08395281834937,22.572396865747606,,POINT (114.08395281834937 22.55093651812908)
2021-01-01 01:27:43,22.527315976959102,2021-01-01 02:20:57,113.96707381442903,59a6210526dc376567e6bf**********,113.9877025510973,22.541102438716653,,POINT (113.9877025510973 22.527315976959102)
2021-01-01 01:29:49,22.543249117420572,2021-01-01 01:50:39,113.94976949279133,b4f0f361884f2691fa5c97**********,113.96113871844486,22.576225365319885,,POINT (113.96113871844486 22.543249117420572)
2021-01-01 01:32:43,22.523866023996217,2021-01-01 02:04:40,114.01728680455355,5da2340d0f45460110952a**********,113.98611821072485,22.52902098312115,,POINT (113.98611821072485 22.523866023996217)
2021-01-01 01:33:08,22.629341242704374,2021-01-01 01:40:32,114.0673952835405,6899d1246a38b2ccfc2722**********,114.05758405737333,22.630116312145997,,POINT (114.05758405737333 22.629341242704374)
2021-01-01 01:33:08,22.62926457648856,2021-01-01 01:40:32,114.06731852779758,6e7dd60a5d634bde0be8ea**********,114.05750733622449,22.630039613724964,,POINT (114.05750733622449 22.62926457648856)
2021-01-01 01:33:13,22.523866023996217,2021-01-01 02:51:21,113.91437915322028,a06fc0988fd80b9289745c**********,113.98611821072485,22.52721888900972,,POINT (113.98611821072485 22.523866023996217)
2021-01-01 01:34:57,22.641035504220742,2021-01-01 01:39:48,114.03882940410443,32465c31877d0033f6d9c0**********,114.03942317728735,22.643288360806828,,POINT (114.03942317728735 22.641035504220742)
2021-01-01 01:34:58,22.53230089990234,2021-01-01 01:44:18,114.00901838013263,0cc463e8a1f815e76934de**********,114.01932039099097,22.53644433059143,,POINT (114.01932039099097 22.53230089990234)
2021-01-01 01:35:23,22.525835347375363,2021-01-01 01:57:54,113.91367032043796,560297892f816fda2ea586**********,113.92270959454498,22.533078833507204,,POINT (113.92270959454498 22.525835347375363)
2021-01-01 01:35:23,22.52577481947804,2021-01-01 01:57:54,113.91360972971566,831c3e007b07fe2d257016**********,113.9226490299309,22.53301828173577,,POINT (113.9226490299309 22.52577481947804)
2021-01-01 01:35:43,22.510390905172322,2021-01-01 01:57:06,113.92014381123238,7b4949d9d6296ada84ed47**********,113.92745595368116,22.496649504721237,,POINT (113.92745595368116 22.510390905172322)
2021-01-01 01:35:58,22.527700010404317,2021-01-01 01:59:36,114.02514808428843,1c8c267c85bb506d2a78f7**********,113.99566842789562,22.5232153643128,,POINT (113.99566842789562 22.527700010404317)
2021-01-01 01:36:49,22.53945850552827,2021-01-01 01:39:18,114.05744097220396,b042be08f89bd565bfa5c6**********,114.05896809009408,22.536880390461185,,POINT (114.05896809009408 22.53945850552827)
2021-01-01 01:37:17,22.51444029823121,2021-01-01 01:56:38,113.91528513919974,a5d921d394dcf53b86ec45**********,113.94127127150645,22.516129902732807,,POINT (113.94127127150645 22.51444029823121)
2021-01-01 01:37:17,22.514368737537996,2021-01-01 01:56:38,113.9152134557149,f733eb3c33ced8b59b1784**********,113.94119967221742,22.51605826337348,,POINT (113.94119967221742 22.514368737537996)
2021-01-01 01:37:37,22.625032304226455,2021-01-01 01:48:22,114.04044628121761,95ce4cfd0f0920262770d1**********,114.0343910999076,22.60975901246096,,POINT (114.0343910999076 22.625032304226455)
2021-01-01 01:38:38,22.544192263288952,2021-01-01 02:16:12,114.09416511489015,43e905c949213496defcb3**********,114.07633369894329,22.568200555475595,,POINT (114.07633369894329 22.544192263288952)
2021-01-01 01:41:37,22.53896256711754,2021-01-01 01:57:31,114.04992458331576,2d22ec91269af563457380**********,114.06835753031606,22.537999012420567,,POINT (114.06835753031606 22.53896256711754)
2021-01-01 01:44:12,22.541149982058514,2021-01-01 02:21:56,113.94835289753264,25ac0f7a649c7c524830a9**********,113.96696110889482,22.54077363346728,,POINT (113.96696110889482 22.541149982058514)
2021-01-01 01:44:12,22.54112156104868,2021-01-01 02:21:56,113.948324445426,406ce60de734429fb64bb0**********,113.96693267310356,22.54074519718221,,POINT (113.96693267310356 22.54112156104868)
2021-01-01 01:45:35,22.64203531846107,2021-01-01 02:01:27,114.18742498755826,9cc2182bbb01519cff1330**********,114.1873728059485,22.642196268186105,,POINT (114.1873728059485 22.64203531846107)
2021-01-01 01:45:40,22.61838549478624,2021-01-01 01:51:16,114.14996913993042,e4f97da5df08c75914954c**********,114.15314526431426,22.62227524952118,,POINT (114.15314526431426 22.61838549478624)
2021-01-01 01:46:34,22.525677674083408,2021-01-01 01:57:27,114.04129345088242,62e4ff44baa377a4551f5b**********,114.04835199442356,22.526189561636514,,POINT (114.04835199442356 22.525677674083408)
2021-01-01 01:48:13,22.540962166281915,2021-01-01 02:04:02,114.08153890613103,ac3afe3fe4123071127f81**********,114.09828234494123,22.542532256152622,,POINT (114.09828234494123 22.540962166281915)
2021-01-01 01:48:22,22.524600271125117,2021-01-01 02:07:48,113.9621061947285,6f97caddcb95a3a4f97acb**********,113.98702282433968,22.528894028412257,,POINT (113.98702282433968 22.524600271125117)
2021-01-01 01:48:22,22.52459279397282,2021-01-01 02:07:48,113.96209871068173,e3f8caa62eb7728b55e30b**********,113.98701534361018,22.528886548196272,,POINT (113.98701534361018 22.52459279397282)
2021-01-01 01:48:34,22.539347409012052,2021-01-01 02:01:17,114.08751909266508,71026ba4f9d179e5f2b682**********,114.07357658351111,22.54114463995966,,POINT (114.07357658351111 22.539347409012052)
2021-01-01 01:48:52,22.530175808488867,2021-01-01 02:02:51,113.99131097040834,12760911ab00220c7ec7b2**********,113.97218967386404,22.534697762284054,,POINT (113.97218967386404 22.530175808488867)
2021-01-01 01:51:18,22.543583550541882,2021-01-01 02:13:22,114.12962478652076,d4be5c6a1c9895b00bc22d**********,114.0883387044579,22.555369762921814,,POINT (114.0883387044579 22.543583550541882)
2021-01-01 01:52:29,22.533533450394025,2021-01-01 02:18:33,114.07109282806071,20a7f2ec91d0b280d851f5**********,114.06093437731721,22.53024298073384,,POINT (114.06093437731721 22.533533450394025)
2021-01-01 01:52:29,22.533505491783203,2021-01-01 02:18:33,114.07106483924032,30cd1ca49a2098b7633b21**********,114.06090640179667,22.530215009581156,,POINT (114.06090640179667 22.533505491783203)
2021-01-01 01:52:35,22.517116728241863,2021-01-01 02:38:18,113.95143800000493,513b0d37a73f3afbe5636a**********,113.93997623934703,22.538185144761968,,POINT (113.93997623934703 22.517116728241863)
2021-01-01 01:52:35,22.517071514195766,2021-01-01 02:38:18,113.95139278113466,24451cb86a2b69ffa5afff**********,113.93993100060261,22.538139950562645,,POINT (113.93993100060261 22.517071514195766)
2021-01-01 01:53:02,22.616052480397087,2021-01-01 02:01:41,114.03407204601491,19fa438f99c3837df2c4ce**********,114.03487903733055,22.626747114152376,,POINT (114.03487903733055 22.616052480397087)
2021-01-01 01:53:47,22.537324072852897,2021-01-01 02:04:21,114.06755089675335,ebc2fec061391b890b20ba**********,114.04947790746077,22.53870245736145,,POINT (114.04947790746077 22.537324072852897)
2021-01-01 01:53:57,22.52403192963344,2021-01-01 02:33:43,113.91822145511783,a604157c3b9d8284614848**********,113.93946579558768,22.52628754571753,,POINT (113.93946579558768 22.52403192963344)
2021-01-01 01:54:13,22.531166393707892,2021-01-01 02:10:28,114.00247817950961,3e2c72c48b8afda7e0dea3**********,113.99449948443949,22.53614384897345,,POINT (113.99449948443949 22.531166393707892)
2021-01-01 01:55:09,22.55351104543161,2021-01-01 01:58:43,114.10766763643093,7dc8b2318dd568bf49b8a0**********,114.10405831077576,22.54929461979691,,POINT (114.10405831077576 22.55351104543161)
2021-01-01 01:56:54,22.568196849527187,2021-01-01 02:51:03,113.882385199368,653ae04d635d6366ff2bd0**********,113.89391034853803,22.57087101016539,,POINT (113.89391034853803 22.568196849527187)
2021-01-01 01:56:54,22.56814044730662,2021-01-01 02:51:03,113.8823287263434,7715a3d75dd54e0184a151**********,113.8938539041698,22.570814581210016,,POINT (113.8938539041698 22.56814044730662)
2021-01-01 01:57:30,22.524873584125878,2021-01-01 02:21:02,113.918023497625,f0efbf99a1a193c69a1fe2**********,113.94551899731853,22.5279969893999,,POINT (113.94551899731853 22.524873584125878)
2021-01-01 01:57:30,22.5249073126081,2021-01-01 02:21:02,113.9180572853187,0dbfc177a0429b95074dea**********,113.94555274409217,22.528030756044178,,POINT (113.94555274409217 22.5249073126081)
2021-01-01 01:57:48,22.539796467072158,2021-01-01 02:00:04,114.06305593944114,97b856c7926a728344a379**********,114.06195987316089,22.539884321751842,,POINT (114.06195987316089 22.539796467072158)
2021-01-01 01:57:48,22.539702003686006,2021-01-01 02:00:04,114.06296141310193,bb68428d9b20a5c9b5cb44**********,114.06186535158561,22.53978985392887,,POINT (114.06186535158561 22.539702003686006)
2021-01-01 01:58:22,22.539577276891,2021-01-01 02:25:58,114.07160197113403,8371c2bad58cb8db8309bc**********,114.05466707741778,22.527378427873394,,POINT (114.05466707741778 22.539577276891)
2021-01-01 01:58:22,22.539636772919447,2021-01-01 02:25:58,114.07166154891236,52ec3f43097359d8f4344e**********,114.05472660881784,22.527437968163262,,POINT (114.05472660881784 22.539636772919447)
2021-01-01 01:58:49,22.541160989074655,2021-01-01 02:06:53,114.12036864440078,d0363964a880b37a3b9255**********,114.11693810912907,22.544140950672688,,POINT (114.11693810912907 22.541160989074655)
2021-01-01 01:58:49,22.541139069407006,2021-01-01 02:06:53,114.12034670496438,825a3cbcb1a0aa2ddabb32**********,114.11691617242835,22.544119028519173,,POINT (114.11691617242835 22.541139069407006)
2021-01-01 02:00:05,22.547221839030026,2021-01-01 02:03:33,114.06585395258388,d80d488865bffe5a573fb9**********,114.05714077028139,22.547498654622583,,POINT (114.05714077028139 22.547221839030026)
2021-01-01 02:00:05,22.54718260408724,2021-01-01 02:03:33,114.06581467802773,a347508a52ddba14da5e36**********,114.05710151134625,22.547459405111344,,POINT (114.05710151134625 22.54718260408724)
2021-01-01 02:00:05,22.547221839030026,2021-01-01 02:03:33,114.06585395258388,417769f7d8122513ece2a4**********,114.05714077028139,22.547498654622583,,POINT (114.05714077028139 22.547221839030026)
2021-01-01 02:01:54,22.517993637394163,2021-01-01 02:10:25,113.92108796478178,409a43545ae78cebf34e1b**********,113.92489877333668,22.511974381079312,,POINT (113.92489877333668 22.517993637394163)
2021-01-01 02:01:54,22.517905949303646,2021-01-01 02:10:25,113.92100020927008,0fffad0b3ec2f7fa5a4ce3**********,113.92481103353002,22.51188667758102,,POINT (113.92481103353002 22.517905949303646)
2021-01-01 02:02:16,22.53984132248121,2021-01-01 02:09:16,114.02243558570436,4412b76882af37bf7daf00**********,114.01864208150606,22.53866765331218,,POINT (114.01864208150606 22.53984132248121)
2021-01-01 02:03:31,22.538732481537615,2021-01-01 02:53:59,114.01193552259068,9c7fb64e82e95be44b95f7**********,114.04758010189485,22.542851187832454,,POINT (114.04758010189485 22.538732481537615)
2021-01-01 02:03:31,22.53877679184949,2021-01-01 02:53:59,114.0119798129638,5bd824738f799b12f89744**********,114.04762443762719,22.542895455624308,,POINT (114.04762443762719 22.53877679184949)
2021-01-01 02:04:23,22.54151060403293,2021-01-01 02:30:15,113.96803251362923,6c5ea21c3e0f89bebdd91e**********,113.98690639198252,22.540840328090542,,POINT (113.98690639198252 22.54151060403293)
2021-01-01 02:04:23,22.54147760557944,2021-01-01 02:30:15,113.96799948903838,9dfeef4e073bf08f9764ea**********,113.98687337701122,22.54080732059956,,POINT (113.98687337701122 22.54147760557944)
2021-01-01 02:07:36,22.553319466364776,2021-01-01 02:28:19,114.09900066853935,37521221b31371e8a45f36**********,114.11839102487623,22.563808113890268,,POINT (114.11839102487623 22.553319466364776)
2021-01-01 02:07:42,22.560727801981567,2021-01-01 02:34:00,113.86038113853208,bb2cd326296f0b734a5ff5**********,113.87948343444305,22.57092835292214,,POINT (113.87948343444305 22.560727801981567)
2021-01-01 02:08:51,22.539588963155595,2021-01-01 02:18:44,114.0561840876672,4d5e2c04e8acd533e49e65**********,114.05230019372583,22.53971029570263,,POINT (114.05230019372583 22.539588963155595)
2021-01-01 02:08:51,22.539510607733426,2021-01-01 02:18:44,114.05610567306466,01c9f059b5075bf00b50bd**********,114.05222179226811,22.53963192802581,,POINT (114.05222179226811 22.539510607733426)
2021-01-01 02:09:13,22.542599637501315,2021-01-01 02:29:51,114.11656728440407,b1b16f3282b75b8c136c8c**********,114.11350712461125,22.54906086380932,,POINT (114.11350712461125 22.542599637501315)
2021-01-01 02:09:16,22.535342487474527,2021-01-01 02:17:19,114.02032007087118,ee8a1f7795ac73198e5534**********,114.02113626698433,22.532387930956745,,POINT (114.02113626698433 22.535342487474527)
2021-01-01 02:10:52,22.517222018228406,2021-01-01 02:43:00,113.90990669849702,fed67373e943ce11493968**********,113.93996386865891,22.490644027293232,,POINT (113.93996386865891 22.517222018228406)
2021-01-01 02:11:53,22.646317645193456,2021-01-01 02:17:53,114.0432853844105,da17b965841769945188ed**********,114.03871543234926,22.644420784969427,,POINT (114.03871543234926 22.646317645193456)
2021-01-01 02:12:07,22.53883500608432,2021-01-01 02:26:23,114.06396975214682,609d4f420e3ee32d8eb6a9**********,114.04756452680182,22.53782997072361,,POINT (114.04756452680182 22.53883500608432)
2021-01-01 02:14:51,22.633392399387567,2021-01-01 02:25:55,114.05868208883385,29680eb69b240bdcf30466**********,114.05129143392404,22.624305260069132,,POINT (114.05129143392404 22.633392399387567)
2021-01-01 02:14:51,22.633355273776633,2021-01-01 02:25:55,114.0586449251707,e25202d9a0580f2f8efd6c**********,114.05125428220269,22.62426812291327,,POINT (114.05125428220269 22.633355273776633)
2021-01-01 02:17:49,22.582639511968008,2021-01-01 03:19:32,113.94433401770776,f0ce8aa03247eb3f663914**********,113.88766447668189,22.56028219801766,,POINT (113.88766447668189 22.582639511968008)
2021-01-01 02:17:49,22.58268312429569,2021-01-01 03:19:32,113.9443775510156,baca7fdaf1c2b74c0c75a9**********,113.88770812314782,22.560325705589317,,POINT (113.88770812314782 22.58268312429569)
2021-01-01 02:18:43,22.53117823524244,2021-01-01 02:51:14,114.01966201544728,15e5a5e8d266f6e966633d**********,113.9944823472114,22.532443878829486,,POINT (113.9944823472114 22.53117823524244)
2021-01-01 02:18:43,22.531273042157714,2021-01-01 02:51:14,114.01975689415588,fd9e137475da0a1732d62b**********,113.99457720016217,22.53253870952536,,POINT (113.99457720016217 22.531273042157714)
2021-01-01 02:19:33,22.526347230945987,2021-01-01 02:47:43,114.01447042877783,1ab676769fe24744d891a1**********,113.98814553778284,22.53130579628649,,POINT (113.98814553778284 22.526347230945987)
2021-01-01 02:19:33,22.52628093413425,2021-01-01 02:47:43,114.01440409029998,035a2b9023995dade8f3c4**********,113.98807920913279,22.531239490809995,,POINT (113.98807920913279 22.52628093413425)
2021-01-01 02:21:14,22.524879205998207,2021-01-01 02:35:45,113.92561654791396,bbb2a39c8f8ded8dcde314**********,113.94529140036798,22.513160395744663,,POINT (113.94529140036798 22.524879205998207)
2021-01-01 02:21:27,22.543020231162004,2021-01-01 03:03:31,114.13480630465976,377d0a9ed826b08e564baf**********,114.11515923571889,22.54625178950447,,POINT (114.11515923571889 22.543020231162004)
2021-01-01 02:21:27,22.542988204533735,2021-01-01 03:03:31,114.13477423285353,2f4454ee5ae7c75ccd15d7**********,114.11512718425374,22.54621974384284,,POINT (114.11512718425374 22.542988204533735)
2021-01-01 02:22:19,22.5402781135316,2021-01-01 02:55:21,113.95459561038457,08ae6fdd00f928a0db3f31**********,113.96896298384833,22.54857696311059,,POINT (113.96896298384833 22.5402781135316)
2021-01-01 02:22:30,22.540269921890577,2021-01-01 02:50:43,113.95502444017686,2a57c278d17bc1688fe738**********,113.96922435776612,22.54886678734809,,POINT (113.96922435776612 22.540269921890577)
2021-01-01 02:23:12,22.537339000988467,2021-01-01 02:34:48,113.97300102844187,8448bfce8b135d78ce9b54**********,113.96201930656129,22.54058274539239,,POINT (113.96201930656129 22.537339000988467)
2021-01-01 02:23:12,22.537263800487978,2021-01-01 02:34:48,113.97292580814833,ecb963add11158d1513e09**********,113.96194406670402,22.540507563514797,,POINT (113.96194406670402 22.537263800487978)
2021-01-01 02:25:54,22.523297869020773,2021-01-01 02:34:10,114.0677016964117,9ee59bb79ee3283b671c93**********,114.060217216368,22.519759575925033,,POINT (114.060217216368 22.523297869020773)
2021-01-01 02:25:54,22.523260524941712,2021-01-01 02:34:10,114.06766431737222,b4e140e8e4346f1a77ef2c**********,114.06017985028839,22.519722219568592,,POINT (114.06017985028839 22.523260524941712)
2021-01-01 02:27:11,22.584045698336816,2021-01-01 02:54:44,113.97569731689784,69aa5fc52736e24843e3ae**********,113.94153043887661,22.56360256912326,,POINT (113.94153043887661 22.584045698336816)
2021-01-01 02:27:39,22.539221371699085,2021-01-01 03:42:19,113.96065503613403,8b1ce073cf47234a80634f**********,113.96196146611574,22.521823130424565,,POINT (113.96196146611574 22.539221371699085)
2021-01-01 02:27:39,22.539257974502934,2021-01-01 03:42:19,113.96069165955703,fab84d0d3cefa6ac523bf0**********,113.9619980881688,22.521859735345586,,POINT (113.9619980881688 22.539257974502934)
2021-01-01 02:29:09,22.539326222156927,2021-01-01 02:45:19,114.04685307891786,21a4ca9c77c9f4b40fbc37**********,114.06335925202283,22.52568530739788,,POINT (114.06335925202283 22.539326222156927)
2021-01-01 02:29:09,22.539379348723248,2021-01-01 02:45:19,114.04690620038419,efbbfb1abe94a62b04003f**********,114.06341241152441,22.525738399418326,,POINT (114.06341241152441 22.539379348723248)
2021-01-01 02:29:16,22.536635129656347,2021-01-01 02:53:57,114.04133995190938,86f43db18116f385a5c5c7**********,114.05338801673565,22.55129725793378,,POINT (114.05338801673565 22.536635129656347)
2021-01-01 02:29:18,22.540095215516654,2021-01-01 03:00:09,114.01034843472563,b2530b76412cb4783f4324**********,114.05120653761641,22.55248553957079,,POINT (114.05120653761641 22.540095215516654)
2021-01-01 02:30:15,22.530894560978457,2021-01-01 03:26:09,114.03664396164186,688ef6315c1b6f2c84b9c0**********,113.99300817929426,22.548593419371084,,POINT (113.99300817929426 22.530894560978457)
2021-01-01 02:30:15,22.530932443942724,2021-01-01 03:26:09,114.03668189119706,5004ccd0e9d3d86a3d7426**********,113.99304608063937,22.54863132772134,,POINT (113.99304608063937 22.530932443942724)
2021-01-01 02:32:10,22.535640382373106,2021-01-01 03:16:13,114.03931490618154,0b600a906de434668bfeab**********,114.01924586445743,22.52244853286267,,POINT (114.01924586445743 22.535640382373106)
2021-01-01 02:32:55,22.528922166453913,2021-01-01 03:15:13,113.91515487024198,2b4a5973ca92843b247f24**********,113.9405056821802,22.508526846944182,,POINT (113.9405056821802 22.528922166453913)
2021-01-01 02:33:09,22.531118058871108,2021-01-01 02:41:20,114.04727085285654,28252dd0778e1da85facc7**********,114.04693453028942,22.521515071045446,,POINT (114.04693453028942 22.531118058871108)
2021-01-01 02:35:14,22.58602570136598,2021-01-01 02:38:32,113.88836508326473,808f9f66deebda25576cc7**********,113.8895181690946,22.588545676520052,,POINT (113.8895181690946 22.58602570136598)
2021-01-01 02:35:14,22.58605710769103,2021-01-01 02:38:32,113.88839651576644,421c79536824eb38b658f0**********,113.88954959998628,22.588577084256418,,POINT (113.88954959998628 22.58605710769103)
2021-01-01 02:35:49,22.53156504711657,2021-01-01 03:27:39,114.10456294714098,4f0134167fe5e64360534a**********,114.06380820934199,22.558324204808777,,POINT (114.06380820934199 22.53156504711657)
2021-01-01 02:35:59,22.547055424109008,2021-01-01 02:57:29,113.94923356527285,1377563fd3f02113af725d**********,113.95488308702559,22.582653985877457,,POINT (113.95488308702559 22.547055424109008)
2021-01-01 02:36:11,22.531298859358632,2021-01-01 03:27:35,114.10473848796339,07d4d2fb0bedf0233e2f66**********,114.06360243699825,22.558897242633197,,POINT (114.06360243699825 22.531298859358632)
2021-01-01 02:36:59,22.539397320247577,2021-01-01 02:55:56,114.04449362141884,db655eec99addd3a0f7ebb**********,114.05091569441285,22.551876182668302,,POINT (114.05091569441285 22.539397320247577)
2021-01-01 02:39:20,22.530894932598656,2021-01-01 04:15:54,113.85156251308274,9d7be8ebbec76e475a3093**********,113.9148463973424,22.589697801755623,,POINT (113.9148463973424 22.530894932598656)
2021-01-01 02:39:20,22.53086685639073,2021-01-01 04:15:54,113.85153434797864,3571dd19184959c53e58ca**********,113.9148183032552,22.589669660847917,,POINT (113.9148183032552 22.53086685639073)
2021-01-01 02:40:03,22.5362281105252,2021-01-01 03:12:37,114.04109501574882,685dfb20d6027c2bd91536**********,114.02148775508554,22.531247445616465,,POINT (114.02148775508554 22.5362281105252)
2021-01-01 02:41:26,22.53734064838617,2021-01-01 03:19:56,114.04280631716455,d1ecb5800dff028eb27c36**********,114.05749558948133,22.5105541570388,,POINT (114.05749558948133 22.53734064838617)
2021-01-01 02:41:29,22.52565369974459,2021-01-01 02:47:29,113.93309387341903,3f08ff24f2632e8ecbb94e**********,113.9293736101434,22.53236489699636,,POINT (113.9293736101434 22.52565369974459)
2021-01-01 02:45:00,22.568932183380785,2021-01-01 02:51:23,113.85848140061435,87c7ae6ea2f24464f8f235**********,113.86313381851254,22.57502661060208,,POINT (113.86313381851254 22.568932183380785)
2021-01-01 02:45:00,22.56900917438799,2021-01-01 02:51:23,113.85855846516633,04a184e388caff8f5e0019**********,113.86321087248818,22.575103611032905,,POINT (113.86321087248818 22.56900917438799)
2021-01-01 02:45:54,22.526180346131582,2021-01-01 03:06:20,113.96197402832863,500ab52b9a61f317785e94**********,113.98802698712556,22.53563909324792,,POINT (113.98802698712556 22.526180346131582)
2021-01-01 02:47:29,22.50888029168509,2021-01-01 02:49:03,113.920137457022,823bdf5c53dc724365e04e**********,113.91941151098541,22.510393410978345,,POINT (113.91941151098541 22.50888029168509)
2021-01-01 02:47:29,22.508957812199895,2021-01-01 02:49:03,113.92021502089268,4a9dc8391dadf6fcb068b3**********,113.91948907753232,22.510470928830376,,POINT (113.91948907753232 22.508957812199895)
2021-01-01 02:50:53,22.537100439428073,2021-01-01 03:05:57,114.08798410419186,90c7438369ca94f5c84a33**********,114.07386658983656,22.5487574703882,,POINT (114.07386658983656 22.537100439428073)
2021-01-01 02:52:16,22.541803869141173,2021-01-01 03:09:05,113.95904137682874,1369430b77f358f108c8cb**********,113.96196334773917,22.56521172671062,,POINT (113.96196334773917 22.541803869141173)
2021-01-01 02:53:28,22.54040678254387,2021-01-01 02:59:11,114.04830305896579,5eb606c2ce25b7c76ded90**********,114.04784457788034,22.540450927574497,,POINT (114.04784457788034 22.54040678254387)
2021-01-01 02:55:09,22.534211422875938,2021-01-01 03:08:36,114.02963119317549,1136e27cd9a351544ab45b**********,114.04228509308837,22.52208860270283,,POINT (114.04228509308837 22.534211422875938)
2021-01-01 02:55:52,22.534160588642642,2021-01-01 03:23:18,113.93527149825893,aafbbac489dc7759c6415e**********,113.96178263709749,22.53598306537939,,POINT (113.96178263709749 22.534160588642642)
2021-01-01 02:56:09,22.538010777684114,2021-01-01 03:06:03,113.96395914137273,a91174848fdb71c858f991**********,113.96245937198101,22.544497556438678,,POINT (113.96245937198101 22.538010777684114)
2021-01-01 02:57:56,22.530365140803884,2021-01-01 02:59:17,114.04663242623927,065e55947211cc3de16b11**********,114.04670602280233,22.53130549222114,,POINT (114.04670602280233 22.530365140803884)
2021-01-01 02:59:15,22.535512252576577,2021-01-01 03:08:07,114.05015433059788,dc0f4cc7830f13d0d5b681**********,114.0590671785243,22.537193058938197,,POINT (114.0590671785243 22.535512252576577)
2021-01-01 02:59:15,22.535555185575753,2021-01-01 03:08:07,114.05019727286813,2e517f1f2f7bda40448047**********,114.0591101373691,22.53723597637397,,POINT (114.0591101373691 22.535555185575753)
2021-01-01 02:59:54,22.532034703898475,2021-01-01 03:16:54,114.01992023663686,3c15805a3860a4264e806e**********,114.0181480808101,22.532810100768504,,POINT (114.0181480808101 22.532034703898475)
2021-01-01 02:59:54,22.532091939674455,2021-01-01 03:16:54,114.01997750336733,762c4a9421513bec241d06**********,114.0182053454073,22.532867338473313,,POINT (114.0182053454073 22.532091939674455)
2021-01-01 03:00:35,22.547998429593946,2021-01-01 03:24:31,114.06409228105494,205b774cdc02d94e4abc8f**********,114.07165392048724,22.533372476909737,,POINT (114.07165392048724 22.547998429593946)
2021-01-01 03:02:06,22.492440312904826,2021-01-01 03:20:28,113.92255724465056,7092f5a47ba5008a1ab1ee**********,113.91891569333828,22.50839073205748,,POINT (113.91891569333828 22.492440312904826)
2021-01-01 03:02:42,22.540466400874294,2021-01-01 03:26:22,114.05311773540757,240a004b42739708746e67**********,114.04933851555586,22.52591868808123,,POINT (114.04933851555586 22.540466400874294)
2021-01-01 03:09:47,22.53543060469668,2021-01-01 03:29:32,114.11359789173024,d0c2ba5f0123e365294398**********,114.11129520155339,22.537654564133373,,POINT (114.11129520155339 22.53543060469668)
2021-01-01 03:12:13,22.597225992220256,2021-01-01 03:19:28,114.10894791891626,06924ac02e587486a18ea0**********,114.10772712845669,22.601643266150372,,POINT (114.10772712845669 22.597225992220256)
2021-01-01 03:13:18,22.523093620357084,2021-01-01 04:22:56,114.10048151466401,2fa628874703ed3d83efd3**********,114.0483815326155,22.552959303504093,,POINT (114.0483815326155 22.523093620357084)
2021-01-01 03:14:31,22.547314394754576,2021-01-01 03:29:18,114.06066699015102,9c6e1e26c21fee6f17166a**********,114.06093536804183,22.564126151558952,,POINT (114.06093536804183 22.547314394754576)
2021-01-01 03:14:31,22.547372907176307,2021-01-01 03:29:18,114.06072553831038,5701d90acf29a6f8fa42fd**********,114.06099391692268,22.564184662027202,,POINT (114.06099391692268 22.547372907176307)
2021-01-01 03:18:25,22.610056782809863,2021-01-01 03:27:12,114.1179723700046,f16fe404fb41935ea39b5e**********,114.11283776081136,22.612846140885324,,POINT (114.11283776081136 22.610056782809863)
2021-01-01 03:18:51,22.53125531367859,2021-01-01 03:39:47,113.98702985053326,ceb95601591115ba8df8ab**********,114.00393896889919,22.524696276088896,,POINT (114.00393896889919 22.53125531367859)
2021-01-01 03:18:51,22.531211148736645,2021-01-01 03:39:47,113.9869856643542,b7e326553f93a9c95628ac**********,114.00389478238763,22.524652111043867,,POINT (114.00389478238763 22.531211148736645)
2021-01-01 03:20:03,22.53544739014916,2021-01-01 03:44:02,114.0108560610836,2de6aef0a75850a251bec9**********,114.02019755908383,22.55232886969177,,POINT (114.02019755908383 22.53544739014916)
2021-01-01 03:22:18,22.521143933035418,2021-01-01 03:43:57,113.93014512187295,e017e895e18d4f3da7b3a5**********,113.92768398389968,22.53125030526741,,POINT (113.92768398389968 22.521143933035418)
2021-01-01 03:23:52,22.536055866594012,2021-01-01 03:42:24,114.04554131932242,2c991bf4c901e2159d6603**********,114.02125294004225,22.533047798822615,,POINT (114.02125294004225 22.536055866594012)
2021-01-01 03:26:23,22.54342127770957,2021-01-01 04:09:19,113.94711897435937,6751b419494c76bb1ec762**********,113.96316579242804,22.569035318324833,,POINT (113.96316579242804 22.54342127770957)
2021-01-01 03:27:23,22.538007431040096,2021-01-01 03:37:33,114.05581561836918,8b638aa2ba3799ed2ccd32**********,114.05571655135397,22.537545554977893,,POINT (114.05571655135397 22.538007431040096)
2021-01-01 03:28:08,22.571379704573793,2021-01-01 03:41:23,113.94327092117149,f0e70520a3983a25dcdb68**********,113.94363150477712,22.58556009083378,,POINT (113.94363150477712 22.571379704573793)
2021-01-01 03:33:47,22.645397644472194,2021-01-01 03:58:32,114.0339542305296,79561f0ca1c3f692ef0b7e**********,114.00931249809929,22.619952776337584,,POINT (114.00931249809929 22.645397644472194)
2021-01-01 03:37:02,22.534555316823845,2021-01-01 03:44:40,114.0406589396919,9ca581cb2fbd5a061a66ca**********,114.04389552721736,22.52867326940235,,POINT (114.04389552721736 22.534555316823845)
2021-01-01 03:42:45,22.529987255870193,2021-01-01 03:55:26,113.91520546014429,9b155201381266245e1002**********,113.92207444482652,22.541525066749838,,POINT (113.92207444482652 22.529987255870193)
2021-01-01 03:45:32,22.53065296827391,2021-01-01 03:52:50,114.04234513420364,9383d94ab79cf90fab9655**********,114.040459520967,22.52319332749279,,POINT (114.040459520967 22.53065296827391)
2021-01-01 03:45:32,22.530674718925653,2021-01-01 03:52:50,114.04236689822008,3d05dcc192de42504995a8**********,114.04048128346967,22.5232150797701,,POINT (114.04048128346967 22.530674718925653)
2021-01-01 03:48:53,22.542123801267195,2021-01-01 03:53:17,114.08244343936119,fbec6957bcb9fc4850dcaf**********,114.08432679337487,22.546213277251006,,POINT (114.08432679337487 22.542123801267195)
2021-01-01 03:52:53,22.536313748806997,2021-01-01 04:02:42,114.00724700169737,1e55fb92db21da03b8baa1**********,114.0192445438648,22.536900863264506,,POINT (114.0192445438648 22.536313748806997)
2021-01-01 03:53:37,22.537649620156138,2021-01-01 03:56:48,114.07642764643892,96d0e4ecc27630050776b7**********,114.07398097139236,22.533841748104557,,POINT (114.07398097139236 22.537649620156138)
2021-01-01 03:54:06,22.529572278766658,2021-01-01 03:58:28,114.04098739167407,ea236f7fe65963076191b2**********,114.04519007293675,22.524330800408112,,POINT (114.04519007293675 22.529572278766658)
2021-01-01 03:57:08,22.53764335398663,2021-01-01 04:49:35,114.08951617691692,97b73064074c4dc2b01f8f**********,114.04981752478696,22.53920879238121,,POINT (114.04981752478696 22.53764335398663)
2021-01-01 04:00:02,22.532212758267836,2021-01-01 04:06:48,113.9926702336384,3c8ba8d93522947808c0f9**********,113.99073851033324,22.541840347874626,,POINT (113.99073851033324 22.532212758267836)
2021-01-01 04:02:05,22.55197305429585,2021-01-01 04:10:31,114.08687432668877,5252f1f75d830ad1106f92**********,114.07833471451517,22.546684510928483,,POINT (114.07833471451517 22.55197305429585)
2021-01-01 04:06:42,22.532064109619483,2021-01-01 04:26:25,114.03442232173241,52d362d023c8f2b6d35ffb**********,114.01826976912545,22.52497951856756,,POINT (114.01826976912545 22.532064109619483)
2021-01-01 04:16:11,22.58406203616844,2021-01-01 04:34:10,113.88805254115678,cded1d2be3657c4ff6354f**********,113.89454709671878,22.57425811690859,,POINT (113.89454709671878 22.58406203616844)
2021-01-01 04:19:42,22.52319411621561,2021-01-01 05:04:48,113.92453609195043,23edaa8f6692f5ab66512f**********,113.91784273421906,22.512211523522474,,POINT (113.91784273421906 22.52319411621561)
2021-01-01 04:23:44,22.57536727195459,2021-01-01 04:33:18,113.86854788368487,91d469a2339c839a6fc141**********,113.87093590043438,22.56990116135998,,POINT (113.87093590043438 22.57536727195459)
2021-01-01 04:28:03,22.536590446047146,2021-01-01 04:36:57,114.01142889559458,d652f0fbffddb90f18b062**********,114.00145784999933,22.544558367630877,,POINT (114.00145784999933 22.536590446047146)
2021-01-01 04:28:03,22.536680767775817,2021-01-01 04:36:57,114.01151927124295,3c44c6f0803df9830d0628**********,114.00154821636738,22.54464869704322,,POINT (114.00154821636738 22.536680767775817)
2021-01-01 04:42:10,22.49034767714709,2021-01-01 05:09:49,113.94716357349088,3c2ebe74bf07c3fd09e454**********,113.9217177385415,22.502211818282085,,POINT (113.9217177385415 22.49034767714709)
2021-01-01 04:42:10,22.49027865304812,2021-01-01 05:09:49,113.94709458645822,e4378bb5e9e84e450a7dc3**********,113.92164867562593,22.502142866305395,,POINT (113.92164867562593 22.49027865304812)
2021-01-01 05:07:31,22.733446286250544,2021-01-01 05:53:03,113.8266002669904,b2e8b8d6680d57b3960b51**********,113.8899317515578,22.721874143160857,,POINT (113.8899317515578 22.733446286250544)
2021-01-01 05:15:31,22.51296907695662,2021-01-01 05:36:29,113.93131206035623,ccc2a5d59c597fedf0b957**********,113.92922629346114,22.513064193645157,,POINT (113.92922629346114 22.51296907695662)
2021-01-01 06:01:06,22.655382746673908,2021-01-01 06:14:00,113.99879311749709,e8cf5ed5bd56706030c558**********,114.01901986859058,22.65294393016136,,POINT (114.01901986859058 22.655382746673908)
2021-01-01 06:01:06,22.655470183633184,2021-01-01 06:14:00,113.99888059002889,1f58732b37a06d278667fc**********,114.01910736311552,22.65303134693282,,POINT (114.01910736311552 22.655470183633184)
2021-01-01 06:11:57,22.52131418243192,2021-01-01 06:21:57,113.92377696349018,b9934a8dc28f7d3d769b71**********,113.93106408530328,22.51374178790693,,POINT (113.93106408530328 22.52131418243192)
2021-01-01 06:20:32,22.679782305935895,2021-01-01 06:25:31,114.00660364613253,1385646ec6188dab574da5**********,114.00224726627194,22.68196172005216,,POINT (114.00224726627194 22.679782305935895)
2021-01-01 06:33:59,22.526670167603022,2021-01-01 07:01:23,114.09944426631553,10fb02c9257f0d5ee3c212**********,114.06903613794222,22.544261548909763,,POINT (114.06903613794222 22.526670167603022)
2021-01-01 06:33:59,22.526731399251403,2021-01-01 07:01:23,114.09950562454503,50aa75d0c6eda27cf7ceb1**********,114.06909740759794,22.544322861964062,,POINT (114.06909740759794 22.526731399251403)
2021-01-01 06:37:35,22.54167246432298,2021-01-01 06:47:40,114.11964017669776,0344560ab31f5d848081de**********,114.10961266663631,22.54398960558251,,POINT (114.10961266663631 22.54167246432298)
2021-01-01 06:48:35,22.670302003458726,2021-01-01 07:04:56,114.06520443345443,fccd78afe8c4933f107b03**********,114.04823768997612,22.66201794256811,,POINT (114.04823768997612 22.670302003458726)
2021-01-01 06:48:56,22.520115139604453,2021-01-01 06:56:49,113.94405357442649,2af97f0fff748811c6e9aa**********,113.9391530788409,22.518856888943745,,POINT (113.9391530788409 22.520115139604453)
2021-01-01 06:52:27,22.551192090108916,2021-01-01 06:55:37,114.12632425814915,433c09b50f9a887f31dbbf**********,114.12573467462246,22.550366541697105,,POINT (114.12573467462246 22.551192090108916)
2021-01-01 06:54:06,22.544237326952587,2021-01-01 07:21:12,114.03254403754588,ac34b1968f3d9cf313c120**********,114.013027260078,22.54787234452223,,POINT (114.013027260078 22.544237326952587)
2021-01-01 06:54:57,22.636729949344954,2021-01-01 06:59:33,114.05436559170745,72ef12c6dc5a330b5e2b6c**********,114.05232046880407,22.63020138134326,,POINT (114.05232046880407 22.636729949344954)
2021-01-01 07:03:37,22.564416402064246,2021-01-01 07:07:50,114.09434587695331,20d0db0bdb7214e2fc39ba**********,114.09845210106506,22.567864278175666,,POINT (114.09845210106506 22.564416402064246)
2021-01-01 07:03:37,22.564385097599242,2021-01-01 07:07:50,114.09431455460235,e867c67f769e24916d69c5**********,114.09842077280038,22.567832979386953,,POINT (114.09842077280038 22.564385097599242)
2021-01-01 07:15:40,22.52275236711081,2021-01-01 07:22:26,114.0288988433181,1654f81f0f975f8512b228**********,114.03295225507402,22.52814731064642,,POINT (114.03295225507402 22.52275236711081)
2021-01-01 07:28:21,22.502228186026166,2021-01-01 07:45:52,113.95734945123797,6914e4925ffa67884db847**********,113.94905407743227,22.52139072421359,,POINT (113.94905407743227 22.502228186026166)
2021-01-01 07:30:09,22.519104155951847,2021-01-01 07:58:47,113.91661662494161,088e578ad5ad1735863a3f**********,113.91117841037763,22.502120000129157,,POINT (113.91117841037763 22.519104155951847)
2021-01-01 07:39:52,22.623901019649438,2021-01-01 07:44:24,114.0559293265857,e2d3c552965fffd762afef**********,114.05788166925868,22.6203365561402,,POINT (114.05788166925868 22.623901019649438)
2021-01-01 07:40:42,22.527021498233395,2021-01-01 07:49:26,114.03455233963064,1243a783a24c8ec4ccd98f**********,114.03493530589657,22.526976540860435,,POINT (114.03493530589657 22.527021498233395)
2021-01-01 07:52:41,22.654722460395586,2021-01-01 07:56:40,113.81781685666532,a1ab3990d8946a7a5ceaf2**********,113.81631865714172,22.65013812422996,,POINT (113.81631865714172 22.654722460395586)
2021-01-01 07:57:45,22.686600795810513,2021-01-01 08:15:35,113.94291841934067,c871cf240bd0ef12107896**********,113.9446059503396,22.68633001145423,,POINT (113.9446059503396 22.686600795810513)
2021-01-01 08:00:21,22.518098297604098,2021-01-01 08:09:23,113.93686135367585,9676644a860ef6c360a210**********,113.92273597917544,22.515798664738224,,POINT (113.92273597917544 22.518098297604098)
2021-01-01 08:02:36,22.573129511977044,2021-01-01 08:20:04,113.9083350667028,5528a0765ed5b1a5df0a4b**********,113.90027095089145,22.565339664266798,,POINT (113.90027095089145 22.573129511977044)
2021-01-01 08:02:36,22.573194795742527,2021-01-01 08:20:04,113.90840037328316,6e6274c9a0d07786fe359c**********,113.90033628267109,22.565404925065838,,POINT (113.90033628267109 22.573194795742527)
2021-01-01 08:12:46,22.531368103297574,2021-01-01 08:23:58,113.914850236088,084062137bb9b5edcc8d4d**********,113.90371011128572,22.526468079385392,,POINT (113.90371011128572 22.531368103297574)
2021-01-01 08:13:44,22.531423825522193,2021-01-01 08:23:22,113.90003078836308,1dc4271050bf146f1c1b29**********,113.90376061728362,22.535405646597138,,POINT (113.90376061728362 22.531423825522193)
2021-01-01 08:14:11,22.53569062743922,2021-01-01 08:19:23,113.98688836626977,4b9d69d6363b212226efeb**********,113.99168682380073,22.54059087528323,,POINT (113.99168682380073 22.53569062743922)
2021-01-01 08:19:35,22.664313722641165,2021-01-01 08:23:46,113.85955637205166,ce4ca9fbf6ed9caef308d1**********,113.8546977041677,22.66026029303425,,POINT (113.8546977041677 22.664313722641165)
2021-01-01 08:19:35,22.664387417726513,2021-01-01 08:23:46,113.85963012737211,bcb0312f24c2854f58c5f4**********,113.85477146913287,22.66033397929858,,POINT (113.85477146913287 22.664387417726513)
2021-01-01 08:22:33,22.66017250537817,2021-01-01 08:29:22,114.04208406690425,11624bb5367f20de3abc06**********,114.03416275501135,22.6592974324642,,POINT (114.03416275501135 22.66017250537817)
2021-01-01 08:22:57,22.541961905093903,2021-01-01 08:48:34,114.12238257948157,0b49ce0f16f4fd942e2a95**********,114.11619411423314,22.562601641427463,,POINT (114.11619411423314 22.541961905093903)
2021-01-01 08:31:24,22.64090284289398,2021-01-01 08:37:44,114.01656922561683,72ca1cccec4100e001eaaf**********,114.02219639541477,22.64034099839639,,POINT (114.02219639541477 22.64090284289398)
2021-01-01 08:33:09,22.534288593306268,2021-01-01 08:38:17,113.9194649627949,68f4c7777b7e1694db5b8e**********,113.91381381047117,22.53547880653193,,POINT (113.91381381047117 22.534288593306268)
2021-01-01 08:34:42,22.681463134392022,2021-01-01 08:41:38,113.98265668991375,5d7bf7053ee25c89a7c0ae**********,113.9849548979619,22.672993374759717,,POINT (113.9849548979619 22.681463134392022)
2021-01-01 08:34:42,22.681487555353602,2021-01-01 08:41:38,113.9826811278481,162b8b3da5c7fa85aa73a0**********,113.98497933533095,22.67301779647958,,POINT (113.98497933533095 22.681487555353602)
2021-01-01 08:47:17,22.62459987383184,2021-01-01 08:53:21,114.06478509936615,26e13ff584672c2414af9f**********,114.0598213203061,22.61963115729885,,POINT (114.0598213203061 22.62459987383184)
2021-01-01 08:47:17,22.624564631789415,2021-01-01 08:53:21,114.06474982399071,0468336917448982e7f030**********,114.05978605297607,22.619595907535913,,POINT (114.05978605297607 22.624564631789415)
2021-01-01 08:47:47,22.55793867318797,2021-01-01 08:58:07,113.9374091171548,018b0f2e60514ada716798**********,113.94490825719386,22.550776265318515,,POINT (113.94490825719386 22.55793867318797)
2021-01-01 08:47:47,22.55792310651936,2021-01-01 08:58:07,113.93739353659332,79ebc3dc20bbf313cb10f3**********,113.94489268138605,22.550760694058198,,POINT (113.94489268138605 22.55792310651936)
2021-01-01 08:48:20,22.63895582712983,2021-01-01 08:56:55,114.0249915437638,f6f34851a829e2e4dbcc96**********,114.02138762958634,22.63492653005323,,POINT (114.02138762958634 22.63895582712983)
2021-01-01 08:51:53,22.545180739263373,2021-01-01 08:54:29,114.11978492903695,d79683e32ef102989e3e43**********,114.12226343901327,22.547596452053686,,POINT (114.12226343901327 22.545180739263373)
2021-01-01 08:51:53,22.54516572317714,2021-01-01 08:54:29,114.11976990233471,7e55f77306fa174fcee0ea**********,114.12224841101029,22.547581437239494,,POINT (114.12224841101029 22.54516572317714)
2021-01-01 08:53:01,22.569847646841453,2021-01-01 09:01:31,114.09938556027728,12dbe07c7866c851d28b1a**********,114.10757094708947,22.563558599595414,,POINT (114.10757094708947 22.569847646841453)
2021-01-01 08:54:25,22.516095312979544,2021-01-01 08:57:39,113.90018545102704,967e5b3ff0e4bad3e47d3d**********,113.90646470012166,22.513735924014206,,POINT (113.90646470012166 22.516095312979544)
2021-01-01 08:55:28,22.485449906192297,2021-01-01 10:45:00,113.99260273428743,20d9f6539bebdcbfca4654**********,113.91171222952839,22.54900577797802,,POINT (113.91171222952839 22.485449906192297)
2021-01-01 08:55:53,22.632501592628973,2021-01-01 09:05:21,114.01618979370386,c63d8807d67d573ce53b3c**********,114.00867765176474,22.62446042006044,,POINT (114.00867765176474 22.632501592628973)
2021-01-01 08:59:15,22.561570107454006,2021-01-01 09:06:08,113.9700820322627,ac47dd4cb6e34ab1f01dfd**********,113.9702945596089,22.56657046957702,,POINT (113.9702945596089 22.561570107454006)
2021-01-01 09:02:12,22.54319860288114,2021-01-01 09:13:44,113.93808289814987,8d5d8a24b19fe58cf3e6b8**********,113.95018905659622,22.534058993642464,,POINT (113.95018905659622 22.54319860288114)
2021-01-01 09:02:12,22.543262655044156,2021-01-01 09:13:44,113.93814701623515,b4d282404e414151cb4d16**********,113.95025314432282,22.534123074972957,,POINT (113.95025314432282 22.543262655044156)
2021-01-01 09:02:43,22.526095958886934,2021-01-01 09:21:26,114.06347882318762,9400af50d9b75a476a4807**********,114.05461892813348,22.52514669949788,,POINT (114.05461892813348 22.526095958886934)
2021-01-01 09:02:43,22.526085177570835,2021-01-01 09:21:26,114.06346803136456,49987e3380181f1414b336**********,114.05460814060207,22.525135914161762,,POINT (114.05460814060207 22.526085177570835)
2021-01-01 09:04:55,22.59832105101472,2021-01-01 09:11:12,114.11271172007434,3ffea4e2f10600837cb904**********,114.10773857284128,22.604706919605484,,POINT (114.10773857284128 22.59832105101472)
2021-01-01 09:05:58,22.757686095370417,2021-01-01 09:18:30,113.8605565531846,29fa721970800575b4f80a**********,113.85904690788603,22.757727266970523,,POINT (113.85904690788603 22.757686095370417)
2021-01-01 09:05:58,22.757735448825535,2021-01-01 09:18:30,113.86060595585846,7ca8d3ec8fa16b067e1494**********,113.85909631271024,22.75777661838487,,POINT (113.85909631271024 22.757735448825535)
2021-01-01 09:05:58,22.5883429347247,2021-01-01 09:29:58,113.83965027963099,31ba1dcac0a45c81f2014b**********,113.83884475317133,22.59403604564272,,POINT (113.83884475317133 22.5883429347247)
2021-01-01 09:06:35,22.58792277357989,2021-01-01 09:29:46,113.83967027501635,78ce91ebb933bf80d5321b**********,113.83735058283723,22.59413604828713,,POINT (113.83735058283723 22.58792277357989)
2021-01-01 09:06:35,22.588018134684624,2021-01-01 09:29:46,113.83976571594263,780088d166b89280cf774f**********,113.83744602647062,22.59423140596785,,POINT (113.83744602647062 22.588018134684624)
2021-01-01 09:06:35,22.588018134684624,2021-01-01 09:29:46,113.83976571594263,0bd885518be4d7e68e53ef**********,113.83744602647062,22.59423140596785,,POINT (113.83744602647062 22.588018134684624)
2021-01-01 09:06:53,22.660605399297978,2021-01-01 10:39:16,114.00559869951117,b3f83bf1bde7c7a782af77**********,114.04069795467852,22.734550535095593,,POINT (114.04069795467852 22.660605399297978)
2021-01-01 09:07:59,22.57037313083975,2021-01-01 09:23:12,114.09410709738735,8856fcc518ac414b2763eb**********,114.09312967981093,22.568550938313145,,POINT (114.09312967981093 22.57037313083975)
2021-01-01 09:09:41,22.677818463087984,2021-01-01 09:17:55,113.92041893481098,7e8f1508c2edb2c3456511**********,113.92560796497293,22.66806859164733,,POINT (113.92560796497293 22.677818463087984)
2021-01-01 09:11:44,22.542853529270044,2021-01-01 09:13:37,113.96368268286749,09bb65ee570cf92d9cbc61**********,113.96336180696102,22.543606685318107,,POINT (113.96336180696102 22.542853529270044)
2021-01-01 09:12:20,22.662384034975204,2021-01-01 09:21:25,114.01804788668764,9ae521b930799b8dae3678**********,114.01938945023115,22.654953457225176,,POINT (114.01938945023115 22.662384034975204)
2021-01-01 09:12:20,22.66232132377339,2021-01-01 09:21:25,114.01798513541289,e6180e8e74d2b8da71fa63**********,114.0193266972183,22.65489074710701,,POINT (114.0193266972183 22.66232132377339)
2021-01-01 09:12:53,22.546790065435005,2021-01-01 09:14:46,114.07901428094668,c367df654413073ce064ec**********,114.08073872811474,22.54499568005685,,POINT (114.08073872811474 22.546790065435005)
2021-01-01 09:13:04,22.510026471528445,2021-01-01 09:20:10,114.03909553221214,e42bced050a1a88164d7d1**********,114.05154963358179,22.512562484155012,,POINT (114.05154963358179 22.510026471528445)
2021-01-01 09:13:04,22.509953006362785,2021-01-01 09:20:10,114.03902206251003,f2ffe88fd2c188bf694164**********,114.05147612827294,22.512489052458196,,POINT (114.05147612827294 22.509953006362785)
2021-01-01 09:13:52,22.68085604234733,2021-01-01 09:25:27,114.00532729861177,cf58fc4089db729f297e1a**********,113.99811899170551,22.674151765039575,,POINT (113.99811899170551 22.68085604234733)
2021-01-01 09:16:18,22.523743135352124,2021-01-01 09:56:05,114.04799029744493,50b2703bb8a815502691cc**********,113.98789114555233,22.535039647753642,,POINT (113.98789114555233 22.523743135352124)
2021-01-01 09:17:28,22.564867362345865,2021-01-01 09:20:46,114.10562048782235,c619a3ca3d44f14433c586**********,114.10018535736725,22.566520457236123,,POINT (114.10018535736725 22.564867362345865)
2021-01-01 09:17:59,22.546900063395867,2021-01-01 09:26:45,114.10493802630562,b85f8919cfeba9404f72f0**********,114.11425285483921,22.548772250674098,,POINT (114.11425285483921 22.546900063395867)
2021-01-01 09:20:34,22.66679183569958,2021-01-01 09:29:01,113.99775661198717,b1e2ba4867f23719a727dc**********,114.00009108285451,22.67544660563396,,POINT (114.00009108285451 22.66679183569958)
2021-01-01 09:23:31,22.5221966009175,2021-01-01 09:27:35,113.96052055427252,b8573473053d0dfd790300**********,113.96807786208623,22.521888651983208,,POINT (113.96807786208623 22.5221966009175)
2021-01-01 09:25:03,22.512353246975394,2021-01-01 09:30:08,113.92774806290339,cd6341752decc58768f51a**********,113.93305447795534,22.510735029613706,,POINT (113.93305447795534 22.512353246975394)
2021-01-01 09:25:27,22.5629961005262,2021-01-01 09:29:08,114.03318155883203,1797c70f283ad7bf69b6c7**********,114.0275362619614,22.563206392477113,,POINT (114.0275362619614 22.5629961005262)
2021-01-01 09:25:27,22.562963987240778,2021-01-01 09:29:08,114.0331494222179,fd833ab28c7404a7baf9ca**********,114.02750413072569,22.563174274187773,,POINT (114.02750413072569 22.562963987240778)
2021-01-01 09:26:32,22.528910451815015,2021-01-01 09:47:11,113.94982656458446,7814b20bb499303e84c98b**********,113.93058634338523,22.527150678517586,,POINT (113.93058634338523 22.528910451815015)
2021-01-01 09:26:32,22.528998017053592,2021-01-01 09:47:11,113.94991411234106,abb601eaa8a875b3459695**********,113.93067396007544,22.527238179460312,,POINT (113.93067396007544 22.528998017053592)
2021-01-01 09:26:37,22.53893814447991,2021-01-01 09:44:26,114.07563225126957,14f09f493f877079296bee**********,114.07290942403978,22.542611191286895,,POINT (114.07290942403978 22.53893814447991)
2021-01-01 09:27:01,22.514651725075787,2021-01-01 10:22:11,113.91853718282346,b96a960c992b2c34dde6c2**********,113.91972382015906,22.515543927597264,,POINT (113.91972382015906 22.514651725075787)
2021-01-01 09:30:17,22.559916505254325,2021-01-01 09:53:17,114.23411513302332,9ac7c18f25cf9531407cda**********,114.23368919224787,22.560041472135623,,POINT (114.23368919224787 22.559916505254325)
2021-01-01 09:32:37,22.668984109995712,2021-01-01 09:45:11,114.0393573866894,f70b523c930311cd1fb329**********,114.04371514391414,22.661584996710094,,POINT (114.04371514391414 22.668984109995712)
2021-01-01 09:32:37,22.669043072716914,2021-01-01 09:45:11,114.03941638263143,9c811ffffe548bfba8774c**********,114.04377414935338,22.661643951076933,,POINT (114.04377414935338 22.669043072716914)
2021-01-01 09:33:55,22.46979766122312,2021-01-01 09:45:35,113.89062937686037,de43bbfa3d4ba15e07d773**********,113.89222084443398,22.470252041812433,,POINT (113.89222084443398 22.46979766122312)
2021-01-01 09:37:06,22.658278758193326,2021-01-01 09:52:27,113.99303058139635,fcd75cd418716f0ac9eb7a**********,113.99668152389985,22.674908079571694,,POINT (113.99668152389985 22.658278758193326)
2021-01-01 09:37:53,22.521266269659264,2021-01-01 09:43:08,114.03190354917139,1640f14121dcdf94e58f76**********,114.03411685451876,22.52644938171421,,POINT (114.03411685451876 22.521266269659264)
2021-01-01 09:37:53,22.521318241836305,2021-01-01 09:43:08,114.0319555446364,327967e6cd901c6f26133e**********,114.03416885361632,22.526501350149744,,POINT (114.03416885361632 22.521318241836305)
2021-01-01 09:39:41,22.65606524370543,2021-01-01 09:54:00,114.01826885540798,699b1ba6e3ac26bb7fe206**********,114.02687878740157,22.666675511256834,,POINT (114.02687878740157 22.65606524370543)
2021-01-01 09:40:14,22.57846481417086,2021-01-01 09:45:30,114.12060576720128,8d808fea0aba6d32f0aa44**********,114.12849554791076,22.57604418343833,,POINT (114.12849554791076 22.57846481417086)
2021-01-01 09:40:39,22.662779819782997,2021-01-01 10:05:11,114.01144827232895,d74ef8959b2816ee94d903**********,114.01183637074794,22.663035560354796,,POINT (114.01183637074794 22.662779819782997)
2021-01-01 09:40:47,22.68364632490549,2021-01-01 10:05:19,113.98981758538932,1172a423aaeabf64abc908**********,114.00109968078338,22.697789949996043,,POINT (114.00109968078338 22.68364632490549)
2021-01-01 09:40:47,22.6836439327176,2021-01-01 10:05:19,113.98981519160444,4592a48f4d40f28a0f42c8**********,114.00109728698536,22.697787557855573,,POINT (114.00109728698536 22.6836439327176)
2021-01-01 09:42:25,22.59287467185836,2021-01-01 10:00:58,114.1237802387984,c21a046bfb4ec68152a2b9**********,114.12382792416271,22.592888583460926,,POINT (114.12382792416271 22.59287467185836)
2021-01-01 09:42:34,22.55555229972563,2021-01-01 09:52:57,114.02774954955716,fa886b78c06bda4464d168**********,114.02423333432773,22.55653649438952,,POINT (114.02423333432773 22.55555229972563)
2021-01-01 09:42:34,22.555490171961285,2021-01-01 09:52:57,114.02768738225319,1067825b3b6931617c94d9**********,114.02417117280243,22.55647436131984,,POINT (114.02417117280243 22.555490171961285)
2021-01-01 09:42:59,22.633077253124455,2021-01-01 09:45:05,114.04636276647742,96daef1630e42241387d61**********,114.04738308144736,22.632590881782413,,POINT (114.04738308144736 22.633077253124455)
2021-01-01 09:43:27,22.560913873142315,2021-01-01 09:57:23,114.01678926436469,329aabadb4606a69068339**********,114.03141912723716,22.553674827113245,,POINT (114.03141912723716 22.560913873142315)
2021-01-01 09:44:03,22.56974867697299,2021-01-01 09:58:34,114.1368808188663,e729461e550b1e7b74068e**********,114.12513595446889,22.568061745582842,,POINT (114.12513595446889 22.56974867697299)
2021-01-01 09:44:03,22.569700522616635,2021-01-01 09:58:34,114.13683260844134,f034bd373bc3a92f5339fe**********,114.1250877600771,22.56801357597015,,POINT (114.1250877600771 22.569700522616635)
2021-01-01 09:47:16,22.572378552329564,2021-01-01 11:22:46,114.05355032122904,aad4725c0babee384c494a**********,114.0541172836849,22.57284053046363,,POINT (114.0541172836849 22.572378552329564)
2021-01-01 09:50:15,22.614183579403715,2021-01-01 10:00:59,114.02854957882225,2a6d5c9bc12c2426319b13**********,114.02797894817363,22.603375525051483,,POINT (114.02797894817363 22.614183579403715)
2021-01-01 09:52:37,22.67334783883031,2021-01-01 10:09:58,114.04094465901697,294d86c49d480186a6cfc9**********,114.02636044987747,22.67558568551994,,POINT (114.02636044987747 22.67334783883031)
2021-01-01 09:55:53,22.65357374039228,2021-01-01 10:04:21,114.02538658703467,663cb87aca51f60b1b3061**********,114.0200502039944,22.64846891181295,,POINT (114.0200502039944 22.65357374039228)
2021-01-01 09:59:25,22.550024279561153,2021-01-01 10:06:08,113.88018895812628,bbe2b2a8d60ad7cb891495**********,113.88015696467532,22.548802690318976,,POINT (113.88015696467532 22.550024279561153)
2021-01-01 10:00:07,22.56936550450657,2021-01-01 10:34:26,113.93853759632563,e2d8aa7e1ff16c6fcf6bc6**********,113.9386192143875,22.57108125160091,,POINT (113.9386192143875 22.56936550450657)
2021-01-01 10:00:08,22.570481710589075,2021-01-01 11:33:21,113.84148416315014,355c1a8030bf0f4122b724**********,113.86769260177512,22.629789466047573,,POINT (113.86769260177512 22.570481710589075)
2021-01-01 10:09:06,22.548219937718038,2021-01-01 10:13:11,114.12366380222608,f33aee0a3580db507f976c**********,114.11682332175498,22.547501804111064,,POINT (114.11682332175498 22.548219937718038)
2021-01-01 10:09:06,22.548301209701627,2021-01-01 10:13:11,114.12374515779217,deebfa90a68d3e45006a68**********,114.11690465764741,22.54758309468082,,POINT (114.11690465764741 22.548301209701627)
2021-01-01 10:10:16,22.63367492195254,2021-01-01 10:14:54,114.03236502462624,1c1b256a3f944fafec6535**********,114.03239247571854,22.64064039833319,,POINT (114.03239247571854 22.63367492195254)
2021-01-01 10:10:16,22.633594236327475,2021-01-01 10:14:54,114.03228428610241,976696369c72336db54f93**********,114.03231173711713,22.64055971344805,,POINT (114.03231173711713 22.633594236327475)
2021-01-01 10:11:08,22.640424384261813,2021-01-01 10:24:37,114.05711424140112,c25fd5598a6068fa327420**********,114.04565708696336,22.636865476088406,,POINT (114.04565708696336 22.640424384261813)
2021-01-01 10:11:08,22.640386768003097,2021-01-01 10:24:37,114.05707658086294,8fa512ae6e4942e83c8be2**********,114.04561944451156,22.636827842806085,,POINT (114.04561944451156 22.640386768003097)
2021-01-01 10:12:04,22.533130644512685,2021-01-01 10:15:41,114.0782934032973,d715ef76defd7dd8457301**********,114.0748356068641,22.533429272804746,,POINT (114.0748356068641 22.533130644512685)
2021-01-01 10:12:49,22.52237425752502,2021-01-01 12:42:26,113.94421044212861,3254253d9397168d3f240c**********,113.94878306463498,22.519226158841427,,POINT (113.94878306463498 22.52237425752502)
2021-01-01 10:18:17,22.675192450369412,2021-01-01 10:26:17,114.02855106411835,661eee76bb1b58d3e3cb28**********,114.02991756507038,22.66986483280295,,POINT (114.02991756507038 22.675192450369412)
2021-01-01 10:20:53,22.577806761729097,2021-01-01 10:31:09,113.95925983322687,5d7a4deda5905ac8d9ae88**********,113.95245953395823,22.586241376814147,,POINT (113.95245953395823 22.577806761729097)
2021-01-01 10:21:42,22.656945591494598,2021-01-01 10:44:24,113.99169133563507,4bebd80c82260d14ff4c6d**********,113.99590348781337,22.65458443417151,,POINT (113.99590348781337 22.656945591494598)
2021-01-01 10:21:42,22.656907714613226,2021-01-01 10:44:24,113.99165343427191,d2a14ce335bfb76e9ca438**********,113.99586558662114,22.6545465570208,,POINT (113.99586558662114 22.656907714613226)
2021-01-01 10:25:03,22.55647910004989,2021-01-01 10:33:20,114.14043152790371,254a2a616fac3018c25cb5**********,114.14335409262887,22.550721329123732,,POINT (114.14335409262887 22.55647910004989)
2021-01-01 10:36:12,22.55106587263327,2021-01-01 10:49:43,114.11494539637097,4f3f322d266f6c717cb3f7**********,114.1302569175317,22.549379312990744,,POINT (114.1302569175317 22.55106587263327)
2021-01-01 10:36:12,22.55097545504084,2021-01-01 10:49:43,114.1148549519798,a7e331626af481d3d40593**********,114.13016642620086,22.549288939392184,,POINT (114.13016642620086 22.55097545504084)
2021-01-01 10:38:26,22.53389883536096,2021-01-01 10:51:26,113.97164425498086,87978962d49be4e790b5bc**********,113.96496758708702,22.526192644583954,,POINT (113.96496758708702 22.53389883536096)
2021-01-01 10:42:42,22.560508264040475,2021-01-01 10:52:52,113.85967033615161,a4d4bcb9791f364a717674**********,113.86801188295127,22.565567519962844,,POINT (113.86801188295127 22.560508264040475)
2021-01-01 10:43:00,22.67771317560525,2021-01-01 10:48:41,113.98525191894112,f5deba2b5e66c7d0339052**********,113.99147727530442,22.672569910284377,,POINT (113.99147727530442 22.67771317560525)
2021-01-01 10:45:15,22.575320538063952,2021-01-01 10:56:12,114.13850360750136,b8fa3be3b8dee81321c24d**********,114.13169871111714,22.56875997862984,,POINT (114.13169871111714 22.575320538063952)
2021-01-01 10:45:16,22.587178167703588,2021-01-01 11:01:50,114.10365073828766,f2b0079c08ff3cec217480**********,114.11127002915674,22.56503502729524,,POINT (114.11127002915674 22.587178167703588)
2021-01-01 10:47:52,22.658150665628263,2021-01-01 11:46:02,114.03784540442348,d951f0619176f57f8ebd68**********,114.03767871391128,22.65810201085575,,POINT (114.03767871391128 22.658150665628263)
2021-01-01 10:47:52,22.65813560362365,2021-01-01 11:46:02,114.03783033183127,4851836811a9e6cb3bf729**********,114.03766364140616,22.65808694876914,,POINT (114.03766364140616 22.65813560362365)
2021-01-01 10:48:11,22.655566836335776,2021-01-01 10:57:33,113.99843931513402,3b83985b0eddb5cd0584e5**********,114.00382912998057,22.65139472682355,,POINT (114.00382912998057 22.655566836335776)
2021-01-01 10:52:01,22.738465534518188,2021-01-01 11:03:39,113.91700153166481,0efd97135fdda1341cfc7f**********,113.92577000945091,22.740688857363182,,POINT (113.92577000945091 22.738465534518188)
2021-01-01 10:52:32,22.581484673893502,2021-01-01 10:54:39,113.89670324761735,0b553eecdff4c63e3754b2**********,113.89662689213213,22.58131893394841,,POINT (113.89662689213213 22.581484673893502)
2021-01-01 10:53:18,22.627375816243006,2021-01-01 10:56:03,114.03303957238727,713a5293d10eb84118869e**********,114.02821752789687,22.629676216205848,,POINT (114.02821752789687 22.627375816243006)
2021-01-01 10:53:18,22.627315881934962,2021-01-01 10:56:03,114.03297959105042,45740c6bcd42081de80ac7**********,114.02815755519129,22.629616274023086,,POINT (114.02815755519129 22.627315881934962)
2021-01-01 10:54:29,22.60642347641857,2021-01-01 11:08:58,114.15038116531296,aa57f5cf725517bfad6061**********,114.14913075487158,22.602097706607054,,POINT (114.14913075487158 22.60642347641857)
2021-01-01 10:54:29,22.606471053610914,2021-01-01 11:08:58,114.1504287864935,1452f7866d9815c15cf673**********,114.14917837523313,22.60214528485156,,POINT (114.14917837523313 22.606471053610914)
2021-01-01 10:56:23,22.532560616842503,2021-01-01 12:02:58,113.91469537697762,eabe8626cdc4e9b926d166**********,113.91392675808652,22.523321398917552,,POINT (113.91392675808652 22.532560616842503)
2021-01-01 10:58:43,22.52647618736393,2021-01-01 11:01:58,114.03810190950057,309385808942a4069ae49a**********,114.04303438457258,22.52343804851251,,POINT (114.04303438457258 22.52647618736393)
2021-01-01 10:59:04,22.668495898424542,2021-01-01 12:02:08,114.0215686661376,faf71932fa99dde5702ad6**********,114.02142615097179,22.673056608104996,,POINT (114.02142615097179 22.668495898424542)
2021-01-01 10:59:58,22.562194977319272,2021-01-01 11:05:46,114.09382623068512,e78753f08ff690850fc78a**********,114.09149619506378,22.56153735194812,,POINT (114.09149619506378 22.562194977319272)
2021-01-01 11:00:24,22.52856006516768,2021-01-01 11:13:52,114.01711529054705,15e5f7baa259af111c948c**********,113.99689747151146,22.529048668226828,,POINT (113.99689747151146 22.52856006516768)
2021-01-01 11:02:33,22.65849407865146,2021-01-01 11:23:25,114.01448365065875,e03fcdb37b08d38406dedc**********,114.00093695106297,22.665451507827147,,POINT (114.00093695106297 22.65849407865146)
2021-01-01 11:02:33,22.658452513234376,2021-01-01 11:23:25,114.01444205203433,6cf7db2e5346ab40d37e91**********,114.0008953588411,22.66540993679311,,POINT (114.0008953588411 22.658452513234376)
2021-01-01 11:04:25,22.650822099007815,2021-01-01 11:18:04,114.03898082377873,b12c38edc9f245ff641fcb**********,114.04175342186034,22.65707662643857,,POINT (114.04175342186034 22.650822099007815)
2021-01-01 11:04:26,22.62184852638752,2021-01-01 11:10:45,114.0320074517678,e45088c0ee45ad87fb40ce**********,114.03569829268162,22.624628023791413,,POINT (114.03569829268162 22.62184852638752)
2021-01-01 11:06:29,22.501861176103937,2021-01-01 11:26:04,113.92465477084686,bcb70dfbe7ed7933126750**********,113.93647139443155,22.494122520013068,,POINT (113.93647139443155 22.501861176103937)
2021-01-01 11:06:49,22.780210912830103,2021-01-01 11:24:28,113.89348257760452,ef3e3577263270bfa8cbb1**********,113.89539346902725,22.76916752642834,,POINT (113.89539346902725 22.780210912830103)
2021-01-01 11:06:54,22.572507802047717,2021-01-01 11:35:57,114.08589729324622,7888dffa601c82b3f60309**********,114.07888990003981,22.56584454574694,,POINT (114.07888990003981 22.572507802047717)
2021-01-01 11:07:47,22.679729146320255,2021-01-01 11:13:39,114.03105480680561,a0f1261f151c74ba48080b**********,114.0280021488987,22.676167161638514,,POINT (114.0280021488987 22.679729146320255)
2021-01-01 11:09:08,22.5602988913948,2021-01-01 11:26:06,114.02480393610277,ae28122aee5bd638b4facd**********,114.03586145373724,22.545820916340343,,POINT (114.03586145373724 22.5602988913948)
2021-01-01 11:09:15,22.64642615800445,2021-01-01 11:27:12,114.01952347170108,5fe1910fe48913e0242d7e**********,114.02419253634052,22.654755276943206,,POINT (114.02419253634052 22.64642615800445)
2021-01-01 11:09:47,22.565392606799474,2021-01-01 11:15:21,113.85827932141969,206aaef9efdb453022cdba**********,113.85866465451642,22.56342879399756,,POINT (113.85866465451642 22.565392606799474)
2021-01-01 11:09:55,22.671286694867504,2021-01-01 11:27:27,114.03900913293054,be55f842e1a718302533ec**********,114.02881904362454,22.672108671926722,,POINT (114.02881904362454 22.671286694867504)
2021-01-01 11:09:55,22.671353807025074,2021-01-01 11:27:27,114.03907631360278,c8a124fcde5751c57e5bf4**********,114.0288862022988,22.672175804512243,,POINT (114.0288862022988 22.671353807025074)
2021-01-01 11:10:59,22.680887705729134,2021-01-01 11:22:07,113.93416951753383,ed2f73dc30b237f24b40b1**********,113.93478323106035,22.68016440934115,,POINT (113.93478323106035 22.680887705729134)
2021-01-01 11:12:02,22.56299358238545,2021-01-01 11:27:19,113.88509208157596,90e8cc2b5f20420896e18c**********,113.8656955755872,22.581173898326913,,POINT (113.8656955755872 22.56299358238545)
2021-01-01 11:12:02,22.56298196945116,2021-01-01 11:27:19,113.88508046790065,6326b1bb254fdbfdb2cedc**********,113.86568395329493,22.581162293790722,,POINT (113.86568395329493 22.56298196945116)
2021-01-01 11:12:11,22.632545523873677,2021-01-01 11:19:50,113.8253707554236,a3df1b2d141d2eb7c64d56**********,113.83039154040989,22.64128508393435,,POINT (113.83039154040989 22.632545523873677)
2021-01-01 11:13:42,22.632114612153384,2021-01-01 11:23:11,114.03533544218274,20835ba415dca3f83e7f93**********,114.0321498771978,22.62100696888883,,POINT (114.0321498771978 22.632114612153384)
2021-01-01 11:14:12,22.55638160123469,2021-01-01 12:00:15,114.03887972722177,c724b8b2eab192ca59ca23**********,114.02777103517289,22.552928972515467,,POINT (114.02777103517289 22.55638160123469)
2021-01-01 11:14:26,22.591783514138054,2021-01-01 11:25:59,114.25280967737447,df7686ee271053512ebcb2**********,114.26518241773935,22.592310379477453,,POINT (114.26518241773935 22.591783514138054)
2021-01-01 11:17:06,22.54000249008314,2021-01-01 11:40:56,113.98902575925287,be2fb95761725dd6c35c24**********,114.01304290645888,22.54143626812144,,POINT (114.01304290645888 22.54000249008314)
2021-01-01 11:17:38,22.5834291711705,2021-01-01 11:26:36,113.90523428972409,5905bc3e7a6893c6ac0b06**********,113.89729264976279,22.57836309022218,,POINT (113.89729264976279 22.5834291711705)
2021-01-01 11:18:20,22.60827074617675,2021-01-01 11:25:14,114.11558730717265,aab87963352433c2740c15**********,114.11160229300182,22.606222580918185,,POINT (114.11160229300182 22.60827074617675)
2021-01-01 11:18:52,22.621982640198834,2021-01-01 11:26:13,114.05582130674273,cc596e428140e42bb33a12**********,114.04953432128492,22.62693985629099,,POINT (114.04953432128492 22.621982640198834)
2021-01-01 11:18:54,22.54240596382654,2021-01-01 11:25:35,113.96386655659363,1ff3378245b266b371791f**********,113.96159542700715,22.5365078390202,,POINT (113.96159542700715 22.54240596382654)
2021-01-01 11:18:54,22.542496822978464,2021-01-01 11:25:35,113.9639574583384,8d13e8c63a32ce5625c0f8**********,113.96168633437766,22.53659869360975,,POINT (113.96168633437766 22.542496822978464)
2021-01-01 11:18:57,22.610134340479647,2021-01-01 11:29:16,114.02874227142881,c262bcf95608a7c3b71666**********,114.03675374829665,22.61387823287173,,POINT (114.03675374829665 22.610134340479647)
2021-01-01 11:18:57,22.61011718327374,2021-01-01 11:29:16,114.02872510758989,1d15eac1fc7bfc07e81f9b**********,114.0367365801492,22.613861079759367,,POINT (114.0367365801492 22.61011718327374)
2021-01-01 11:19:24,22.669034662616358,2021-01-01 11:31:04,114.00421317382845,46a785a613e25b69b99636**********,113.98933894359394,22.673370535965322,,POINT (113.98933894359394 22.669034662616358)
2021-01-01 11:19:24,22.66907234011098,2021-01-01 11:31:04,114.00425087697667,c9b473daca45b2b14ae9c8**********,113.98937664581344,22.67340821411845,,POINT (113.98937664581344 22.66907234011098)
2021-01-01 11:20:31,22.55442814808694,2021-01-01 11:34:00,113.87474929155249,a8d31a76f191947cac770a**********,113.86640180898284,22.55880579913069,,POINT (113.86640180898284 22.55442814808694)
2021-01-01 11:21:13,22.650135828231782,2021-01-01 11:28:01,114.0290693382888,8ffcaeac59a2651b7fe986**********,114.02364671992737,22.650826241472963,,POINT (114.02364671992737 22.650135828231782)
2021-01-01 11:23:14,22.549979451132646,2021-01-01 11:25:57,114.01312859575862,5ec729f884b03b80a7e1cc**********,114.01370101941323,22.553232483865525,,POINT (114.01370101941323 22.549979451132646)
2021-01-01 11:24:10,22.643316895014916,2021-01-01 11:35:52,114.03205795619719,c1423f6eb03606a8ee703c**********,114.03371119565419,22.63287355499551,,POINT (114.03371119565419 22.643316895014916)
2021-01-01 11:24:13,22.542353680104704,2021-01-01 11:38:30,114.0839367042627,482a6b0cc2d4d0d567231f**********,114.07862515833168,22.546021567752057,,POINT (114.07862515833168 22.542353680104704)
2021-01-01 11:24:13,22.54227123858368,2021-01-01 11:38:30,114.08385418625626,da607c24eba195b168aff7**********,114.07854266148534,22.545939106848873,,POINT (114.07854266148534 22.54227123858368)
2021-01-01 11:25:09,22.597873416205314,2021-01-01 11:32:32,114.11734065014447,68820eaad4cbe6213e295d**********,114.11233813861043,22.604918902614987,,POINT (114.11233813861043 22.597873416205314)
2021-01-01 11:25:14,22.66060708164454,2021-01-01 11:41:06,114.0267358209299,2f43caace97adec94cac40**********,114.01566170391393,22.67287877644816,,POINT (114.01566170391393 22.66060708164454)
2021-01-01 11:25:14,22.660554144546516,2021-01-01 11:41:06,114.02668283559868,923c93e5ddf70b24e23c28**********,114.01560873189725,22.67282582769174,,POINT (114.01560873189725 22.660554144546516)
2021-01-01 11:26:00,22.559186345061082,2021-01-01 11:31:36,114.23180437946583,009934b634c1a68bfad54c**********,114.2335648631236,22.562682323812524,,POINT (114.2335648631236 22.559186345061082)
2021-01-01 11:26:00,22.55911341985263,2021-01-01 11:31:36,114.23173139918451,5730337d08ec3531674349**********,114.2334918880413,22.562609394212387,,POINT (114.2334918880413 22.55911341985263)
2021-01-01 11:27:26,22.530679756286002,2021-01-01 12:17:30,113.89419410507901,c065656ed7235e58bedb25**********,113.89283525858465,22.541619801837136,,POINT (113.89283525858465 22.530679756286002)
2021-01-01 11:28:31,22.603612583925198,2021-01-01 11:35:53,114.02956611252695,ec7e9177b1262e7193485b**********,114.0360331119841,22.607223157542105,,POINT (114.0360331119841 22.603612583925198)
2021-01-01 11:28:31,22.60363462863216,2021-01-01 11:35:53,114.02958816660271,551e7d4abb42685752e94f**********,114.03605517053691,22.607245197978617,,POINT (114.03605517053691 22.60363462863216)
2021-01-01 11:28:36,22.670574549031404,2021-01-01 11:57:56,114.03479945357334,552fd20d4e030d9ca07871**********,114.04851351858646,22.651029791267206,,POINT (114.04851351858646 22.670574549031404)
2021-01-01 11:30:31,22.55339909128598,2021-01-01 11:45:36,114.05827314979393,9e63d7a77ef41fcdd2c6d0**********,114.04441363293903,22.551505106709666,,POINT (114.04441363293903 22.55339909128598)
2021-01-01 11:31:25,22.546730842110936,2021-01-01 11:41:28,114.11747946466252,98338cfef9dec4b7b88407**********,114.11799152945973,22.54163775359372,,POINT (114.11799152945973 22.546730842110936)
2021-01-01 11:31:31,22.549378201339227,2021-01-01 11:54:29,114.09883242564791,b12c444f67b2a4735a9411**********,114.09940361207,22.569432593719522,,POINT (114.09940361207 22.549378201339227)
2021-01-01 11:31:31,22.54940120602521,2021-01-01 11:54:29,114.09885544684353,a3b6a8c993f057ef993cc0**********,114.09942663385667,22.5694555972485,,POINT (114.09942663385667 22.54940120602521)
2021-01-01 11:33:04,22.688009772083223,2021-01-01 11:39:38,113.99850560716503,c05aa67b92cb8531bc2c1d**********,114.00079749160986,22.681987812016896,,POINT (114.00079749160986 22.688009772083223)
2021-01-01 11:33:04,22.688042564786592,2021-01-01 11:39:38,113.99853842177667,d374b4f3dc40ec5850b73e**********,114.0008303065376,22.682020604643625,,POINT (114.0008303065376 22.688042564786592)
2021-01-01 11:34:00,22.620716082043696,2021-01-01 11:39:57,113.85668094492863,e1b4bc8d7b1e464d830641**********,113.85981579952556,22.616589287506777,,POINT (113.85981579952556 22.620716082043696)
2021-01-01 11:34:37,22.580239118797106,2021-01-01 12:07:45,113.89304306101533,2f0377eefe9762574cc887**********,113.91551152138176,22.587898526107256,,POINT (113.91551152138176 22.580239118797106)
2021-01-01 11:34:42,22.5129054510061,2021-01-01 11:58:49,113.9334311006869,60107f460c4ebb85190ddc**********,113.93365395832382,22.519617277812348,,POINT (113.93365395832382 22.5129054510061)
2021-01-01 11:36:56,22.52314704534212,2021-01-01 11:43:18,113.98585922783778,4222bef3a8ce84ce6a498e**********,113.98126485447033,22.523575863988775,,POINT (113.98126485447033 22.52314704534212)
2021-01-01 11:38:03,22.636128037921385,2021-01-01 11:49:21,114.05343779000677,c5ba9fcccfe79c3d0edc59**********,114.05537274607875,22.65378487071481,,POINT (114.05537274607875 22.636128037921385)
2021-01-01 11:38:49,22.513402006581074,2021-01-01 11:44:19,114.03771044200312,d1afdefda3612bd4814d1c**********,114.03954139001556,22.51439045680074,,POINT (114.03954139001556 22.513402006581074)
2021-01-01 11:39:35,22.56859439063595,2021-01-01 11:46:15,113.85392897170114,5afc39a65a8626145b0140**********,113.86298118470947,22.569330130088844,,POINT (113.86298118470947 22.56859439063595)
2021-01-01 11:40:33,22.55144652520974,2021-01-01 11:44:21,113.945297121325,fe6a7aaa80aa6a1fc199f7**********,113.94914602309272,22.554842594074728,,POINT (113.94914602309272 22.55144652520974)
2021-01-01 11:43:17,22.65016696356274,2021-01-01 11:54:48,114.03527783022349,560fe7a7a6803ae2d63166**********,114.02287910708958,22.653777430174458,,POINT (114.02287910708958 22.65016696356274)
2021-01-01 11:43:17,22.65011960196054,2021-01-01 11:54:48,114.03523042058872,7ff6fbeb0dc83ac66a5a53**********,114.0228317143171,22.65373005306638,,POINT (114.0228317143171 22.65011960196054)
2021-01-01 11:43:40,22.56684273080751,2021-01-01 11:49:58,114.16956842702884,eaec5e6ddfeac2fa002acb**********,114.17061830522773,22.56976181609493,,POINT (114.17061830522773 22.56684273080751)
2021-01-01 11:43:40,22.566898530710876,2021-01-01 11:49:58,114.16962427468796,3142dfd4d25c9fcebb8b64**********,114.17067415268819,22.569817615934642,,POINT (114.17067415268819 22.566898530710876)
2021-01-01 11:43:53,22.524338656215523,2021-01-01 11:52:22,113.9164297712918,c9e469690142fc4a10707a**********,113.91440704140156,22.519981106094406,,POINT (113.91440704140156 22.524338656215523)
2021-01-01 11:43:53,22.524369331055393,2021-01-01 11:52:22,113.91646046245862,e03b334aeebce8ddb86248**********,113.91443773554806,22.520011778320054,,POINT (113.91443773554806 22.524369331055393)
2021-01-01 11:43:59,22.571150414432616,2021-01-01 11:54:48,114.0556403737973,dcfbacedb4119e24408aaf**********,114.06723511032055,22.573080142567534,,POINT (114.06723511032055 22.571150414432616)
2021-01-01 11:44:20,22.587529733923876,2021-01-01 11:56:16,114.11997924578829,cff621529db9c3e8ff398c**********,114.11188398654222,22.591068128775593,,POINT (114.11188398654222 22.587529733923876)
2021-01-01 11:44:36,22.537355670678473,2021-01-01 12:01:41,114.0245553163603,847f33acbea9f30275480e**********,114.02478035571663,22.532471436958293,,POINT (114.02478035571663 22.537355670678473)
2021-01-01 11:45:02,22.65779911966415,2021-01-01 11:50:39,114.0727554386418,0c1f9ad119e50e6ae8fece**********,114.07399231559421,22.6540489014156,,POINT (114.07399231559421 22.65779911966415)
2021-01-01 11:46:13,22.636165083626764,2021-01-01 11:52:52,114.04580755353271,848053e8387d2705c25adc**********,114.05511287016311,22.640482207429784,,POINT (114.05511287016311 22.636165083626764)
2021-01-01 11:47:56,22.557277145276863,2021-01-01 11:53:16,114.03148899263317,6ca846444b7feccfb7a690**********,114.03747141494601,22.558877035159366,,POINT (114.03747141494601 22.557277145276863)
2021-01-01 11:48:06,22.615384955,2021-01-01 11:59:56,114.03655164298955,5ecdd6328446506d18551c**********,114.04089428427653,22.605190095390483,,POINT (114.04089428427653 22.615384955)
2021-01-01 11:48:06,22.615440922753038,2021-01-01 11:59:56,114.03660763878759,8b1445627f4053b4b1c6b9**********,114.04095028864144,22.605246055861922,,POINT (114.04095028864144 22.615440922753038)
2021-01-01 11:48:12,22.68808752789907,2021-01-01 12:05:58,113.9911819658295,3141222f7f8507b3e1998a**********,113.98770737276335,22.679706559473352,,POINT (113.98770737276335 22.68808752789907)
2021-01-01 11:48:12,22.688059419637355,2021-01-01 12:05:58,113.99115383899877,00958b855574efa53f9c34**********,113.98767924545146,22.679678451407778,,POINT (113.98767924545146 22.688059419637355)
2021-01-01 11:48:49,22.647662540565154,2021-01-01 11:56:06,114.04405092156557,9345964c10a9793bffa0de**********,114.04345225369379,22.6409624003866,,POINT (114.04345225369379 22.647662540565154)
2021-01-01 11:49:53,22.68786028547892,2021-01-01 12:05:52,113.99120054013639,21348640ae9932ecc22e01**********,113.98792508867352,22.67968444824619,,POINT (113.98792508867352 22.68786028547892)
2021-01-01 11:49:57,22.62315498977315,2021-01-01 11:59:47,114.03150837304214,8cdae35223e3ed3942a957**********,114.03481465369428,22.63618199628738,,POINT (114.03481465369428 22.62315498977315)
2021-01-01 11:51:35,22.559239417435926,2021-01-01 11:54:32,114.04373437876284,0b12785393d9331e5257ba**********,114.04159123736669,22.557376371478835,,POINT (114.04159123736669 22.559239417435926)
2021-01-01 11:51:35,22.559317041473573,2021-01-01 11:54:32,114.04381205447136,a73af77636fd917f96b49d**********,114.04166890681677,22.557454001540346,,POINT (114.04166890681677 22.559317041473573)
2021-01-01 11:55:15,22.527477367568217,2021-01-01 12:24:55,114.03632341863234,df93c932d6befcbcc233ad**********,113.9954128015354,22.519347363888194,,POINT (113.9954128015354 22.527477367568217)
2021-01-01 11:55:20,22.681177015008036,2021-01-01 12:08:19,113.9343535824507,b894aef542bf332e5d4b29**********,113.93631738510301,22.692446505922028,,POINT (113.93631738510301 22.681177015008036)
2021-01-01 11:56:07,22.53573640096953,2021-01-01 12:00:44,113.98723894128254,0e11d480326a4423c5ab02**********,113.9909040048602,22.541278855997888,,POINT (113.9909040048602 22.53573640096953)
2021-01-01 11:56:20,22.61586342306889,2021-01-01 12:09:55,114.03961424370632,91839bf03dba22aefbd0c9**********,114.02685765969748,22.613454386878722,,POINT (114.02685765969748 22.61586342306889)
2021-01-01 11:56:20,22.61590311256255,2021-01-01 12:09:55,114.03965397400674,a5ad35e9d8c64f1f67a83d**********,114.02689737396906,22.613494091425093,,POINT (114.02689737396906 22.61590311256255)
2021-01-01 11:56:46,22.569595372157675,2021-01-01 12:00:00,113.86540248649605,d241c8446206dabb71d399**********,113.86369520961836,22.57146964808681,,POINT (113.86369520961836 22.569595372157675)
2021-01-01 11:57:11,22.677779512504685,2021-01-01 12:53:07,113.81387140393866,78339cffaf0704728bf26d**********,113.80034029295653,22.664411643883334,,POINT (113.80034029295653 22.677779512504685)
2021-01-01 11:57:11,22.677780313677978,2021-01-01 12:53:07,113.8138722060128,7095d1b19624d618c76acd**********,113.80034109487998,22.664412445200263,,POINT (113.80034109487998 22.677780313677978)
2021-01-01 11:57:40,22.67613086350812,2021-01-01 12:03:35,114.02371188303192,c230c52dfb6d1a14b4bb89**********,114.03097383912817,22.676921724964252,,POINT (114.03097383912817 22.67613086350812)
2021-01-01 11:57:45,22.621161339174527,2021-01-01 12:11:21,114.03190970873867,0ca5c6718d7380e829cab8**********,114.03566907085087,22.63756512131248,,POINT (114.03566907085087 22.621161339174527)
2021-01-01 11:57:45,22.621150865797315,2021-01-01 12:11:21,114.03189922983232,5825e0edc60a5c5f56e2fc**********,114.03565859067888,22.6375546493209,,POINT (114.03565859067888 22.621150865797315)
2021-01-01 11:58:05,22.676187314747487,2021-01-01 12:12:10,113.99317271378214,cc4bfbb0f21903aabbfdfe**********,114.00936019301457,22.66695963278789,,POINT (114.00936019301457 22.676187314747487)
2021-01-01 11:58:05,22.6761193313898,2021-01-01 12:12:10,113.99310469105698,a3e2b3dbbf57f4b707e13f**********,114.00929216408818,22.666891654463146,,POINT (114.00929216408818 22.6761193313898)
2021-01-01 11:59:36,22.528372481487168,2021-01-01 12:15:27,113.9605907427451,26497437dea16cb4cf1a65**********,113.96239469014431,22.521880332838965,,POINT (113.96239469014431 22.528372481487168)
2021-01-01 11:59:57,22.565172618881366,2021-01-01 12:08:11,113.88230257759612,1054a8d4b802eab7f3bfd1**********,113.88782934603613,22.55773340608498,,POINT (113.88782934603613 22.565172618881366)
2021-01-01 11:59:57,22.565076990058365,2021-01-01 12:08:11,113.88220685341248,74a2c236722c4797f1dc58**********,113.88773364455619,22.557637754980085,,POINT (113.88773364455619 22.565076990058365)
2021-01-01 12:00:22,22.63624244481636,2021-01-01 12:48:29,114.04357083641051,9f9c9b468e937552125c03**********,114.0541330041188,22.639306320642852,,POINT (114.0541330041188 22.63624244481636)
2021-01-01 12:01:13,22.653948083389665,2021-01-01 12:19:08,114.19171450580272,2293f4a7401ace4fabd992**********,114.19396387899955,22.651178962942893,,POINT (114.19396387899955 22.653948083389665)
2021-01-01 12:02:55,22.5401798865646,2021-01-01 12:05:41,113.94986995781048,29a457afd47ba2d88e950e**********,113.94519869951557,22.541865631169888,,POINT (113.94519869951557 22.5401798865646)
2021-01-01 12:03:01,22.523578315985244,2021-01-01 12:21:45,113.96294048979884,09d4bb03b8975de78109ab**********,113.96109113781071,22.533602952112474,,POINT (113.96109113781071 22.523578315985244)
2021-01-01 12:05:01,22.635133779808314,2021-01-01 12:09:55,114.03936989331079,72547da119b43f084a9a31**********,114.03947947711929,22.637121423606896,,POINT (114.03947947711929 22.635133779808314)
2021-01-01 12:06:16,22.66116612128607,2021-01-01 12:08:56,114.0658815865658,97144ce3aa68ff4eb31798**********,114.06194714066358,22.660841791282632,,POINT (114.06194714066358 22.66116612128607)
2021-01-01 12:06:27,22.643869877184954,2021-01-01 12:12:01,114.04459401266986,24c5c9020120f1332b9661**********,114.04575663633793,22.636620015748473,,POINT (114.04575663633793 22.643869877184954)
2021-01-01 12:06:27,22.643802128075748,2021-01-01 12:12:01,114.0445262191602,786d407dba4999f921027f**********,114.04568883976366,22.636552268913906,,POINT (114.04568883976366 22.643802128075748)
2021-01-01 12:06:37,22.68073416443489,2021-01-01 12:14:25,114.00718132036792,9771a4ebc9917f0cd2b7a5**********,113.9968180942325,22.67817022339,,POINT (113.9968180942325 22.68073416443489)
2021-01-01 12:06:37,22.68073416443489,2021-01-01 12:14:25,114.00718132036792,3d60d997bfca99bbf34f3b**********,113.9968180942325,22.67817022339,,POINT (113.9968180942325 22.68073416443489)
2021-01-01 12:06:37,22.6806405711171,2021-01-01 12:14:25,114.00708765835004,bae47d4d17251a08c96df1**********,113.99672443833667,22.678076624142513,,POINT (113.99672443833667 22.6806405711171)
2021-01-01 12:06:46,22.521493423848554,2021-01-01 12:21:02,113.94273731376644,057af9ad1a44b4f2944d02**********,113.93365993927273,22.519378895252764,,POINT (113.93365993927273 22.521493423848554)
2021-01-01 12:06:46,22.521469563332392,2021-01-01 12:21:02,113.94271344877143,631a42687d132cab8e0e57**********,113.93363606517555,22.51935504318727,,POINT (113.93363606517555 22.521469563332392)
2021-01-01 12:07:07,22.562451204024704,2021-01-01 12:48:58,114.15520544191958,89fa57c965410dd121eaa3**********,114.14533322087135,22.57082339570913,,POINT (114.14533322087135 22.562451204024704)
2021-01-01 12:08:02,22.52217330633513,2021-01-01 12:40:20,114.04885135964759,071e9b3592f8177ef4f1f3**********,114.03958415775435,22.536025909293702,,POINT (114.03958415775435 22.52217330633513)
2021-01-01 12:08:29,22.54930411591552,2021-01-01 12:38:46,114.10647817621248,ba36beef8364ed2367464c**********,114.0818892569334,22.54482786029563,,POINT (114.0818892569334 22.54930411591552)
2021-01-01 12:08:29,22.549370378304957,2021-01-01 12:38:46,114.10654455965646,7b1b1ea91feb434ec07f43**********,114.0819555650945,22.544894193543374,,POINT (114.0819555650945 22.549370378304957)
2021-01-01 12:08:45,22.585691726491163,2021-01-01 12:32:26,113.87638049822637,00e5a0dd9cfec1fd59cf54**********,113.88962825516705,22.599584981399598,,POINT (113.88962825516705 22.585691726491163)
2021-01-01 12:09:23,22.58660995337953,2021-01-01 12:18:33,113.9146232910659,aa0341f2f0abd834948c30**********,113.92460506700847,22.58437506142622,,POINT (113.92460506700847 22.58660995337953)
2021-01-01 12:11:25,22.64008793837387,2021-01-01 12:17:29,114.05671749591141,238e9cbef5f04a66630433**********,114.05221845079484,22.63653576957506,,POINT (114.05221845079484 22.64008793837387)
2021-01-01 12:12:33,22.5596786434683,2021-01-01 12:19:43,114.23008901695667,b09c7e901a71d287f7e759**********,114.23823231682944,22.553518354590516,,POINT (114.23823231682944 22.5596786434683)
2021-01-01 12:14:13,22.636552009419148,2021-01-01 12:20:09,114.0542819758316,6adda5cfd527fca948a2b0**********,114.05617083766057,22.639652589914895,,POINT (114.05617083766057 22.636552009419148)
2021-01-01 12:15:22,22.672136586132204,2021-01-01 12:34:01,114.0320952574059,20eca84ae024ee2512452c**********,114.0392164269637,22.660415445022164,,POINT (114.0392164269637 22.672136586132204)
2021-01-01 12:16:42,22.53377542963399,2021-01-01 12:32:37,113.91010964994808,356953235651b452a6c9fb**********,113.9100918155555,22.5337285516282,,POINT (113.9100918155555 22.53377542963399)
2021-01-01 12:17:16,22.467002858154537,2021-01-01 12:44:57,113.8858082021933,2daa20ff4561a1bda9d4c0**********,113.89034656768312,22.482710356356144,,POINT (113.89034656768312 22.467002858154537)
2021-01-01 12:19:40,22.571129778203613,2021-01-01 12:24:59,114.11823131687561,d0fabd18e42297b7e78735**********,114.12007691142507,22.571684650894717,,POINT (114.12007691142507 22.571129778203613)
2021-01-01 12:19:40,22.571162509841354,2021-01-01 12:24:59,114.11826407328539,cb801dfbf46df5f486e105**********,114.12010967001365,22.571717380460086,,POINT (114.12010967001365 22.571162509841354)
2021-01-01 12:19:40,22.569763929323134,2021-01-01 12:25:08,114.11797406685882,3350182b8fe83729cb35be**********,114.12191314128454,22.571556506822056,,POINT (114.12191314128454 22.569763929323134)
2021-01-01 12:23:02,22.558712535478865,2021-01-01 12:48:18,114.06900353477874,2bcbdf6334e3355a6c492f**********,114.08565212690067,22.56878328010909,,POINT (114.08565212690067 22.558712535478865)
2021-01-01 12:23:31,22.5449757872885,2021-01-01 12:31:57,113.9440806632652,7fe9149d07d45b224d9370**********,113.94890899397028,22.553111712020797,,POINT (113.94890899397028 22.5449757872885)
2021-01-01 12:23:31,22.545056304731634,2021-01-01 12:31:57,113.94416124057396,035297981d65c96c1992eb**********,113.94898955654429,22.553192242392573,,POINT (113.94898955654429 22.545056304731634)
2021-01-01 12:26:12,22.653722361894896,2021-01-01 12:38:00,113.90884925053092,f1d2d928a51e2b8520cf57**********,113.91627521663611,22.65424018165527,,POINT (113.91627521663611 22.653722361894896)
2021-01-01 12:26:19,22.550306698613642,2021-01-01 13:37:26,113.85664935342287,240db0bc064268aa041d69**********,113.89900619714153,22.60983327222215,,POINT (113.89900619714153 22.550306698613642)
2021-01-01 12:26:32,22.66571560773225,2021-01-01 12:31:22,114.0378146332086,42ec2530be22e46f5444eb**********,114.03128175174346,22.65802804728284,,POINT (114.03128175174346 22.66571560773225)
2021-01-01 12:26:32,22.665785916168886,2021-01-01 12:31:22,114.03788500527432,0cc56ec523ae8c0d332ce3**********,114.03135210881948,22.65809837029975,,POINT (114.03135210881948 22.665785916168886)
2021-01-01 12:28:03,22.536631311316555,2021-01-01 12:40:18,113.91850878420298,f1088e8b7f8d57156a28f2**********,113.91973346919683,22.547193663533367,,POINT (113.91973346919683 22.536631311316555)
2021-01-01 12:28:36,22.563484514201907,2021-01-01 12:34:15,114.03435860627314,af4f075d27242ae58aa1f8**********,114.03760886881581,22.56259453357379,,POINT (114.03760886881581 22.563484514201907)
2021-01-01 12:28:37,22.563933316866844,2021-01-01 12:50:42,113.9478579332198,70f334d3803b50fc8033a1**********,113.97578461829127,22.571509293426974,,POINT (113.97578461829127 22.563933316866844)
2021-01-01 12:28:50,22.565368940277413,2021-01-01 12:40:39,113.88510205930423,45317fb1c27f100bcdee52**********,113.88405664333145,22.55988731029092,,POINT (113.88405664333145 22.565368940277413)
2021-01-01 12:29:28,22.593997621492967,2021-01-01 13:02:34,113.87534269037528,ce4cabceded2a189860170**********,113.89121895057612,22.601933164401828,,POINT (113.89121895057612 22.593997621492967)
2021-01-01 12:30:07,22.564489282075723,2021-01-01 12:37:29,114.03523314352765,59a11900b5544bb80df91b**********,114.03547921906271,22.56060605948761,,POINT (114.03547921906271 22.564489282075723)
2021-01-01 12:30:15,22.544152085584077,2021-01-01 12:43:55,114.00839264474327,23f78a124f4caa9726f0ca**********,114.01730383579947,22.553346160803226,,POINT (114.01730383579947 22.544152085584077)
2021-01-01 12:30:16,22.581826390707707,2021-01-01 12:35:16,113.85703289016033,793751626eddb3ab5ef80b**********,113.85511515099446,22.576685793858175,,POINT (113.85511515099446 22.581826390707707)
2021-01-01 12:30:18,22.69053950109285,2021-01-01 13:04:39,113.89815483084828,b5eb4794ec280a951d0dd1**********,113.9210011379083,22.719431705606578,,POINT (113.9210011379083 22.69053950109285)
2021-01-01 12:30:46,22.572883071858932,2021-01-01 12:34:21,113.94322623309489,c4f72f7319fb31797522d6**********,113.94338161800226,22.572988351371226,,POINT (113.94338161800226 22.572883071858932)
2021-01-01 12:32:04,22.52807004380534,2021-01-01 12:38:40,113.96393532430103,fac07b2e22687cf9521928**********,113.96789089237869,22.53504375746985,,POINT (113.96789089237869 22.52807004380534)
2021-01-01 12:32:04,22.52807004380534,2021-01-01 12:38:40,113.96393532430103,92aff40811aadd170ede15**********,113.96789089237869,22.53504375746985,,POINT (113.96789089237869 22.52807004380534)
2021-01-01 12:32:04,22.528008714437167,2021-01-01 12:38:40,113.96387395812577,b7f2de5ffd46d3f9bbbae6**********,113.96782953224977,22.534982423005488,,POINT (113.96782953224977 22.528008714437167)
2021-01-01 12:32:08,22.571153060626315,2021-01-01 12:36:28,113.95455694626695,57232f08d48dae5b9878e7**********,113.95645386916216,22.57443632612744,,POINT (113.95645386916216 22.571153060626315)
2021-01-01 12:32:08,22.571053812818196,2021-01-01 12:36:28,113.95445763499849,423727cbb22f79161000b2**********,113.95635456400377,22.574337073022637,,POINT (113.95635456400377 22.571053812818196)
2021-01-01 12:32:33,22.611284913589923,2021-01-01 12:49:52,114.131961249097,d30708586c1979c04b2f4d**********,114.11565050451547,22.616317317205613,,POINT (114.11565050451547 22.611284913589923)
2021-01-01 12:32:33,22.611322442217247,2021-01-01 12:49:52,114.13199883046887,df7edbd78e2ebec397a57e**********,114.11568806560895,22.616354864689928,,POINT (114.11568806560895 22.611322442217247)
2021-01-01 12:32:41,22.67148662712662,2021-01-01 12:46:46,113.9882986592578,f8f1c35d82413c40739b9e**********,113.98578672012566,22.676662259944834,,POINT (113.98578672012566 22.67148662712662)
2021-01-01 12:32:41,22.671489617462303,2021-01-01 12:46:46,113.98830165151439,46aa20b0d9d6bc8ae58539**********,113.98578971243609,22.676665250212775,,POINT (113.98578971243609 22.671489617462303)
2021-01-01 12:32:53,22.661147609089387,2021-01-01 12:39:19,114.06599461796294,63d3f72f390b7c012fd8c2**********,114.06606135289859,22.659212808156663,,POINT (114.06606135289859 22.661147609089387)
2021-01-01 12:34:23,22.54710366721577,2021-01-01 12:43:56,114.00062040860415,bc10086ed076bbf513d3c5**********,114.00455573396502,22.546907111142737,,POINT (114.00455573396502 22.54710366721577)
2021-01-01 12:34:23,22.547050729962393,2021-01-01 12:43:56,114.00056744580989,130219738cce2f82123da5**********,114.00450276974502,22.546854175197208,,POINT (114.00450276974502 22.547050729962393)
2021-01-01 12:35:56,22.64580727359775,2021-01-01 13:09:34,114.02128463798178,b741d196dd876e979828eb**********,114.03971070920923,22.671244477284116,,POINT (114.03971070920923 22.64580727359775)
2021-01-01 12:36:17,22.63171801050512,2021-01-01 12:41:31,114.057683710969,97b79b24f45b8cd4126b61**********,114.05554293506911,22.633176458244144,,POINT (114.05554293506911 22.63171801050512)
2021-01-01 12:36:22,22.494960814936015,2021-01-01 13:05:46,113.91444713848315,590cedc28920e2406f5d7a**********,113.92593317575397,22.527790881056642,,POINT (113.92593317575397 22.494960814936015)
2021-01-01 12:36:25,22.520757830925913,2021-01-01 12:38:25,114.04497952203066,8c87659871c1b914b12b79**********,114.0430810835,22.51932485284167,,POINT (114.0430810835 22.520757830925913)
2021-01-01 12:36:34,22.56561775700142,2021-01-01 14:37:49,114.1384050024098,88f7191c447d6e840ede9a**********,114.14177699280349,22.569675972679747,,POINT (114.14177699280349 22.56561775700142)
2021-01-01 12:36:49,22.51460290797503,2021-01-01 12:41:35,113.93944461513827,4367676e2bfa17dc79cca0**********,113.93914124257255,22.51419464914186,,POINT (113.93914124257255 22.51460290797503)
2021-01-01 12:37:30,22.69285430273872,2021-01-01 13:02:38,114.04082914399659,8d922efd31ad1242a5eba7**********,114.04499465468093,22.67581456787531,,POINT (114.04499465468093 22.69285430273872)
2021-01-01 12:37:45,22.522685143481812,2021-01-01 12:40:12,113.95322515498025,57d9aa0134997d43518ecb**********,113.95344228465311,22.522996480676504,,POINT (113.95344228465311 22.522685143481812)
2021-01-01 12:38:12,22.608908420069874,2021-01-01 12:46:57,114.03905702345665,e0299e7a586c72f4199eb7**********,114.03148409755688,22.611421467475807,,POINT (114.03148409755688 22.608908420069874)
2021-01-01 12:38:12,22.608897449160107,2021-01-01 12:46:57,114.03904604294799,2e1ee85589c59c27f3a6f2**********,114.03147311979328,22.611410494041863,,POINT (114.03147311979328 22.608897449160107)
2021-01-01 12:38:41,22.67112457229512,2021-01-01 12:53:16,114.0667904043152,21aca5c53974fc3ce19204**********,114.04982295169992,22.660291083635745,,POINT (114.04982295169992 22.67112457229512)
2021-01-01 12:38:41,22.67118424677699,2021-01-01 12:53:16,114.06685016833568,fb281155a254fe19ebaf64**********,114.04988267053665,22.66035080099153,,POINT (114.04988267053665 22.67118424677699)
2021-01-01 12:38:45,22.534738320804546,2021-01-01 13:34:48,113.88458445757297,236734dd2e724b0480e2fc**********,113.89261507397381,22.500370663845665,,POINT (113.89261507397381 22.534738320804546)
2021-01-01 12:39:57,22.640558857710186,2021-01-01 12:59:50,114.01776142159466,f259f46094df76506540f1**********,114.02407518248398,22.62350363716726,,POINT (114.02407518248398 22.640558857710186)
2021-01-01 12:40:01,22.522401062507303,2021-01-01 12:57:22,113.96071391051865,a035c1c3683c33e9715b9e**********,113.97828896326178,22.52192117613407,,POINT (113.97828896326178 22.522401062507303)
2021-01-01 12:40:01,22.52234084088094,2021-01-01 12:57:22,113.96065363656548,644cdef6e1c92f8ef6dc9d**********,113.97822871264104,22.521860932633768,,POINT (113.97822871264104 22.52234084088094)
2021-01-01 12:42:05,22.515095006380676,2021-01-01 12:59:47,113.91034289329002,9be05a7633d43a5607c5d1**********,113.90647495579212,22.532207091117993,,POINT (113.90647495579212 22.515095006380676)
2021-01-01 12:42:35,22.627464114091932,2021-01-01 12:48:52,114.03193613230509,aa868cf4bd8c0359dc20d2**********,114.03342581038687,22.639328658372275,,POINT (114.03342581038687 22.627464114091932)
2021-01-01 12:43:27,22.564525527449163,2021-01-01 13:13:03,114.02840767315872,24b0db4f674490d284bfdc**********,114.03215717298893,22.568251892843524,,POINT (114.03215717298893 22.564525527449163)
2021-01-01 12:43:27,22.56456831727818,2021-01-01 13:13:03,114.0284504826279,50b21d44510e9b44f538f6**********,114.03219998721696,22.568294678032583,,POINT (114.03219998721696 22.56456831727818)
2021-01-01 12:45:22,22.61244619270762,2021-01-01 12:50:27,114.03840523449007,6782f893da712810495723**********,114.03479176418129,22.61419490410713,,POINT (114.03479176418129 22.61244619270762)
2021-01-01 12:45:34,22.734441166788557,2021-01-01 13:03:10,114.2811717990282,a5262922ec111b6c8c89f5**********,114.26126625290735,22.749579196013798,,POINT (114.26126625290735 22.734441166788557)
2021-01-01 12:45:56,22.658837327958093,2021-01-01 12:54:01,114.02134794659602,9de52a2f91760db366a2e3**********,114.01758206974752,22.65265872430357,,POINT (114.01758206974752 22.658837327958093)
2021-01-01 12:46:38,22.53556338938249,2021-01-01 13:34:30,113.9114593337296,04887fe7da982e39fc4c9c**********,113.93689545336797,22.508361957362112,,POINT (113.93689545336797 22.53556338938249)
2021-01-01 12:46:46,22.529905928294095,2021-01-01 12:59:55,114.03373532042495,e52343e6d0fad39aa87f88**********,114.01654181925872,22.518221699353813,,POINT (114.01654181925872 22.529905928294095)
2021-01-01 12:50:39,22.655259481937577,2021-01-01 12:52:34,114.05894969126399,366064da3d93612d6d97d9**********,114.05966599782198,22.651891078659435,,POINT (114.05966599782198 22.655259481937577)
2021-01-01 12:51:02,22.528389825251487,2021-01-01 12:56:50,113.96211141382,f736a269d54aeeb80599b6**********,113.96212391018854,22.536747775183937,,POINT (113.96212391018854 22.528389825251487)
2021-01-01 12:51:41,22.518257684132575,2021-01-01 13:02:07,113.93817907757372,0fafdae260322a0dbb85dd**********,113.94371866784425,22.51089028822414,,POINT (113.94371866784425 22.518257684132575)
2021-01-01 12:51:57,22.638078985431026,2021-01-01 12:58:33,114.0081437137138,109c34acf676df37c3b64e**********,114.00254087809607,22.638700537679547,,POINT (114.00254087809607 22.638078985431026)
2021-01-01 12:53:13,22.546580598559437,2021-01-01 14:27:44,114.11265380071018,fe82d630713c1b163b5725**********,114.11186395807093,22.547628408912125,,POINT (114.11186395807093 22.546580598559437)
2021-01-01 12:53:28,22.634953882903364,2021-01-01 13:13:15,114.11240965461788,596a7c58b780599d0a095e**********,114.12630861826327,22.611324986667977,,POINT (114.12630861826327 22.634953882903364)
2021-01-01 12:53:28,22.635037073125297,2021-01-01 13:13:15,114.11249287958628,f9e6e4551231d64a425086**********,114.1263918847083,22.611408140322997,,POINT (114.1263918847083 22.635037073125297)
2021-01-01 12:54:06,22.63064423673227,2021-01-01 13:26:23,113.97113019217994,8cfd4a13504271b35659f3**********,113.93759322079285,22.624109959141087,,POINT (113.93759322079285 22.63064423673227)
2021-01-01 12:56:36,22.69489075396784,2021-01-01 13:12:20,113.991014641943,d609f56e30205cd0953b0b**********,113.98683848053118,22.67999016115949,,POINT (113.98683848053118 22.69489075396784)
2021-01-01 12:58:08,22.570983893381385,2021-01-01 14:27:47,114.14547588885782,8f1d9b6dad40e0210de76c**********,114.15535451861545,22.562966731411592,,POINT (114.15535451861545 22.570983893381385)
2021-01-01 12:58:24,22.5457300680875,2021-01-01 13:09:28,114.11797836685426,96475daa2a3cc4541714f5**********,114.12621041391249,22.548259921234873,,POINT (114.12621041391249 22.5457300680875)
2021-01-01 12:58:37,22.55715002994341,2021-01-01 13:16:37,114.24999143857508,2b05580fe122bcdcbe6757**********,114.22635261421055,22.572399329071306,,POINT (114.22635261421055 22.55715002994341)
2021-01-01 13:02:52,22.525391193610734,2021-01-01 13:09:00,113.99061060493754,b816f3ccae1198000cba62**********,113.99068461483999,22.524725945191683,,POINT (113.99068461483999 22.525391193610734)
2021-01-01 13:04:22,22.694844831203593,2021-01-01 13:18:40,113.9582357286769,9bb89720bf3c404c8b1f55**********,113.95800622309929,22.69759261959637,,POINT (113.95800622309929 22.694844831203593)
2021-01-01 13:04:22,22.694844831203593,2021-01-01 13:18:40,113.9582357286769,7dc41a0cdcf937874f3919**********,113.95800622309929,22.69759261959637,,POINT (113.95800622309929 22.694844831203593)
2021-01-01 13:04:22,22.69481710709454,2021-01-01 13:18:40,113.95820798475754,d17591459ca051fb2d3b75**********,113.95797847898304,22.69756489575242,,POINT (113.95797847898304 22.69481710709454)
2021-01-01 13:04:57,22.522256499569167,2021-01-01 13:07:10,113.97847846560298,46981ce740adc38875dc8e**********,113.97813099394719,22.521612867055865,,POINT (113.97813099394719 22.522256499569167)
2021-01-01 13:05:29,22.675553654297786,2021-01-01 13:13:04,114.041463848968,90d63d2f0ded895de3e594**********,114.03623275591335,22.67439876692759,,POINT (114.03623275591335 22.675553654297786)
2021-01-01 13:06:10,22.67483540003831,2021-01-01 13:31:55,114.04739055764594,f890eb00f1b60127787261**********,114.04094320048098,22.67135408545363,,POINT (114.04094320048098 22.67483540003831)
2021-01-01 13:06:24,22.677815839156057,2021-01-01 13:15:30,113.98469238556304,7a5464bb9cecc98ce505b0**********,113.99193255295117,22.67212431871908,,POINT (113.99193255295117 22.677815839156057)
2021-01-01 13:06:24,22.677747263449255,2021-01-01 13:15:30,113.98462376123362,fd4aaaddba458dd9023d56**********,113.9918639316151,22.67205573976553,,POINT (113.9918639316151 22.677747263449255)
2021-01-01 13:07:01,22.653454842921775,2021-01-01 13:27:46,114.06403215761122,db8e3c6a16805efa8ba6a3**********,114.06105659375427,22.633550295856963,,POINT (114.06105659375427 22.653454842921775)
2021-01-01 13:07:11,22.522172298634487,2021-01-01 13:15:43,113.92747447591842,0f8762f2cc525b860fa7a3**********,113.93621009748968,22.517738320666414,,POINT (113.93621009748968 22.522172298634487)
2021-01-01 13:07:11,22.52209104151084,2021-01-01 13:15:43,113.92739314142159,106145ac64bc3dfac5c41c**********,113.93612879461229,22.517657033470584,,POINT (113.93612879461229 22.52209104151084)
2021-01-01 13:08:19,22.60634409675977,2021-01-01 13:10:53,114.11593776995099,1133e7faaa4e7dd369f2e5**********,114.11563508998331,22.609315555030495,,POINT (114.11563508998331 22.60634409675977)
2021-01-01 13:09:19,22.646679519749075,2021-01-01 13:44:29,113.92047911847536,614d043b2256760c4cd8fe**********,113.92294007462458,22.64917601364619,,POINT (113.92294007462458 22.646679519749075)
2021-01-01 13:09:57,22.584796046111194,2021-01-01 13:12:18,113.85890614386717,037089d836927c1793dc99**********,113.85843139045167,22.585402401162707,,POINT (113.85843139045167 22.584796046111194)
2021-01-01 13:12:02,22.693148637355304,2021-01-01 13:30:22,113.98707348074424,646214e82b0ff0d65a604b**********,113.99343210137876,22.697040635807785,,POINT (113.99343210137876 22.693148637355304)
2021-01-01 13:12:02,22.693136975731637,2021-01-01 13:30:22,113.98706181085463,e87d6a678f0df367d41f92**********,113.99342043180279,22.69702897393671,,POINT (113.99342043180279 22.693136975731637)
2021-01-01 13:12:25,22.604804878413002,2021-01-01 13:21:31,114.10666501939735,0beb8e573a07e3e33870d9**********,114.11314494052796,22.601578691918597,,POINT (114.11314494052796 22.604804878413002)
2021-01-01 13:12:41,22.578731287849173,2021-01-01 13:19:27,113.84494798994825,5ad4380efd512a8cd9a2e5**********,113.85004163313124,22.575669614773734,,POINT (113.85004163313124 22.578731287849173)
2021-01-01 13:13:34,22.56668931285324,2021-01-01 13:19:33,114.12265182874123,b0a8d2ccd85b718bfbed89**********,114.11825965189092,22.569883818512974,,POINT (114.11825965189092 22.56668931285324)
2021-01-01 13:13:34,22.56677579169055,2021-01-01 13:19:33,114.12273839135973,59dd89a23e43223654555a**********,114.11834620110662,22.569970309598048,,POINT (114.11834620110662 22.56677579169055)
2021-01-01 13:13:54,22.649439359442443,2021-01-01 13:23:10,114.03950811280016,5a7d754d09e40641f285e4**********,114.03708463364981,22.657271304024245,,POINT (114.03708463364981 22.649439359442443)
2021-01-01 13:14:07,22.56840135742686,2021-01-01 13:30:06,114.03695870930291,7aec74362812df4bae9e13**********,114.03708843946376,22.568418328410754,,POINT (114.03708843946376 22.56840135742686)
2021-01-01 13:14:09,22.52441327086809,2021-01-01 13:17:27,113.98602991935466,5dfa76c15885c4498e5cb4**********,113.98868469264528,22.52343735617864,,POINT (113.98868469264528 22.52441327086809)
2021-01-01 13:14:13,22.731717709046038,2021-01-01 13:15:30,113.84520642636991,41f2436e3943126706bed5**********,113.84515395174918,22.731825047395187,,POINT (113.84515395174918 22.731717709046038)
2021-01-01 13:14:13,22.731707594734655,2021-01-01 13:15:30,113.84519630165008,46ea4af005301316c28c4c**********,113.84514382701994,22.731814933093954,,POINT (113.84514382701994 22.731707594734655)
2021-01-01 13:14:24,22.517260304111993,2021-01-01 13:29:42,113.88972818259919,2f194cb12571a51395df53**********,113.90953480455217,22.546059637613038,,POINT (113.90953480455217 22.517260304111993)
2021-01-01 13:15:41,22.56069819290154,2021-01-01 13:23:06,114.06318836796821,f0ddb8f33c34d377e6b8a0**********,114.06655120712215,22.56100328327671,,POINT (114.06655120712215 22.56069819290154)
2021-01-01 13:16:05,22.56179758136774,2021-01-01 14:09:30,114.21780136292563,f1b11f5ac47f35a06d21ac**********,114.23167993050959,22.556966992318596,,POINT (114.23167993050959 22.56179758136774)
2021-01-01 13:16:10,22.56951778843058,2021-01-01 13:24:09,114.1246420752284,bdf2267bef3bb1c7987c91**********,114.12304388644787,22.56008531517275,,POINT (114.12304388644787 22.56951778843058)
2021-01-01 13:16:49,22.55503613148953,2021-01-01 13:24:58,113.89551751230809,f68bbdfbf32768ae30fc2a**********,113.90025735591576,22.55266706923302,,POINT (113.90025735591576 22.55503613148953)
2021-01-01 13:16:49,22.555076822378496,2021-01-01 13:24:58,113.89555824121415,61518c46f678e5d4515503**********,113.90029807577496,22.552707768737882,,POINT (113.90029807577496 22.555076822378496)
2021-01-01 13:17:38,22.563769297396334,2021-01-01 13:24:00,114.16829584001819,d8ef5d13a326571cfd884a**********,114.16818029937824,22.566776314190882,,POINT (114.16818029937824 22.563769297396334)
2021-01-01 13:18:06,22.557323615913912,2021-01-01 13:26:40,114.23172230068732,843d441a3d7741692c004d**********,114.2322715565495,22.549286045451126,,POINT (114.2322715565495 22.557323615913912)
2021-01-01 13:20:40,22.546147994496117,2021-01-01 13:45:08,113.9445654715051,b8e545cc7b9b484980db9e**********,113.95101933605439,22.560840757174596,,POINT (113.95101933605439 22.546147994496117)
2021-01-01 13:21:38,22.658686732308965,2021-01-01 13:27:05,114.03069835122517,5cd44229c9e24af45cf188**********,114.03679794124521,22.66500107985399,,POINT (114.03679794124521 22.658686732308965)
2021-01-01 13:21:45,22.62876759550882,2021-01-01 13:33:58,114.05252760363474,e605da686ca8e735118cc5**********,114.05587926708563,22.636723942251148,,POINT (114.05587926708563 22.62876759550882)
2021-01-01 13:21:54,22.678400856627903,2021-01-01 13:43:46,114.00053232174501,6da8c8dba49d7a01c9afcc**********,113.98739871537613,22.658062243942545,,POINT (113.98739871537613 22.678400856627903)
2021-01-01 13:22:59,22.640338563246917,2021-01-01 13:33:24,114.04814071344748,03de7b1b1f0c8789045dc5**********,114.04047465833573,22.637871117313807,,POINT (114.04047465833573 22.640338563246917)
2021-01-01 13:22:59,22.64034644426584,2021-01-01 13:33:24,114.04814860217667,f07cd452b5b66262d2f067**********,114.04048254473828,22.637879000524514,,POINT (114.04048254473828 22.64034644426584)
2021-01-01 13:25:00,22.65790234901848,2021-01-01 13:53:11,114.0149163912595,1d6f8dabc4c058ee682261**********,114.03803794062526,22.660755049098555,,POINT (114.03803794062526 22.65790234901848)
2021-01-01 13:27:05,22.670785424893168,2021-01-01 13:42:27,114.03538623876479,009d4202d2acc01baec478**********,114.04779667201265,22.675400246768426,,POINT (114.04779667201265 22.670785424893168)
2021-01-01 13:28:09,22.63562609529691,2021-01-01 13:39:14,114.03030470619971,0cd491a1c8406de153dddb**********,114.02437838758922,22.647502379548925,,POINT (114.02437838758922 22.63562609529691)
2021-01-01 13:28:15,22.51501605310457,2021-01-01 13:53:29,113.91623021565503,3d38be7e669b9b3c7e0c9d**********,113.90890173813298,22.49300784001409,,POINT (113.90890173813298 22.51501605310457)
2021-01-01 13:28:15,22.51500555895966,2021-01-01 13:53:29,113.91621971856313,cd4fd16b3410c1c8d05b6d**********,113.90889123733956,22.492997349030375,,POINT (113.90889123733956 22.51500555895966)
2021-01-01 13:28:28,22.525791256520034,2021-01-01 13:40:15,114.07183201839943,8e41324a72463a62f9b4c1**********,114.06340775050602,22.529876684258248,,POINT (114.06340775050602 22.525791256520034)
2021-01-01 13:28:56,22.674712530926747,2021-01-01 13:45:18,114.0290593378622,3507fb8dc40efa8be56cb6**********,114.041456799889,22.669698191273305,,POINT (114.041456799889 22.674712530926747)
2021-01-01 13:28:56,22.674808200035493,2021-01-01 13:45:18,114.0291550371802,979e21c57fc146422e83fc**********,114.0415525383821,22.6697938244274,,POINT (114.0415525383821 22.674808200035493)
2021-01-01 13:29:58,22.671062350990592,2021-01-01 13:34:11,114.01237691895594,7a79df567a11a7bcfea1d0**********,114.01349093878233,22.672458835998334,,POINT (114.01349093878233 22.671062350990592)
2021-01-01 13:30:08,22.59838041601388,2021-01-01 13:31:42,114.25091875252834,6ea185a1a81cef45e17285**********,114.24815944616279,22.595764241060976,,POINT (114.24815944616279 22.59838041601388)
2021-01-01 13:30:11,22.55509389102789,2021-01-01 13:53:27,114.11731773376938,b85521e2226e9fedb7d418**********,114.12718208209996,22.552070209393502,,POINT (114.12718208209996 22.55509389102789)
2021-01-01 13:30:51,22.657914553535644,2021-01-01 13:47:09,114.01798413344797,16d9e0eaf95b73c5f2be31**********,114.02114876973596,22.64972793252802,,POINT (114.02114876973596 22.657914553535644)
2021-01-01 13:30:51,22.657960317700823,2021-01-01 13:47:09,114.01802992491444,f43c9f926eed8cf8ebc863**********,114.02119456430812,22.64977369423556,,POINT (114.02119456430812 22.657960317700823)
2021-01-01 13:31:09,22.537555194132487,2021-01-01 13:51:08,114.0759850402202,62f0b506a3896028c14d1c**********,114.05789346540371,22.543734676574942,,POINT (114.05789346540371 22.537555194132487)
2021-01-01 13:32:22,22.531618984000087,2021-01-01 13:38:56,113.90040899750478,e78e8dd173871fbfe54ace**********,113.90383366297978,22.53540886297705,,POINT (113.90383366297978 22.531618984000087)
2021-01-01 13:33:55,22.674459087443946,2021-01-01 13:49:34,113.99941310943753,ad380c4f5cb0afb6e640f7**********,114.00968934972565,22.6803882134721,,POINT (114.00968934972565 22.674459087443946)
2021-01-01 13:34:11,22.6914245770951,2021-01-01 14:04:18,113.78303970553148,d4967d423c5a5ef0b5546f**********,113.78193463081429,22.69097899291386,,POINT (113.78193463081429 22.6914245770951)
2021-01-01 13:34:11,22.691375926971496,2021-01-01 14:04:18,113.78299100983028,fe4b3a1dc49a1cfa44cf81**********,113.78188593677234,22.690930341273216,,POINT (113.78188593677234 22.691375926971496)
2021-01-01 13:35:54,22.65650677056065,2021-01-01 13:47:56,114.01418392727946,a1d9c8f06470595bd3d698**********,114.01994889244824,22.670758863875694,,POINT (114.01994889244824 22.65650677056065)
2021-01-01 13:35:54,22.65642302119802,2021-01-01 13:47:56,114.0141001319579,1ff1416a9a4b7a5bb79276**********,114.01986508774371,22.670675124597302,,POINT (114.01986508774371 22.65642302119802)
2021-01-01 13:36:09,22.62025161058382,2021-01-01 13:42:11,114.02283640896691,8bf551b063a64f5b1da2ca**********,114.01801093713165,22.615303044869503,,POINT (114.01801093713165 22.62025161058382)
2021-01-01 13:37:05,22.52546107762379,2021-01-01 13:49:53,113.93119258711538,d62a7678558758417f40dd**********,113.92940835342216,22.522125148772055,,POINT (113.92940835342216 22.52546107762379)
2021-01-01 13:37:16,22.578113673521276,2021-01-01 13:49:06,113.85688171849732,c0961aa8248b5598462a35**********,113.85772450177751,22.583502639819454,,POINT (113.85772450177751 22.578113673521276)
2021-01-01 13:37:16,22.578144414123184,2021-01-01 13:49:06,113.85691248555477,aab17e188e1c9d2fbe2bb3**********,113.85775526813295,22.58353338087464,,POINT (113.85775526813295 22.578144414123184)
2021-01-01 13:37:19,22.604231915704332,2021-01-01 14:09:17,113.83575679028681,a22f869d3f346fe1bc2dca**********,113.86151861682045,22.58945713510799,,POINT (113.86151861682045 22.604231915704332)
2021-01-01 13:38:30,22.526301059894845,2021-01-01 13:49:48,113.93132366172925,87c92b4ee4bac09a63a8fb**********,113.92966616421677,22.522368020775943,,POINT (113.92966616421677 22.526301059894845)
2021-01-01 13:39:02,22.644797037382464,2021-01-01 14:03:53,114.03032780442331,a46fb345165469b2214aad**********,114.0432406294338,22.64927639091368,,POINT (114.0432406294338 22.644797037382464)
2021-01-01 13:40:11,22.624870368515428,2021-01-01 13:47:02,113.82838472571224,f3304fcab768e967d34144**********,113.83339025713795,22.62482598804565,,POINT (113.83339025713795 22.624870368515428)
2021-01-01 13:41:58,22.520859977265953,2021-01-01 13:45:36,113.90830349127296,a7c3a9d73c45b6aad8c417**********,113.91302818007746,22.51557925723891,,POINT (113.91302818007746 22.520859977265953)
2021-01-01 13:41:58,22.520806717283406,2021-01-01 13:45:36,113.90825018565475,b6367f132a632eb32ecce2**********,113.91297488659484,22.515525985507693,,POINT (113.91297488659484 22.520806717283406)
2021-01-01 13:42:59,22.55422961154564,2021-01-01 13:50:22,114.2350336531304,26e093dd5af22ff5135edb**********,114.23529358076878,22.554563778687466,,POINT (114.23529358076878 22.55422961154564)
2021-01-01 13:42:59,22.66570482543985,2021-01-01 13:48:28,114.03468233975401,dbf833d277fa47abd1cd5e**********,114.03124769945457,22.66177400144192,,POINT (114.03124769945457 22.66570482543985)
2021-01-01 13:43:19,22.54007178871627,2021-01-01 14:11:53,113.94978256883616,e8743d5edb514b6ce289c0**********,113.91174431612139,22.543208650465427,,POINT (113.91174431612139 22.54007178871627)
2021-01-01 13:43:20,22.542467331230057,2021-01-01 13:54:31,113.9616261855034,7b46e01d0208f3f444e320**********,113.96337044341064,22.534057038896027,,POINT (113.96337044341064 22.542467331230057)
2021-01-01 13:45:32,22.652530668877105,2021-01-01 13:51:10,114.06210754789475,68039b6c1159b78a507afc**********,114.06342109118224,22.647744024611274,,POINT (114.06342109118224 22.652530668877105)
2021-01-01 13:45:32,22.652472857009762,2021-01-01 13:51:10,114.06204969549145,e6436b22b939e7609cfb8e**********,114.0633632352775,22.647686215686363,,POINT (114.0633632352775 22.652472857009762)
2021-01-01 13:45:43,22.568474724668175,2021-01-01 13:54:01,114.02839636662947,d9a2479d514fcd5bf5c2d4**********,114.03680393191809,22.568247492500607,,POINT (114.03680393191809 22.568474724668175)
2021-01-01 13:45:58,22.542080461905993,2021-01-01 13:52:00,114.08146718214651,5959f695c54125641d2da7**********,114.08422915673661,22.542715301221428,,POINT (114.08422915673661 22.542080461905993)
2021-01-01 13:45:58,22.54203108437444,2021-01-01 13:52:00,114.08141777721099,0bad42e1247bd5ba3e0507**********,114.08417974521973,22.542665929884205,,POINT (114.08417974521973 22.54203108437444)
2021-01-01 13:46:02,22.62418750052948,2021-01-01 13:50:32,114.02452698677767,76267a367a2fa4ec8daf62**********,114.01925592813136,22.625486651006604,,POINT (114.01925592813136 22.62418750052948)
2021-01-01 13:46:17,22.53115159511271,2021-01-01 13:58:04,114.02286112449328,053bf543a409f39d0d1716**********,114.01145185646608,22.531487762409817,,POINT (114.01145185646608 22.53115159511271)
2021-01-01 13:48:07,22.559534559427934,2021-01-01 16:01:04,114.01329811122163,6b245f09b8d700ee60e947**********,113.953074303181,22.5597115188798,,POINT (113.953074303181 22.559534559427934)
2021-01-01 13:49:54,22.657502783289193,2021-01-01 14:37:57,114.03599603749726,2226cbe8f43cfcfc06ffc8**********,114.03283246415461,22.658215617638614,,POINT (114.03283246415461 22.657502783289193)
2021-01-01 13:49:54,22.657405144245164,2021-01-01 14:37:57,114.03589832149716,c29ac9a80667a0894b1077**********,114.03273475818746,22.658117969328405,,POINT (114.03273475818746 22.657405144245164)
2021-01-01 13:50:27,22.5318830582361,2021-01-01 14:11:59,113.99663092314889,a01deed9a0b11dc89a7364**********,114.0192855673137,22.528638961815904,,POINT (114.0192855673137 22.5318830582361)
2021-01-01 13:50:27,22.5318830582361,2021-01-01 14:11:59,113.99663092314889,3654a306b575b7e641ea4c**********,114.0192855673137,22.528638961815904,,POINT (114.0192855673137 22.5318830582361)
2021-01-01 13:50:27,22.531830906762707,2021-01-01 14:11:59,113.9965787589505,3e23c3e5e1f4898d1e0acf**********,114.0192333895135,22.52858682276523,,POINT (114.0192333895135 22.531830906762707)
2021-01-01 13:50:33,22.661341799014465,2021-01-01 14:29:41,114.01901942139274,3774a67e20d3f1353d4f03**********,114.03890666223715,22.655816538653955,,POINT (114.03890666223715 22.661341799014465)
2021-01-01 13:50:47,22.543678456847942,2021-01-01 14:06:47,113.94094829377708,c2b66b8c6c1dbf2200bf26**********,113.94655190107794,22.560525435263443,,POINT (113.94655190107794 22.543678456847942)
2021-01-01 13:50:47,22.54373503334999,2021-01-01 14:06:47,113.94100491469159,b599a683cef08a06f678a3**********,113.946608509515,22.56058202219654,,POINT (113.946608509515 22.54373503334999)
2021-01-01 13:50:49,22.605640514884247,2021-01-01 14:36:28,114.0358475257373,51eb55ae0b5255fb71bc2e**********,114.02723884855403,22.619776042515056,,POINT (114.02723884855403 22.605640514884247)
2021-01-01 13:50:49,22.52788294752083,2021-01-01 14:00:56,114.05826665010248,187a75585f9d9c7ff01c41**********,114.05912995967368,22.536561153254418,,POINT (114.05912995967368 22.52788294752083)
2021-01-01 13:50:49,22.527933269638375,2021-01-01 14:00:56,114.05831700006574,80ec5728fb81e381bbe3b2**********,114.05918031158917,22.536611472974247,,POINT (114.05918031158917 22.527933269638375)
2021-01-01 13:51:40,22.587952546546166,2021-01-01 14:16:22,113.86696673952079,df6f0657609734c2bac056**********,113.88563590115561,22.571642418097657,,POINT (113.88563590115561 22.587952546546166)
2021-01-01 13:53:28,22.632281793239144,2021-01-01 14:14:46,114.01691354766503,7213d6a85f330dc543a7ca**********,114.03243209998413,22.627189984310125,,POINT (114.03243209998413 22.632281793239144)
2021-01-01 13:53:44,22.679772899457248,2021-01-01 14:23:20,113.80213667230468,1e0a8a80b3e70d0f59e4f8**********,113.77918823362883,22.682965260565982,,POINT (113.77918823362883 22.679772899457248)
2021-01-01 13:55:08,22.553330768525786,2021-01-01 14:01:57,114.22977116998935,fcfcf1af90118661ca8c3a**********,114.23444482706378,22.55389610607102,,POINT (114.23444482706378 22.553330768525786)
2021-01-01 13:55:41,22.683577788274665,2021-01-01 14:40:15,114.04433406690055,b407044aa9be25654f6c2b**********,114.0611677307441,22.70338943088392,,POINT (114.0611677307441 22.683577788274665)
2021-01-01 13:56:25,22.554427823474942,2021-01-01 14:45:51,114.27126059279571,a54d8de47050bab2822604**********,114.23587896835893,22.585902169509783,,POINT (114.23587896835893 22.554427823474942)
2021-01-01 13:56:25,22.55435970536471,2021-01-01 14:45:51,114.27119252666607,faf770370527a7c0014693**********,114.23581080467117,22.58583414266994,,POINT (114.23581080467117 22.55435970536471)
2021-01-01 13:57:07,22.659604121284964,2021-01-01 14:15:24,114.01469817567946,54f6b3100bd2725fcb0873**********,114.0302362736735,22.660476036084347,,POINT (114.0302362736735 22.659604121284964)
2021-01-01 13:58:23,22.49070633599743,2021-01-01 14:07:48,113.93114470743791,c9ede121d80da9a12caef1**********,113.93644444025054,22.48940683262818,,POINT (113.93644444025054 22.49070633599743)
2021-01-01 13:58:24,22.54630417031947,2021-01-01 14:09:58,114.10624382555486,b9a5e1491357f97ebe91b5**********,114.11214933783495,22.544402606999494,,POINT (114.11214933783495 22.54630417031947)
2021-01-01 13:58:34,22.6652440589811,2021-01-01 14:05:58,114.02608216701151,872acc0bd267c9be7179a1**********,114.03050756460637,22.66077922686137,,POINT (114.03050756460637 22.6652440589811)
2021-01-01 14:00:16,22.629421076918916,2021-01-01 14:10:22,113.83111166968028,64abb926afdf3f46b6d2b5**********,113.83538873626796,22.631391962686486,,POINT (113.83538873626796 22.629421076918916)
2021-01-01 14:01:37,22.59041023186002,2021-01-01 14:16:39,113.87489707088143,12a8389af4ccaa29dd42fe**********,113.87249858877462,22.579283655438985,,POINT (113.87249858877462 22.59041023186002)
2021-01-01 14:01:37,22.590464678325816,2021-01-01 14:16:39,113.87495155754446,ec542e80e56d1df73e091b**********,113.87255308034788,22.579338098053196,,POINT (113.87255308034788 22.590464678325816)
2021-01-01 14:02:10,22.524642213709246,2021-01-01 14:04:27,113.90830377679448,e1e64fca9a65d761ff29fd**********,113.90971773800034,22.522154296199734,,POINT (113.90971773800034 22.524642213709246)
2021-01-01 14:02:42,22.560773318880173,2021-01-01 14:26:35,114.24359503055399,5028d8af130ea2ddd94d48**********,114.23993488856135,22.565080566099212,,POINT (114.23993488856135 22.560773318880173)
2021-01-01 14:02:45,22.532981962791006,2021-01-01 16:24:27,113.88875649557144,f82c669bc63a96b44b0cfd**********,113.88818878860843,22.55157474865942,,POINT (113.88818878860843 22.532981962791006)
2021-01-01 14:03:10,22.591136121009573,2021-01-01 15:06:13,114.29918446550988,d432a1f6c72324ee1890f8**********,114.30015828140985,22.589990109776274,,POINT (114.30015828140985 22.591136121009573)
2021-01-01 14:03:10,22.591136121009573,2021-01-01 15:06:13,114.29918446550988,5e05ec125f75804d9f4961**********,114.30015828140985,22.589990109776274,,POINT (114.30015828140985 22.591136121009573)
2021-01-01 14:03:39,22.503491804105536,2021-01-01 14:21:28,113.91819126201979,eb00123a24227540b4af44**********,113.9281507318675,22.506828369540898,,POINT (113.9281507318675 22.503491804105536)
2021-01-01 14:04:16,22.590912959747556,2021-01-01 14:11:48,113.87512572736404,ab9581c2df5886dda1473c**********,113.87376425559566,22.5800879191187,,POINT (113.87376425559566 22.590912959747556)
2021-01-01 14:07:09,22.560157786117074,2021-01-01 14:14:37,114.03983419285323,a8d3b423584e5d58ef98ef**********,114.04745749646749,22.556514431592674,,POINT (114.04745749646749 22.560157786117074)
2021-01-01 14:08:32,22.542798831108012,2021-01-01 14:18:38,114.12098853054114,93b85f0606e46e2f8cb995**********,114.11544300585709,22.542216928769182,,POINT (114.11544300585709 22.542798831108012)
2021-01-01 14:08:36,22.554804335903835,2021-01-01 16:49:53,114.30136473175271,8b2b5948223b585ba8186f**********,114.23618194447484,22.58434978291904,,POINT (114.23618194447484 22.554804335903835)
2021-01-01 14:09:07,22.606595884298653,2021-01-01 14:16:17,114.12646269274595,d92193c95c9a52d38810fd**********,114.12019282255609,22.60960588050641,,POINT (114.12019282255609 22.606595884298653)
2021-01-01 14:09:35,22.548537192778326,2021-01-01 14:24:20,114.2266255041478,03cfd6cebf8c98fc7ec3fc**********,114.23125433843663,22.549155049294487,,POINT (114.23125433843663 22.548537192778326)
2021-01-01 14:09:35,22.548511181239093,2021-01-01 14:24:20,114.22659947019675,f7da7f839734a6e602572a**********,114.2312283092538,22.549129033443123,,POINT (114.2312283092538 22.548511181239093)
2021-01-01 14:09:35,22.548537192778326,2021-01-01 14:24:20,114.2266255041478,6bc1158694286c799f2beb**********,114.23125433843663,22.549155049294487,,POINT (114.23125433843663 22.548537192778326)
2021-01-01 14:09:37,22.555912715752456,2021-01-01 14:19:50,114.09545942346595,c33f0ad59798b09b7dc5cd**********,114.08495954626252,22.56004321081189,,POINT (114.08495954626252 22.555912715752456)
2021-01-01 14:11:16,22.548939157167787,2021-01-01 14:24:56,113.91512917466974,2f96bfec263b318c79608a**********,113.92308091778214,22.5376905674043,,POINT (113.92308091778214 22.548939157167787)
2021-01-01 14:11:58,22.537928197586584,2021-01-01 14:28:21,114.05479918966029,9bf721cc561871c1906b82**********,114.06415349349273,22.551457206805456,,POINT (114.06415349349273 22.537928197586584)
2021-01-01 14:12:40,22.52322676399062,2021-01-01 14:32:20,114.05553055442715,f31ac2e59375e41753fcb6**********,114.04887567042913,22.518382232350042,,POINT (114.04887567042913 22.52322676399062)
2021-01-01 14:12:44,22.572008022935574,2021-01-01 14:28:13,114.14389289636841,3668b2f27207493170a3bf**********,114.13377919635366,22.558232818593865,,POINT (114.13377919635366 22.572008022935574)
2021-01-01 14:13:17,22.647327784624935,2021-01-01 14:28:35,113.82400375347204,4fa850107e60b4468a3409**********,113.82227472055635,22.6476850025434,,POINT (113.82227472055635 22.647327784624935)
2021-01-01 14:13:17,22.647341007051825,2021-01-01 14:28:35,113.8240169882668,9928e0c419e81cf95f1a77**********,113.82228795533376,22.64769822496404,,POINT (113.82228795533376 22.647341007051825)
2021-01-01 14:13:33,22.64553614718505,2021-01-01 14:21:21,113.92964962521397,4876104608e3ce7011f722**********,113.92218398772532,22.637181005432105,,POINT (113.92218398772532 22.64553614718505)
2021-01-01 14:14:54,22.642758963431692,2021-01-01 14:23:51,114.02051036561187,02f22239e758531a18836b**********,114.01256962450672,22.6400428174939,,POINT (114.01256962450672 22.642758963431692)
2021-01-01 14:15:27,22.548810755164965,2021-01-01 15:18:13,114.22604567736363,fafe9cad0c5b7a8a53a927**********,114.22648059745028,22.549436028091762,,POINT (114.22648059745028 22.548810755164965)
2021-01-01 14:15:51,22.563614346534894,2021-01-01 14:18:21,114.09148086314887,fe76e05623865502927c73**********,114.08964313639655,22.55992540872719,,POINT (114.08964313639655 22.563614346534894)
2021-01-01 14:15:51,22.56366563430224,2021-01-01 14:18:21,114.09153219299054,8986ac927da3884b670f5f**********,114.08969446177655,22.559976700915097,,POINT (114.08969446177655 22.56366563430224)
2021-01-01 14:16:52,22.55827100405534,2021-01-01 14:55:49,114.1426029688661,59e630b37be202fc56250c**********,114.14398115504136,22.56973733334565,,POINT (114.14398115504136 22.55827100405534)
2021-01-01 14:17:33,22.630247110770878,2021-01-01 14:27:11,114.21870072195624,2144fb4fc6c1939443337c**********,114.21778545034817,22.635877537722628,,POINT (114.21778545034817 22.630247110770878)
2021-01-01 14:20:29,22.54889345275293,2021-01-01 14:36:22,114.04383229679134,7f2c0dde55c02aa5331d0e**********,114.05027181828177,22.550645367982618,,POINT (114.05027181828177 22.54889345275293)
2021-01-01 14:20:38,22.528711219285302,2021-01-01 14:51:29,114.0416057999704,4ccfd08c41821983d61aa2**********,114.04126661062345,22.52640870958757,,POINT (114.04126661062345 22.528711219285302)
2021-01-01 14:22:08,22.648032722426375,2021-01-01 14:36:46,114.03239800095717,c5d1652ca73b8cc7e3bfc7**********,114.03388670658431,22.632203601513616,,POINT (114.03388670658431 22.648032722426375)
2021-01-01 14:22:12,22.53770872139127,2021-01-01 14:25:51,114.0677179338543,dd6ac0058880dd83bebff8**********,114.0657070070414,22.539004889723746,,POINT (114.0657070070414 22.53770872139127)
2021-01-01 14:23:30,22.523405445013907,2021-01-01 14:33:59,113.98694954871833,30989d292b3850ca5beb2a**********,113.98139327242073,22.524595072178112,,POINT (113.98139327242073 22.523405445013907)
2021-01-01 14:23:30,22.523358386319003,2021-01-01 14:33:59,113.98690246996254,0ba0af49ef486952a21d7f**********,113.98134619112994,22.524548015935167,,POINT (113.98134619112994 22.523358386319003)
2021-01-01 14:23:53,22.655694698858547,2021-01-01 14:27:44,114.18764487774213,01ce305811e864dff90fc4**********,114.19051134928053,22.65103788327083,,POINT (114.19051134928053 22.655694698858547)
2021-01-01 14:24:16,22.5365380033814,2021-01-01 14:29:29,114.07887725273294,dc6240efc1886df31f4a22**********,114.07800958890631,22.540581440361738,,POINT (114.07800958890631 22.5365380033814)
2021-01-01 14:24:26,22.549520825285633,2021-01-01 14:34:37,113.88527572415937,d0d3a0ef20166343c8c05a**********,113.8837863558032,22.545951120125277,,POINT (113.8837863558032 22.549520825285633)
2021-01-01 14:24:47,22.52435369635646,2021-01-01 14:29:54,114.03078090043095,2eeb519f6d98d586f4bd4c**********,114.03637612843934,22.52773003733721,,POINT (114.03637612843934 22.52435369635646)
2021-01-01 14:25:00,22.65184386970295,2021-01-01 15:16:23,113.99252159884314,9af389fc251b12e8b70a7f**********,114.0214311638824,22.67732060369591,,POINT (114.0214311638824 22.65184386970295)
2021-01-01 14:25:34,22.550016635859738,2021-01-01 14:48:52,113.97324177029351,83966b9b7d94b8db4b805b**********,113.97209801805757,22.537885421631213,,POINT (113.97209801805757 22.550016635859738)
2021-01-01 14:25:40,22.519860773465293,2021-01-01 14:33:58,113.93348628802806,102b474588ac1c0b425248**********,113.93496472138705,22.516243853363537,,POINT (113.93496472138705 22.519860773465293)
2021-01-01 14:25:48,22.625411111012998,2021-01-01 14:33:19,114.03341114873439,640974352e470da8c92b67**********,114.02687944269039,22.624848716313252,,POINT (114.02687944269039 22.625411111012998)
2021-01-01 14:25:48,22.625423775604993,2021-01-01 14:33:19,114.03342382382385,72edc92805bf036ee5a182**********,114.02689211533564,22.624861383190783,,POINT (114.02689211533564 22.625423775604993)
2021-01-01 14:26:00,22.545751117799128,2021-01-01 14:31:31,114.08767613332225,f7d2845b6ee1eb1de74f33**********,114.08465581954772,22.541631461982593,,POINT (114.08465581954772 22.545751117799128)
2021-01-01 14:26:00,22.54572402972209,2021-01-01 14:31:31,114.08764902250736,8f991c32a484b8a60ba0ec**********,114.08462871265846,22.541604370087292,,POINT (114.08462871265846 22.54572402972209)
2021-01-01 14:26:19,22.53067278629221,2021-01-01 14:32:05,114.07849365483486,e63401c70984dc766ce27b**********,114.07412635842745,22.53484062716205,,POINT (114.07412635842745 22.53067278629221)
2021-01-01 14:26:34,22.66090198540829,2021-01-01 14:46:07,114.02632737447487,fc7b5d60be4049490866ed**********,114.02618636869897,22.672506765936596,,POINT (114.02618636869897 22.66090198540829)
2021-01-01 14:26:34,22.66090198540829,2021-01-01 14:46:07,114.02632737447487,512eb96dfab9cba65f4ef0**********,114.02618636869897,22.672506765936596,,POINT (114.02618636869897 22.66090198540829)
2021-01-01 14:27:48,22.469043164993742,2021-01-01 15:27:41,113.89309363696857,9edd8a9912e3e4598e63e2**********,113.89221825951911,22.46895943769463,,POINT (113.89221825951911 22.469043164993742)
2021-01-01 14:27:56,22.539476641632433,2021-01-01 14:41:26,114.0632860933447,8cb04a4f6661921d672db1**********,114.07406451611521,22.539477429981066,,POINT (114.07406451611521 22.539476641632433)
2021-01-01 14:28:44,22.52377255700142,2021-01-01 15:12:51,113.99683885530753,33b937bbe4ee9ce68a5ec7**********,114.04395257145107,22.52863791979553,,POINT (114.04395257145107 22.52377255700142)
2021-01-01 14:29:03,22.679262993283007,2021-01-01 14:37:24,113.98736427368944,1424b529b5c164e22e7179**********,113.99164290479165,22.674966209920267,,POINT (113.99164290479165 22.679262993283007)
2021-01-01 14:29:03,22.679172688717074,2021-01-01 14:37:24,113.98727390696632,8ab8d8f9f81e360cb89eab**********,113.99155253999146,22.674875903115087,,POINT (113.99155253999146 22.679172688717074)
2021-01-01 14:29:23,22.55121569175334,2021-01-01 14:53:11,114.04179503261236,4e35e7c4e08eab1cfd2209**********,114.05465872793056,22.54427480329262,,POINT (114.05465872793056 22.55121569175334)
2021-01-01 14:29:53,22.54799711687031,2021-01-01 14:44:42,114.11797776564038,0b9a6c6612e10543993ba3**********,114.1118869014432,22.54779982338861,,POINT (114.1118869014432 22.54799711687031)
2021-01-01 14:29:53,22.548018732121168,2021-01-01 14:44:42,114.1179994026903,76ae01936eda48e738b417**********,114.1119085334346,22.547821443396934,,POINT (114.1119085334346 22.548018732121168)
2021-01-01 14:29:55,22.520650782161244,2021-01-01 15:10:48,113.92395122916771,6b33dbc1ed8bd0ace579a3**********,113.9320974460296,22.490502456616408,,POINT (113.9320974460296 22.520650782161244)
2021-01-01 14:30:04,22.548183391294174,2021-01-01 14:44:44,114.11789591360183,08b28ac64137e33782dcf5**********,114.11178053540343,22.54821174273609,,POINT (114.11178053540343 22.548183391294174)
2021-01-01 14:30:04,22.548137859417178,2021-01-01 14:44:44,114.11785033575006,7a32bc68cee19e3c12b6ac**********,114.1117349682692,22.548166200793354,,POINT (114.1117349682692 22.548137859417178)
2021-01-01 14:30:44,22.669510340202184,2021-01-01 14:37:29,114.01374120499017,5f814634d4c89b60501f90**********,114.01845246893983,22.670701406696892,,POINT (114.01845246893983 22.669510340202184)
2021-01-01 14:32:06,22.531663625657895,2021-01-01 14:58:21,113.99042870487439,b1981654fc426ad3776eb7**********,114.02037470464819,22.524734156476317,,POINT (114.02037470464819 22.531663625657895)
2021-01-01 14:32:20,22.592267626143336,2021-01-01 15:11:13,114.3012542432758,971f1227e594e2d74bfae7**********,114.25175620943095,22.58421929912417,,POINT (114.25175620943095 22.592267626143336)
2021-01-01 14:33:15,22.61380922407654,2021-01-01 14:37:01,114.03242498977204,09a991f1410b238f197bd3**********,114.03316359953975,22.616230292878136,,POINT (114.03316359953975 22.61380922407654)
2021-01-01 14:33:15,22.613752073216506,2021-01-01 14:37:01,114.0323678039936,47b10fd14b4cb2d27937e2**********,114.03310641243415,22.616173143424113,,POINT (114.03310641243415 22.613752073216506)
2021-01-01 14:34:25,22.5748505121503,2021-01-01 14:48:04,113.88377424345953,b79a406db69487c9c757ed**********,113.87606105161288,22.582063947660387,,POINT (113.87606105161288 22.5748505121503)
2021-01-01 14:35:29,22.529030582846577,2021-01-01 15:23:49,113.91317503630663,eafcbb32c836f71245e8f3**********,113.91456534469718,22.499990846425028,,POINT (113.91456534469718 22.529030582846577)
2021-01-01 14:35:29,22.529071948353316,2021-01-01 15:23:49,113.9132164308632,ecb1cf81f25eb91185f1db**********,113.9146067364764,22.500032216132112,,POINT (113.9146067364764 22.529071948353316)
2021-01-01 14:35:38,22.553947237401015,2021-01-01 14:44:02,114.04130044125426,136339dc2635b1f0ee9bf0**********,114.0443707720158,22.556596665672448,,POINT (114.0443707720158 22.553947237401015)
2021-01-01 14:36:44,22.548020860186448,2021-01-01 14:49:39,114.09395157914503,d7df64bf7f49af26da8424**********,114.08808906279606,22.551971937621474,,POINT (114.08808906279606 22.548020860186448)
2021-01-01 14:36:44,22.547990169061602,2021-01-01 14:49:39,114.09392085778865,1808f06793c4d5b9732e3c**********,114.08805834994108,22.551941238701946,,POINT (114.08805834994108 22.547990169061602)
2021-01-01 14:36:50,22.528628065237182,2021-01-01 15:40:08,114.02485475292919,c75545e85645d1ee6870dc**********,113.99687998153676,22.53231297314177,,POINT (113.99687998153676 22.528628065237182)
2021-01-01 14:37:14,22.53950597875368,2021-01-01 14:40:26,113.97331236847144,7b8a5cbfbd5c3932b99ab4**********,113.9711841105739,22.5411286269111,,POINT (113.9711841105739 22.53950597875368)
2021-01-01 14:37:19,22.654736639776043,2021-01-01 14:52:04,114.06831216968139,a58f0363c8485810e8d4f7**********,114.0718303290621,22.651142393971153,,POINT (114.0718303290621 22.654736639776043)
2021-01-01 14:37:44,22.66980670647097,2021-01-01 14:48:23,114.03936539332013,6ccafc75bbf049f9c7955d**********,114.02956333972907,22.67213802928217,,POINT (114.02956333972907 22.66980670647097)
2021-01-01 14:37:44,22.669847592909065,2021-01-01 14:48:23,114.03940632112369,5b452eb109ba690b075008**********,114.02960425449673,22.67217892775584,,POINT (114.02960425449673 22.669847592909065)
2021-01-01 14:38:03,22.677699219086826,2021-01-01 14:47:09,113.94023362846094,bb868467822366768153bf**********,113.94042735518131,22.670479770760654,,POINT (113.94042735518131 22.677699219086826)
2021-01-01 14:38:06,22.670656704139642,2021-01-01 14:48:11,114.03923556515187,343caa67371be54190906d**********,114.02880798728326,22.672277211226067,,POINT (114.02880798728326 22.670656704139642)
2021-01-01 14:38:14,22.556732782526055,2021-01-01 14:45:09,114.23287246592484,15a6f60a7bed062267f042**********,114.22943224708703,22.56254613327967,,POINT (114.22943224708703 22.556732782526055)
2021-01-01 14:38:14,22.556660046165614,2021-01-01 14:45:09,114.23279968900388,5c2db6fe01f2977bbad20e**********,114.22935946012129,22.562473406601644,,POINT (114.22935946012129 22.556660046165614)
2021-01-01 14:38:19,22.530587234917107,2021-01-01 14:50:24,113.98882473669397,a30381e04889f11be66eed**********,113.99144479524863,22.530375765898032,,POINT (113.99144479524863 22.530587234917107)
2021-01-01 14:38:19,22.53049581694658,2021-01-01 14:50:24,113.98873327334212,c8eba5d343180f69d3ce48**********,113.99135333294889,22.530284346909223,,POINT (113.99135333294889 22.53049581694658)
2021-01-01 14:38:30,22.56388549099258,2021-01-01 14:57:12,114.11123321482263,2317469059418f9b3c43b1**********,114.10386335909924,22.584695398833713,,POINT (114.10386335909924 22.56388549099258)
2021-01-01 14:38:30,22.563795757984458,2021-01-01 14:57:12,114.11114338449492,908073b69752d1d0bdaa02**********,114.10377355659051,22.58460564216053,,POINT (114.10377355659051 22.563795757984458)
2021-01-01 14:38:30,22.56388549099258,2021-01-01 14:57:12,114.11123321482263,6d6242dbfee427295dc463**********,114.10386335909924,22.584695398833713,,POINT (114.10386335909924 22.56388549099258)
2021-01-01 14:39:29,22.547989491054246,2021-01-01 15:31:44,114.07825369398552,2d84a08b583c14a15744f2**********,114.07048361284146,22.533104665794347,,POINT (114.07048361284146 22.547989491054246)
2021-01-01 14:39:39,22.54879340916957,2021-01-01 14:51:04,114.23184657101477,b1fee0bf74801ed9f4d3f6**********,114.22670454491863,22.55742136159746,,POINT (114.22670454491863 22.54879340916957)
2021-01-01 14:40:18,22.609801733867815,2021-01-01 14:56:50,114.15034916149415,6408ef8cd7b568fccea18c**********,114.12596512546061,22.609081236175317,,POINT (114.12596512546061 22.609801733867815)
2021-01-01 14:41:29,22.613481198723523,2021-01-01 14:50:28,114.03192704256038,76af797438c881f545cd3c**********,114.03767328869606,22.614737983227517,,POINT (114.03767328869606 22.613481198723523)
2021-01-01 14:42:19,22.652083886785828,2021-01-01 14:52:07,114.03901643303544,31be811736b9779733aa67**********,114.03824069735613,22.64758140369813,,POINT (114.03824069735613 22.652083886785828)
2021-01-01 14:43:01,22.696146881158704,2021-01-01 15:08:39,113.83197138503364,60824ef885cf29c4591ae6**********,113.81472567528132,22.693157055037958,,POINT (113.81472567528132 22.696146881158704)
2021-01-01 14:43:01,22.696139469195963,2021-01-01 15:08:39,113.83196396572035,fbac414290732173915e3d**********,113.81471825604027,22.693149643077238,,POINT (113.81471825604027 22.696139469195963)
2021-01-01 14:44:13,22.62549748051623,2021-01-01 15:15:24,114.04079914509298,82bb89a0fb7af996e74d28**********,114.03444280300015,22.617311589276095,,POINT (114.03444280300015 22.62549748051623)
2021-01-01 14:44:13,22.62556859676531,2021-01-01 15:15:24,114.04087032331648,828b59250f3f3da6f2a703**********,114.03451396557648,22.61738272081512,,POINT (114.03451396557648 22.62556859676531)
2021-01-01 14:45:03,22.62866958643722,2021-01-01 14:54:17,114.05008809596254,35627ccc70b9f8646f999d**********,114.05569418600692,22.634194466101654,,POINT (114.05569418600692 22.62866958643722)
2021-01-01 14:45:07,22.62860595707063,2021-01-01 14:54:29,114.0522006301123,af4929092682ffef3c28b8**********,114.05588935720498,22.632931361483514,,POINT (114.05588935720498 22.62860595707063)
2021-01-01 14:45:07,22.628673534671602,2021-01-01 14:54:29,114.05226824499248,1d1fe54a41a69c945c5873**********,114.05595698284985,22.63299892869351,,POINT (114.05595698284985 22.628673534671602)
2021-01-01 14:45:35,22.569962066828538,2021-01-01 15:00:34,113.85868926741442,8bd3434813e81a680fdb28**********,113.8639898376189,22.56541004974715,,POINT (113.8639898376189 22.569962066828538)
2021-01-01 14:45:47,22.586662532447964,2021-01-01 14:52:05,114.29922185691142,8330a85c264b2b71ed1df9**********,114.30140695986208,22.59001650326662,,POINT (114.30140695986208 22.586662532447964)
2021-01-01 14:45:52,22.661068587749714,2021-01-01 15:00:10,114.01678923494994,06d3432ba3267e8ccaf8de**********,114.00600554759599,22.657384070124902,,POINT (114.00600554759599 22.661068587749714)
2021-01-01 14:46:21,22.615174830585996,2021-01-01 14:54:01,114.04064526969454,45da1021a0175d9a237eaa**********,114.0383222844384,22.60963593985235,,POINT (114.0383222844384 22.615174830585996)
2021-01-01 14:47:13,22.657512562820482,2021-01-01 14:54:17,113.99968041621563,605342e88ec357f903a0c6**********,113.99626880246204,22.659165744799566,,POINT (113.99626880246204 22.657512562820482)
2021-01-01 14:47:28,22.533137538525953,2021-01-01 14:52:37,114.04633437554163,784ddd25b1193cd9d5d1e6**********,114.04799021139398,22.526490391565158,,POINT (114.04799021139398 22.533137538525953)
2021-01-01 14:47:28,22.533079155472546,2021-01-01 14:52:37,114.04627596323105,a865ba44abdc2001d05061**********,114.04793179522332,22.52643201160238,,POINT (114.04793179522332 22.533079155472546)
2021-01-01 14:47:52,22.551322769106505,2021-01-01 14:52:52,114.05814982852809,babf0f495a0e4cd648ab20**********,114.06183996323756,22.551600779564225,,POINT (114.06183996323756 22.551322769106505)
2021-01-01 14:47:52,22.55137479297029,2021-01-01 14:52:52,114.05820187652823,e6d2a67bd7fccee10e8170**********,114.06189201993108,22.551652795294515,,POINT (114.06189201993108 22.55137479297029)
2021-01-01 14:47:56,22.503084941793368,2021-01-01 15:03:08,113.92030627081235,c7a5f71d1ccf1c65c1f37f**********,113.93231690580252,22.5117860350522,,POINT (113.93231690580252 22.503084941793368)
2021-01-01 14:49:19,22.58594646232299,2021-01-01 15:23:47,114.30130313897425,045ccc7ab5f0d68d621ea9**********,114.29464441525751,22.584234192970854,,POINT (114.29464441525751 22.58594646232299)
2021-01-01 14:49:24,22.63926796916378,2021-01-01 14:53:05,114.04296032691029,fbeef6f93a87a773a12ab0**********,114.04314548891499,22.642045520828074,,POINT (114.04314548891499 22.63926796916378)
2021-01-01 14:49:37,22.556075518220172,2021-01-01 14:55:34,114.14548535130812,f5362fb3e342c561153df0**********,114.14369101019375,22.550422732069617,,POINT (114.14369101019375 22.556075518220172)
2021-01-01 14:49:39,22.538846203195657,2021-01-01 14:55:43,113.91052824037318,a6d8a99845367f8b14bc04**********,113.91453758898022,22.535929415313614,,POINT (113.91453758898022 22.538846203195657)
2021-01-01 14:50:02,22.54514756072113,2021-01-01 15:08:40,114.07924284229733,e5a4bf634fc15e3829c256**********,114.06609899479635,22.53596040227669,,POINT (114.06609899479635 22.54514756072113)
2021-01-01 14:50:38,22.633250392219242,2021-01-01 15:16:45,114.06478392794799,dd75e9273819e17585f9de**********,114.06455270635136,22.63341895927692,,POINT (114.06455270635136 22.633250392219242)
2021-01-01 14:50:44,22.554008527695974,2021-01-01 14:58:50,114.04047059493264,d505cb71ea5b391eda6c92**********,114.04440672368847,22.556133933638762,,POINT (114.04440672368847 22.554008527695974)
2021-01-01 14:50:44,22.554072489488973,2021-01-01 14:58:50,114.04053458473024,1898bf822622c7c16de810**********,114.04447072292054,22.556197886456733,,POINT (114.04447072292054 22.554072489488973)
2021-01-01 14:51:59,22.52862639085876,2021-01-01 15:01:18,113.99051862560326,892873abc107d091618de7**********,113.99676959189068,22.524760032761797,,POINT (113.99676959189068 22.52862639085876)
2021-01-01 14:51:59,22.52855481180285,2021-01-01 15:01:18,113.9904470114729,8599f91e8c00187e9f8af3**********,113.9966979783115,22.52468845280819,,POINT (113.9966979783115 22.52855481180285)
2021-01-01 14:52:52,22.661380226823713,2021-01-01 14:59:08,114.00583230472827,e55ad627876e75282fc006**********,113.99888945739899,22.660821168428228,,POINT (113.99888945739899 22.661380226823713)
2021-01-01 14:52:52,22.66129639924012,2021-01-01 14:59:08,114.00574841900692,927ddb55efd83293a2e981**********,113.99880557554182,22.66073733721339,,POINT (113.99880557554182 22.66129639924012)
2021-01-01 14:53:25,22.681535613030274,2021-01-01 15:31:17,113.97724083149421,9e8234c2eb3ae50a8d6947**********,113.9873495368957,22.68930034961395,,POINT (113.9873495368957 22.681535613030274)
2021-01-01 14:53:50,22.55148145026735,2021-01-01 15:14:53,114.04043599834323,9bc3088534d5a2464210d1**********,114.05484362001208,22.5311396368155,,POINT (114.05484362001208 22.55148145026735)
2021-01-01 14:54:09,22.587787642547013,2021-01-01 15:27:46,113.96187743926781,9c21d9791cb492ac212009**********,113.94319014476328,22.560568902928164,,POINT (113.94319014476328 22.587787642547013)
2021-01-01 14:54:34,22.669416458111062,2021-01-01 15:01:34,114.01225191148058,160a89acc5062a6dc80ded**********,114.01597798852978,22.664738804846035,,POINT (114.01597798852978 22.669416458111062)
2021-01-01 14:55:00,22.562789272457408,2021-01-01 15:19:24,113.88027326436838,e5400065356a48e9e43c41**********,113.8835987136482,22.55078889419815,,POINT (113.8835987136482 22.562789272457408)
2021-01-01 14:55:00,22.562772564525275,2021-01-01 15:19:24,113.88025654130053,18142717c603e47ff6dc77**********,113.88358199289422,22.55077218382507,,POINT (113.88358199289422 22.562772564525275)
2021-01-01 14:55:12,22.600867556286644,2021-01-01 15:01:19,114.10998234599668,17356a032dd74f3bd9ed25**********,114.11356614164634,22.601315169342822,,POINT (114.11356614164634 22.600867556286644)
2021-01-01 14:55:12,22.60089287401053,2021-01-01 15:01:19,114.11000768153181,bc1a5cddaa839cb5281b66**********,114.11359148081696,22.601340483641177,,POINT (114.11359148081696 22.60089287401053)
2021-01-01 14:55:15,22.563085453006256,2021-01-01 15:05:36,114.11078990860099,e0834cc01e0eeafeef1869**********,114.11165207951385,22.54790304525772,,POINT (114.11165207951385 22.563085453006256)
2021-01-01 14:55:30,22.663689666495703,2021-01-01 15:03:09,114.01610678029094,c33e44478c6a262f1e9982**********,114.01980823373331,22.65659631830333,,POINT (114.01980823373331 22.663689666495703)
2021-01-01 14:56:03,22.62336998750459,2021-01-01 15:43:36,114.06741782513359,1baed7066b621afa90b8e8**********,114.06689501573128,22.623039847820902,,POINT (114.06689501573128 22.62336998750459)
2021-01-01 14:56:03,22.62333213812372,2021-01-01 15:43:36,114.06737994689789,0f594cc0aa30dc7fa75dde**********,114.06685713842889,22.62300199755373,,POINT (114.06685713842889 22.62333213812372)
2021-01-01 14:56:06,22.730037078228495,2021-01-01 16:01:02,113.90862609813149,a7fd0af3181f27161644ad**********,113.90888587441944,22.730016670510867,,POINT (113.90888587441944 22.730037078228495)
2021-01-01 14:56:09,22.664006526710807,2021-01-01 15:19:37,114.01410238845514,b4772948ed6632e7c1b084**********,114.02182676124602,22.660184246111104,,POINT (114.02182676124602 22.664006526710807)
2021-01-01 14:56:09,22.663988978675686,2021-01-01 15:19:37,114.01408483135096,a0f5c5c74974995d769844**********,114.02180920141231,22.66016670053934,,POINT (114.02180920141231 22.663988978675686)
2021-01-01 14:56:43,22.56152039217624,2021-01-01 15:00:57,114.10218554060489,c7591f953cad02fb321050**********,114.09685124842608,22.56161780999298,,POINT (114.09685124842608 22.56152039217624)
2021-01-01 14:57:36,22.556980371590335,2021-01-01 15:00:56,114.03997450976381,394406f5c0174246f06170**********,114.04359343150077,22.55663005797108,,POINT (114.04359343150077 22.556980371590335)
2021-01-01 14:57:53,22.675001713625928,2021-01-01 15:11:41,114.06802930312394,b82fc17395db44191b9686**********,114.06049824820309,22.66076296439072,,POINT (114.06049824820309 22.675001713625928)
2021-01-01 14:58:07,22.504338758421433,2021-01-01 15:10:09,113.92388094164599,7be76a4015f17691d69dce**********,113.93322617284358,22.505376028353748,,POINT (113.93322617284358 22.504338758421433)
2021-01-01 14:58:25,22.523024625944867,2021-01-01 15:13:33,113.93803531188914,39be86a17bab0352a6c128**********,113.9532523544135,22.520850455483746,,POINT (113.9532523544135 22.523024625944867)
2021-01-01 14:59:02,22.529267299422568,2021-01-01 15:03:26,113.99632616032429,a966aba84bb71adf764957**********,113.99629657173674,22.52936482493583,,POINT (113.99629657173674 22.529267299422568)
2021-01-01 14:59:02,22.52929979905793,2021-01-01 15:03:26,113.99635867566325,027353dfa8cbeef4a98877**********,113.99632908707459,22.529397324568045,,POINT (113.99632908707459 22.52929979905793)
2021-01-01 14:59:15,22.589250169833733,2021-01-01 16:55:06,114.29936414818084,684c6dc2270b0ff20c8cb8**********,114.27262988018911,22.589543391908016,,POINT (114.27262988018911 22.589250169833733)
2021-01-01 14:59:46,22.564695636423824,2021-01-01 15:43:27,114.27121452612093,44c8034e6eb3e7b9a56701**********,114.24126994995056,22.585692138754897,,POINT (114.24126994995056 22.564695636423824)
2021-01-01 14:59:59,22.72061341177154,2021-01-01 15:42:34,113.79927679543687,f84b205829135fd84b3781**********,113.79627506728055,22.694128733688824,,POINT (113.79627506728055 22.72061341177154)
2021-01-01 15:00:08,22.54047542288908,2021-01-01 15:06:42,113.9730909898384,a45f4218cede5d28d6cecb**********,113.97826892533439,22.54151045253546,,POINT (113.97826892533439 22.54047542288908)
2021-01-01 15:03:07,22.51797697028964,2021-01-01 15:30:08,113.99704655137596,3efc2b635d0c77275ab9d2**********,114.03400967934951,22.528742013765605,,POINT (114.03400967934951 22.51797697028964)
2021-01-01 15:03:18,22.655555541305908,2021-01-01 15:18:21,114.02013503133627,94d3cfd8de5e730849b349**********,114.04031116604341,22.656199326391953,,POINT (114.04031116604341 22.655555541305908)
2021-01-01 15:03:45,22.671070185056205,2021-01-01 16:03:59,114.10612940849755,cc763581ff70a6033635bb**********,114.04769771990388,22.61684183495559,,POINT (114.04769771990388 22.671070185056205)
2021-01-01 15:04:11,22.559054494084442,2021-01-01 15:10:18,114.23678659836833,85a0e24ec5894a2d4e9d4d**********,114.23349000971162,22.561504194706274,,POINT (114.23349000971162 22.559054494084442)
2021-01-01 15:04:39,22.553313550949312,2021-01-01 15:21:52,114.23492237185873,ca35f2368a95f247fd6b67**********,114.23488459804369,22.553555996345203,,POINT (114.23488459804369 22.553313550949312)
2021-01-01 15:04:53,22.660954750900693,2021-01-01 15:19:42,114.03097780527399,22b7738df1e4be35ebda6e**********,114.02703890373144,22.66442550049507,,POINT (114.02703890373144 22.660954750900693)
2021-01-01 15:04:53,22.660913567650578,2021-01-01 15:19:42,114.03093658944876,cd330fb97fe34a94e3c9a3**********,114.02699769256424,22.664384313069945,,POINT (114.02699769256424 22.660913567650578)
2021-01-01 15:05:32,22.571094183055806,2021-01-01 15:10:55,114.12306680681951,9d665c9dfa1f026912b537**********,114.12743401271817,22.567890574814058,,POINT (114.12743401271817 22.571094183055806)
2021-01-01 15:06:37,22.558232654365696,2021-01-01 15:52:13,114.13656176636364,2b9eaa9de9be3d24c75012**********,114.13558076235236,22.557263709634924,,POINT (114.13558076235236 22.558232654365696)
2021-01-01 15:06:38,22.56106130358846,2021-01-01 15:18:50,114.11378903405247,940e2458cd4b44ef9526a5**********,114.11019024143093,22.550533445019646,,POINT (114.11019024143093 22.56106130358846)
2021-01-01 15:06:46,22.556201634049195,2021-01-01 15:20:17,114.237164528327,2d49b6879f6417d8196417**********,114.23652296924755,22.55579860439359,,POINT (114.23652296924755 22.556201634049195)
2021-01-01 15:07:20,22.530316919374336,2021-01-01 15:26:22,113.97828347471307,4f865c58cd480bd267aa7c**********,113.98873194460403,22.53587293756718,,POINT (113.98873194460403 22.530316919374336)
2021-01-01 15:07:36,22.555746769593565,2021-01-01 15:58:20,114.23553955197877,80c5b0af6e586d2838aade**********,114.23540305633095,22.554205192293875,,POINT (114.23540305633095 22.555746769593565)
2021-01-01 15:07:45,22.660198041118267,2021-01-01 15:37:34,114.02877279638922,64d5ec581b9ef741fd5a03**********,114.01490448560976,22.67468337700279,,POINT (114.01490448560976 22.660198041118267)
2021-01-01 15:07:50,22.50348381919089,2021-01-01 15:18:55,113.9244116201709,46e4c7707289cc575a6110**********,113.91689492229705,22.492195365013263,,POINT (113.91689492229705 22.50348381919089)
2021-01-01 15:07:50,22.503502502300353,2021-01-01 15:18:55,113.92443030773367,5cdcd74557f0cfb6eee6a4**********,113.9169136165079,22.492214042176542,,POINT (113.9169136165079 22.503502502300353)
2021-01-01 15:08:18,22.528518781474247,2021-01-01 15:31:58,113.9908496885273,c3bb9aa86ace25ea65d204**********,113.99674139041146,22.525052946727644,,POINT (113.99674139041146 22.528518781474247)
2021-01-01 15:08:38,22.588996912841175,2021-01-01 15:21:44,114.27375556534366,ed77d544fd4e93933bf2ca**********,114.2607501833667,22.58839383912746,,POINT (114.2607501833667 22.588996912841175)
2021-01-01 15:08:38,22.589082851290282,2021-01-01 15:21:44,114.27384151459182,0d5d4b6b9aeb75dfd713ab**********,114.26083617505908,22.58847973925386,,POINT (114.26083617505908 22.589082851290282)
2021-01-01 15:08:46,22.67769343953887,2021-01-01 16:26:03,114.0572676110679,a2ac02dc6aae71c2837343**********,114.05565394880611,22.677339306509843,,POINT (114.05565394880611 22.67769343953887)
2021-01-01 15:08:54,22.54404032314521,2021-01-01 15:47:13,113.96308576641721,33d4b0d4406ebdb49b4c90**********,113.96606476190716,22.542381964453426,,POINT (113.96606476190716 22.54404032314521)
2021-01-01 15:09:12,22.54448616003323,2021-01-01 15:47:10,114.10178631337658,eaf698677853b3e7760d53**********,114.0410947450451,22.54145614519195,,POINT (114.0410947450451 22.54448616003323)
2021-01-01 15:11:02,22.543330938511655,2021-01-01 15:14:56,114.09505752689883,a595b4888229812638be81**********,114.09875451913717,22.543103566528952,,POINT (114.09875451913717 22.543330938511655)
2021-01-01 15:11:46,22.555555356577155,2021-01-01 15:37:04,113.8802114507151,8333d1996145f8061f2e13**********,113.88099501344931,22.5486430874027,,POINT (113.88099501344931 22.555555356577155)
2021-01-01 15:12:04,22.545457348448775,2021-01-01 15:40:19,113.95766640025185,b6b3d6b8d9c8089dcc624d**********,113.94469346823797,22.555950097002597,,POINT (113.94469346823797 22.545457348448775)
2021-01-01 15:12:20,22.60351658322057,2021-01-01 15:24:44,114.32114284354367,d1e084f9671c2683ee2d9f**********,114.32078786942799,22.599567089579153,,POINT (114.32078786942799 22.60351658322057)
2021-01-01 15:13:03,22.536354969124314,2021-01-01 15:16:58,113.97802770199826,f65732685893320d6c435c**********,113.97792808156025,22.536031966184,,POINT (113.97792808156025 22.536354969124314)
2021-01-01 15:14:17,22.561208694160438,2021-01-01 16:03:54,113.90855751267169,d12d295cf260c00142a507**********,113.94926511623162,22.562167300113288,,POINT (113.94926511623162 22.561208694160438)
2021-01-01 15:14:17,22.56129230178562,2021-01-01 16:03:54,113.90864132018223,cb344ad803b586e6efe34c**********,113.94934877241246,22.5622510492754,,POINT (113.94934877241246 22.56129230178562)
2021-01-01 15:14:34,22.553437386053197,2021-01-01 15:21:41,114.01081371857119,795604f95fd147cf54565e**********,114.01319810624294,22.55256531580563,,POINT (114.01319810624294 22.553437386053197)
2021-01-01 15:14:34,22.553420536308053,2021-01-01 15:21:41,114.01079686058534,133d0912eaf8038fffa44d**********,114.01318124764938,22.55254846660688,,POINT (114.01318124764938 22.553420536308053)
2021-01-01 15:14:53,22.549660252013464,2021-01-01 15:18:42,114.00568814376672,7bd0610b5a44d11839425d**********,114.00695260625984,22.551382370966067,,POINT (114.00695260625984 22.549660252013464)
2021-01-01 15:15:10,22.52422036249962,2021-01-01 15:51:15,113.9657298722649,94203754ab2cdbec5d2c80**********,113.96069687876796,22.52577891464547,,POINT (113.96069687876796 22.52422036249962)
2021-01-01 15:15:10,22.524208593112856,2021-01-01 15:51:15,113.96571809849162,a9e7802466e7dcab4101a3**********,113.960685103396,22.525767146778488,,POINT (113.960685103396 22.524208593112856)
2021-01-01 15:15:14,22.65063506348145,2021-01-01 15:27:24,114.07383120473473,4ab075964da2a166eb1e10**********,114.07064809390721,22.65280504373897,,POINT (114.07064809390721 22.65063506348145)
2021-01-01 15:15:19,22.662337101174398,2021-01-01 15:21:13,114.03763279694694,159dbd306231ba01f554f8**********,114.03935081870381,22.667912348544235,,POINT (114.03935081870381 22.662337101174398)
2021-01-01 15:15:27,22.557073555848213,2021-01-01 15:44:46,114.01561432604241,26fe7085070352bc8cfbcd**********,114.0290003391476,22.53986442048185,,POINT (114.0290003391476 22.557073555848213)
2021-01-01 15:15:27,22.557014712038704,2021-01-01 15:44:46,114.01555546816319,9cbcab40472aac11a24e35**********,114.02894146273454,22.539805592622407,,POINT (114.02894146273454 22.557014712038704)
2021-01-01 15:17:32,22.675014780107706,2021-01-01 15:30:03,113.96014208013654,f474839d60c6459f7fc0fd**********,113.97898246272358,22.686683977938134,,POINT (113.97898246272358 22.675014780107706)
2021-01-01 15:18:41,22.58343352751482,2021-01-01 15:57:10,113.99003820872099,133bf481e77363c000384e**********,113.95341044946501,22.598070427363133,,POINT (113.95341044946501 22.58343352751482)
2021-01-01 15:19:14,22.5876664347894,2021-01-01 15:21:29,113.83295109945364,65be79350aa241d00a79ed**********,113.83343350052479,22.589851042904726,,POINT (113.83343350052479 22.5876664347894)
2021-01-01 15:19:14,22.587733650915773,2021-01-01 15:21:29,113.8330183739811,aec7e8796761b9bfe05858**********,113.83350077479714,22.58991825910153,,POINT (113.83350077479714 22.587733650915773)
2021-01-01 15:19:54,22.592124098116066,2021-01-01 16:01:00,114.27290202014919,4a508d06d4de414a6d6572**********,114.26300183331377,22.586828474433815,,POINT (114.26300183331377 22.592124098116066)
2021-01-01 15:20:21,22.552169602208327,2021-01-01 15:30:26,114.22909060898158,7d54ca5af2ca684864c596**********,114.22470536779872,22.559524646578733,,POINT (114.22470536779872 22.552169602208327)
2021-01-01 15:20:23,22.59222259496056,2021-01-01 16:01:07,114.27273035194217,997c8519f6b8cbc9c2f436**********,114.26307696787393,22.586870702121864,,POINT (114.26307696787393 22.59222259496056)
2021-01-01 15:21:36,22.548897284390364,2021-01-01 15:43:38,113.94499059202107,1fb05f202e58daa8f4f199**********,113.95517481915128,22.53669567876444,,POINT (113.95517481915128 22.548897284390364)
2021-01-01 15:21:39,22.65506123332415,2021-01-01 16:08:50,114.06223868639495,904a942a3306025bdad472**********,114.06284321500304,22.639385136519707,,POINT (114.06284321500304 22.65506123332415)
2021-01-01 15:21:39,22.655008615003002,2021-01-01 16:08:50,114.0621860293909,15a9a32c0fbdadfc997114**********,114.06279055653833,22.639332518590987,,POINT (114.06279055653833 22.655008615003002)
2021-01-01 15:21:49,22.662147287947086,2021-01-01 15:49:25,114.03065885029125,66208dc4c6eea836df3dbd**********,114.036364513813,22.66575757526583,,POINT (114.036364513813 22.662147287947086)
2021-01-01 15:22:05,22.561732098114422,2021-01-01 15:27:42,114.11915909373018,a40fc0a95aef860f106df2**********,114.12488693112452,22.561458682592406,,POINT (114.12488693112452 22.561732098114422)
2021-01-01 15:22:16,22.63824161863265,2021-01-01 15:27:37,114.06154378546753,245f8a200c38c6d5784cba**********,114.05897639074121,22.63851628130175,,POINT (114.05897639074121 22.63824161863265)
2021-01-01 15:22:16,22.638307706636652,2021-01-01 15:27:37,114.06160992953005,15494e462995b059617d1b**********,114.05904252709824,22.638582376472172,,POINT (114.05904252709824 22.638307706636652)
2021-01-01 15:22:37,22.528947243091412,2021-01-01 15:38:25,113.98289857615141,63085a304875039c4395d5**********,113.9827627008742,22.523928461874107,,POINT (113.9827627008742 22.528947243091412)
2021-01-01 15:22:37,22.52885262927267,2021-01-01 15:38:25,113.98280391643881,77f5bdcf13808f8ff179e0**********,113.98266804103189,22.523833847553995,,POINT (113.98266804103189 22.52885262927267)
2021-01-01 15:22:54,22.489714291057343,2021-01-01 15:40:46,113.91920282187772,039c5f3e96a03450d5ce4c**********,113.91922744600636,22.489760585878724,,POINT (113.91922744600636 22.489714291057343)
2021-01-01 15:23:16,22.531941102527526,2021-01-01 15:40:37,113.99682315226802,c15bab18ca0d750248eb33**********,114.02047181798041,22.528838518367223,,POINT (114.02047181798041 22.531941102527526)
2021-01-01 15:23:16,22.531972513846195,2021-01-01 15:40:37,113.996854570487,769cf580fb56ad51e2dd3f**********,114.020503245217,22.528869921428843,,POINT (114.020503245217 22.531972513846195)
2021-01-01 15:23:23,22.525846353343645,2021-01-01 15:38:46,113.97853706026024,a7ed9a1077da92058288a2**********,113.97392482325492,22.52166916352214,,POINT (113.97392482325492 22.525846353343645)
2021-01-01 15:23:23,22.52592382870744,2021-01-01 15:38:46,113.97861456773545,135dfa75420a31079f2cc9**********,113.97400233662768,22.521746633788553,,POINT (113.97400233662768 22.52592382870744)
2021-01-01 15:24:10,22.638797815003088,2021-01-01 15:42:54,114.08225239019397,a65fd5cd6fb1ff7558a394**********,114.06239292971816,22.641401449304347,,POINT (114.06239292971816 22.638797815003088)
2021-01-01 15:24:52,22.528151375495504,2021-01-01 15:40:06,114.078082553189,a67a4832e1e3c8598a7a67**********,114.0717462466276,22.533559125847848,,POINT (114.0717462466276 22.528151375495504)
2021-01-01 15:25:01,22.524646207501238,2021-01-01 16:18:32,114.03280958753528,f6fbf5916e6eb1e455f676**********,113.99045261998904,22.518297873398268,,POINT (113.99045261998904 22.524646207501238)
2021-01-01 15:25:48,22.54902033087774,2021-01-01 16:09:56,114.08194861383114,5d212e2145b0e9996b2196**********,114.04633943164309,22.555501599373933,,POINT (114.04633943164309 22.54902033087774)
2021-01-01 15:26:06,22.525754234446133,2021-01-01 15:48:28,113.96059014039487,8f9c14df405e0d643cbe9d**********,113.9658158676502,22.52193644233706,,POINT (113.9658158676502 22.525754234446133)
2021-01-01 15:26:46,22.59218847007535,2021-01-01 16:22:17,114.29914246587002,4776b739884a60dbcb4e17**********,114.25166291293715,22.590026416161116,,POINT (114.25166291293715 22.59218847007535)
2021-01-01 15:26:48,22.589902645534693,2021-01-01 16:09:05,114.27211835764362,11507e48f01e7e8322a943**********,114.26814196796325,22.58618809313494,,POINT (114.26814196796325 22.589902645534693)
2021-01-01 15:26:48,22.57916312959875,2021-01-01 15:34:31,114.11783163539778,e84910fc1bcec65560208c**********,114.12253140300784,22.571383073081563,,POINT (114.12253140300784 22.57916312959875)
2021-01-01 15:26:48,22.611471724708483,2021-01-01 15:49:13,113.85595984321753,679119296caeb095ecfb44**********,113.8486643824055,22.61773687843226,,POINT (113.8486643824055 22.611471724708483)
2021-01-01 15:28:36,22.54024574941578,2021-01-01 15:55:39,114.0786441892567,0efdb027ffe8f6a9fdb7b7**********,114.05145200560851,22.534066361258162,,POINT (114.05145200560851 22.54024574941578)
2021-01-01 15:28:36,22.54033098947316,2021-01-01 15:55:39,114.07872958641724,fe9528855b6afee684b4ae**********,114.05153729564591,22.534151702044316,,POINT (114.05153729564591 22.54033098947316)
2021-01-01 15:28:57,22.520725385244525,2021-01-01 15:55:17,113.94279982871298,c7be3f1f89a433373ae4e4**********,113.93330971317445,22.52043992594935,,POINT (113.93330971317445 22.520725385244525)
2021-01-01 15:29:02,22.52544180114418,2021-01-01 15:39:37,113.94994861700698,19324a7bacf3231a310510**********,113.9496015986938,22.521997471747138,,POINT (113.9496015986938 22.52544180114418)
2021-01-01 15:30:16,22.62181431572347,2021-01-01 15:37:51,114.04113840451795,171cc2b2bfe808ff68cac2**********,114.0487952590519,22.61921084630003,,POINT (114.0487952590519 22.62181431572347)
2021-01-01 15:30:17,22.553691294923397,2021-01-01 15:38:28,113.92225011370418,23cce154396a1c41939449**********,113.91969849493428,22.54603784464252,,POINT (113.91969849493428 22.553691294923397)
2021-01-01 15:31:48,22.54743773683463,2021-01-01 15:37:07,114.09012933207997,25c94389c969dbbf27ab92**********,114.08951753137839,22.545690552354213,,POINT (114.08951753137839 22.54743773683463)
2021-01-01 15:31:49,22.562011634530638,2021-01-01 15:41:56,114.23609473900932,914eb59bf99f0424f3eec0**********,114.23084805248618,22.55479689735827,,POINT (114.23084805248618 22.562011634530638)
2021-01-01 15:31:49,22.562054953568243,2021-01-01 15:41:56,114.23613807902065,78fbf39d7a01f2ae232f86**********,114.23089140173457,22.554840208409942,,POINT (114.23089140173457 22.562054953568243)
2021-01-01 15:32:08,22.603515645080513,2021-01-01 15:36:41,114.3211841566796,1ea3b36d1ad466c19288ca**********,114.32082361531229,22.59947640314656,,POINT (114.32082361531229 22.603515645080513)
2021-01-01 15:32:08,22.603456666205094,2021-01-01 15:36:41,114.3211251499361,01d6050fe69395caf345af**********,114.32076460850682,22.59941742400919,,POINT (114.32076460850682 22.603456666205094)
2021-01-01 15:32:25,22.622008783659506,2021-01-01 16:17:30,114.02725023203992,ee5591399d2336e0dcec2d**********,114.04952491187136,22.60599097411163,,POINT (114.04952491187136 22.622008783659506)
2021-01-01 15:32:25,22.62197265802225,2021-01-01 16:17:30,114.02721410965852,2375960b1fbc1f7369a11a**********,114.04948876150124,22.60595487385132,,POINT (114.04948876150124 22.62197265802225)
2021-01-01 15:32:32,22.544271915355154,2021-01-01 15:39:59,114.1164352616409,41e6a8a6de9bce3c4837e2**********,114.11733767480484,22.5476036335372,,POINT (114.11733767480484 22.544271915355154)
2021-01-01 15:32:32,22.54427992262294,2021-01-01 15:39:59,114.11644327490171,740bfa286e8444779ecbe7**********,114.11734568833539,22.54761164051617,,POINT (114.11734568833539 22.54427992262294)
2021-01-01 15:32:45,22.545507612262888,2021-01-01 16:13:12,114.08197692133194,d7a8bb4bc8086d2ee9eee5**********,114.11339509594957,22.545503770317723,,POINT (114.11339509594957 22.545507612262888)
2021-01-01 15:32:45,22.54550901333406,2021-01-01 16:13:12,114.081978321508,b99b68f0f95ea66e9d4c61**********,114.11339649810623,22.54550516953406,,POINT (114.11339649810623 22.54550901333406)
2021-01-01 15:33:23,22.548957244063075,2021-01-01 15:57:02,114.13378708752471,27f8413f57778de823ffee**********,114.11631530777854,22.5486089448228,,POINT (114.11631530777854 22.548957244063075)
2021-01-01 15:33:23,22.548863663222022,2021-01-01 15:57:02,114.13369338027137,2a9d3b1368450664efec77**********,114.11622165339354,22.548515314113917,,POINT (114.11622165339354 22.548863663222022)
2021-01-01 15:33:25,22.604487093266375,2021-01-01 15:50:37,113.82886930815148,1d8e9f076a03ee1cc063fa**********,113.83684778804806,22.601369897427467,,POINT (113.83684778804806 22.604487093266375)
2021-01-01 15:33:25,22.604582653237458,2021-01-01 15:50:37,113.82896495858634,d324e053c6e09be7b5ede0**********,113.83694343274995,22.601465463630383,,POINT (113.83694343274995 22.604582653237458)
2021-01-01 15:34:20,22.52856473444695,2021-01-01 15:47:45,113.99036340710241,308b342891bbe294ebd83a**********,113.99668051201877,22.524625658828775,,POINT (113.99668051201877 22.52856473444695)
2021-01-01 15:34:51,22.68465556243405,2021-01-01 15:46:17,113.99074765184614,f49060afc0a074ef1f87e4**********,114.00212907814031,22.68598268188421,,POINT (114.00212907814031 22.68465556243405)
2021-01-01 15:34:57,22.692193210739735,2021-01-01 16:04:35,113.97015118810825,398aebf1820fd010dd8fa3**********,113.9866404722975,22.698094095705283,,POINT (113.9866404722975 22.692193210739735)
2021-01-01 15:36:02,22.53360352873992,2021-01-01 16:00:46,113.91911204817825,f002d5dd86609eed613871**********,113.91622941566563,22.52235983565572,,POINT (113.91622941566563 22.53360352873992)
2021-01-01 15:38:02,22.556892234169222,2021-01-01 15:52:42,114.23519841574466,c800a0efa81efca563f378**********,114.23364860930172,22.557517568902057,,POINT (114.23364860930172 22.556892234169222)
2021-01-01 15:38:03,22.547918274259146,2021-01-01 15:50:10,114.07733736883,bd75b0a4dbfa5f913bea8b**********,114.07170730940572,22.551434022455123,,POINT (114.07170730940572 22.547918274259146)
2021-01-01 15:38:35,22.549123986183762,2021-01-01 15:43:36,114.08142818453945,92f4fbc84321b4f6a39252**********,114.08381937880205,22.549326557668547,,POINT (114.08381937880205 22.549123986183762)
2021-01-01 15:38:52,22.679498211506008,2021-01-01 15:44:01,114.0081461049778,91faf88942cf5241f488f7**********,114.00217132599906,22.675587548321708,,POINT (114.00217132599906 22.679498211506008)
2021-01-01 15:38:54,22.517397081054888,2021-01-01 16:39:15,113.9205929983475,50b3718c3141f23cff652a**********,113.92352136758821,22.51881110152273,,POINT (113.92352136758821 22.517397081054888)
2021-01-01 15:38:58,22.559805535901422,2021-01-01 15:59:11,113.88989774711733,3ab452321ebdfb04b57c95**********,113.90046073606182,22.563650370957856,,POINT (113.90046073606182 22.559805535901422)
2021-01-01 15:38:58,22.559850425159578,2021-01-01 15:59:11,113.88994269051344,a0cea400ae1164fafa5a3c**********,113.90050565753285,22.563695280571924,,POINT (113.90050565753285 22.559850425159578)
2021-01-01 15:39:06,22.56945633862669,2021-01-01 16:22:21,113.872495202616,e91a358e58494a74cff13c**********,113.8689944002941,22.573042543958145,,POINT (113.8689944002941 22.56945633862669)
2021-01-01 15:39:22,22.658057797138785,2021-01-01 15:55:52,114.03017179082524,e84691d8f41fb81d6f7354**********,114.03239101819115,22.66714229546662,,POINT (114.03239101819115 22.658057797138785)
2021-01-01 15:39:22,22.658013715517775,2021-01-01 15:55:52,114.03012768197526,9bd87bf51f7ef3878359cc**********,114.03234690636533,22.667098217073363,,POINT (114.03234690636533 22.658013715517775)
2021-01-01 15:39:27,22.50275259818646,2021-01-01 16:01:04,113.93474488901786,7ca1d4bf11cfb9ab3ea139**********,113.93327543359808,22.519522071331572,,POINT (113.93327543359808 22.50275259818646)
2021-01-01 15:39:27,22.502726041042646,2021-01-01 16:01:04,113.93471831910425,86872f5b457947cc50c56f**********,113.93324886196972,22.519495516383305,,POINT (113.93324886196972 22.502726041042646)
2021-01-01 15:39:32,22.51779750030334,2021-01-01 15:52:20,113.93746143098817,d6626eab2338e8c979f6b7**********,113.94807811898026,22.52288557548091,,POINT (113.94807811898026 22.51779750030334)
2021-01-01 15:40:49,22.586883049866692,2021-01-01 16:09:13,114.27481248012438,c410b7bcb3b68afda44221**********,114.30139293404248,22.589023177146128,,POINT (114.30139293404248 22.586883049866692)
2021-01-01 15:41:09,22.65101813348381,2021-01-01 16:03:27,114.03548345637887,f2b860a5cac29bd3710bc4**********,114.01939840932097,22.654638094070034,,POINT (114.01939840932097 22.65101813348381)
2021-01-01 15:41:17,22.54591226686991,2021-01-01 16:32:43,113.94692970927748,9ce012fdccc4d578db30fb**********,113.94951008158644,22.55490170117382,,POINT (113.94951008158644 22.54591226686991)
2021-01-01 15:42:59,22.53124489761776,2021-01-01 16:19:13,114.0381179094698,ff82281bb0671da8c7813b**********,114.05198796088395,22.51623702634892,,POINT (114.05198796088395 22.53124489761776)
2021-01-01 15:44:00,22.54874943438156,2021-01-01 15:56:32,113.87600045521081,fe2ce7ddbda7c2cb279f50**********,113.88021802349121,22.5538026636871,,POINT (113.88021802349121 22.54874943438156)
2021-01-01 15:44:10,22.521902269930035,2021-01-01 15:46:27,114.03605157644522,ce08beaf71994ba8fbfb4e**********,114.03503278819726,22.51955802819606,,POINT (114.03503278819726 22.521902269930035)
2021-01-01 15:44:11,22.537512971204684,2021-01-01 16:07:38,114.09517655588445,b81cf9d84293109efe6ce2**********,114.07744922337996,22.54460859858617,,POINT (114.07744922337996 22.537512971204684)
2021-01-01 15:44:32,22.487518065351324,2021-01-01 16:07:59,113.92013320913239,fded5df63fc6659d5d1862**********,113.91280232391077,22.502300930328957,,POINT (113.91280232391077 22.487518065351324)
2021-01-01 15:44:35,22.675129313442525,2021-01-01 16:04:47,113.93932791717711,a16d2d331373b03f4129a7**********,113.9375781593677,22.67166824393378,,POINT (113.9375781593677 22.675129313442525)
2021-01-01 15:45:04,22.62454360867905,2021-01-01 15:54:43,114.1090175388185,5f58732b521292c3e782a9**********,114.10208857818544,22.63078387771662,,POINT (114.10208857818544 22.62454360867905)
2021-01-01 15:45:14,22.557946478224512,2021-01-01 15:54:53,114.03308071530476,5fa3040b17d555ec248c69**********,114.03185608584441,22.562837063362366,,POINT (114.03185608584441 22.557946478224512)
2021-01-01 15:45:14,22.557979293727364,2021-01-01 15:54:53,114.03311355047016,c294f48131a314f3ff50c2**********,114.03188891975928,22.56286987982366,,POINT (114.03188891975928 22.557979293727364)
2021-01-01 15:45:20,22.52371586014003,2021-01-01 15:51:32,113.96720330152093,ef8c4552ba2aa7113202f0**********,113.9696707587577,22.525863465703885,,POINT (113.9696707587577 22.52371586014003)
2021-01-01 15:46:41,22.570456812254168,2021-01-01 15:50:10,113.86025115925159,94fc650c4f59cfddb4f4ed**********,113.86057447271398,22.57077306168527,,POINT (113.86057447271398 22.570456812254168)
2021-01-01 15:47:26,22.584212232848742,2021-01-01 16:25:05,114.30064760531361,bc480d5633e57c4419f3d3**********,114.30121779092714,22.593341880127376,,POINT (114.30121779092714 22.584212232848742)
2021-01-01 15:48:38,22.5415212364602,2021-01-01 15:56:59,114.08431409757472,5583eecac139872908ba81**********,114.09269306933129,22.542153604276955,,POINT (114.09269306933129 22.5415212364602)
2021-01-01 15:48:45,22.64928527591492,2021-01-01 15:54:07,114.03480695206191,bfe3b71ee2a813d2698218**********,114.03066130991009,22.65283149014612,,POINT (114.03066130991009 22.64928527591492)
2021-01-01 15:48:47,22.61944468008425,2021-01-01 15:59:36,114.03932477316937,f7069ccb6b552959880341**********,114.03596420514002,22.613166113719572,,POINT (114.03596420514002 22.61944468008425)
2021-01-01 15:48:47,22.619432311384998,2021-01-01 15:59:36,114.03931239502424,1502a3ecedca6152ad437f**********,114.035951828434,22.61315374358408,,POINT (114.035951828434 22.619432311384998)
2021-01-01 15:49:25,22.65608798620393,2021-01-01 16:04:30,114.04579775617206,650dd3caaa0326e84ab54f**********,114.03437853745709,22.642496206296638,,POINT (114.03437853745709 22.65608798620393)
2021-01-01 15:49:27,22.678436866719842,2021-01-01 16:26:05,114.07764924770211,de48a7b53542ee1a56b64f**********,114.04403458599104,22.683416610763413,,POINT (114.04403458599104 22.678436866719842)
2021-01-01 15:49:45,22.61435210759567,2021-01-01 16:00:13,114.03680397402061,e37dcda6e8e223f05347e0**********,114.0281429791636,22.6102021526759,,POINT (114.0281429791636 22.61435210759567)
2021-01-01 15:50:33,22.60514414758308,2021-01-01 16:01:20,114.03683468070447,19449fd65a568de362f5e3**********,114.03693358223299,22.60987115075907,,POINT (114.03693358223299 22.60514414758308)
2021-01-01 15:51:30,22.614184846678505,2021-01-01 15:56:01,114.05550654174264,7427f7e0579d9a7053a6a6**********,114.05030061179181,22.61904947102958,,POINT (114.05030061179181 22.614184846678505)
2021-01-01 15:52:22,22.59866043947053,2021-01-01 16:21:59,114.32177333749937,679fc539d0785708290107**********,114.30398844437721,22.604095727254812,,POINT (114.30398844437721 22.59866043947053)
2021-01-01 15:52:37,22.653033848700673,2021-01-01 16:00:48,114.03713671990472,846e0e84ccbf6592ee149e**********,114.03788233075223,22.653285335526995,,POINT (114.03788233075223 22.653033848700673)
2021-01-01 15:52:45,22.54815687880385,2021-01-01 16:04:04,113.88463546207072,8d8fb2b165a7b8c822b417**********,113.89192885412615,22.545068233291776,,POINT (113.89192885412615 22.54815687880385)
2021-01-01 15:53:18,22.67649234748503,2021-01-01 16:05:23,113.9952925374796,a0a927599ee37c8a72360b**********,113.98902979380753,22.683294550104808,,POINT (113.98902979380753 22.67649234748503)
2021-01-01 15:53:32,22.541110744707055,2021-01-01 15:55:05,113.939833429505,bb90a85e855600ebbe412a**********,113.97450426693892,22.543075591400974,,POINT (113.97450426693892 22.541110744707055)
2021-01-01 15:53:43,22.52879804851023,2021-01-01 16:02:16,113.99034421488156,7065dfcb1f9f617518aa62**********,113.99647501877737,22.524793760245316,,POINT (113.99647501877737 22.52879804851023)
2021-01-01 15:53:49,22.67562763863098,2021-01-01 15:59:58,113.79663609178073,f5e2f5d87c08ac7b8575ec**********,113.80066020118288,22.67181969550383,,POINT (113.80066020118288 22.67562763863098)
2021-01-01 15:53:55,22.63318223836505,2021-01-01 16:02:08,114.06620066920979,45dad0a56d3b166a8bbc36**********,114.06047327764472,22.629909759267527,,POINT (114.06047327764472 22.63318223836505)
2021-01-01 15:53:55,22.589783882823063,2021-01-01 17:05:07,114.27838427528914,eb8a0dc5d0cc6ce543c0aa**********,114.2708494030103,22.58970902804133,,POINT (114.2708494030103 22.589783882823063)
2021-01-01 15:54:56,22.568871504220507,2021-01-01 16:06:12,114.13460011082631,4ffcb6fdad2f33c049ef07**********,114.13802446605926,22.559391964833388,,POINT (114.13802446605926 22.568871504220507)
2021-01-01 15:56:09,22.629573114598223,2021-01-01 17:19:16,114.05537261069072,480269ce3f5915da37c06c**********,114.07632727116821,22.630861783955396,,POINT (114.07632727116821 22.629573114598223)
2021-01-01 15:56:09,22.629579908332637,2021-01-01 17:19:16,114.05537940305945,196e93e580bd7947bb0101**********,114.07633407016779,22.63086857149119,,POINT (114.07633407016779 22.629579908332637)
2021-01-01 15:56:43,22.583057401845103,2021-01-01 16:02:59,113.92528291403733,07921c578b85de4f8c67e4**********,113.91883409950468,22.58736035590271,,POINT (113.91883409950468 22.583057401845103)
2021-01-01 15:56:43,22.58315199799842,2021-01-01 16:02:59,113.92537754695027,6d8a1ce17e532bf6ceb60b**********,113.91892876118118,22.587454924614786,,POINT (113.91892876118118 22.58315199799842)
2021-01-01 15:56:43,22.58315199799842,2021-01-01 16:02:59,113.92537754695027,093a93d7f9251b800cd241**********,113.91892876118118,22.587454924614786,,POINT (113.91892876118118 22.58315199799842)
2021-01-01 15:57:04,22.523397105010293,2021-01-01 16:37:45,113.97384900861897,b506e119b7a89b31bcaee9**********,113.94991475500836,22.52979462477061,,POINT (113.94991475500836 22.523397105010293)
2021-01-01 15:57:19,22.530013412210256,2021-01-01 16:09:12,113.94373322601635,0459ad81dddb5f94af1e2c**********,113.94051820661083,22.51921769402541,,POINT (113.94051820661083 22.530013412210256)
2021-01-01 15:57:19,22.529929474916706,2021-01-01 16:09:12,113.94364925241113,9f1ab3a4230b46abd9d4c5**********,113.94043422215502,22.519133765688537,,POINT (113.94043422215502 22.529929474916706)
2021-01-01 15:57:22,22.65925357863149,2021-01-01 16:41:12,114.00597162698945,cfac820d82f66ae85c6269**********,114.02441240561075,22.66114554287115,,POINT (114.02441240561075 22.65925357863149)
2021-01-01 15:58:00,22.57170494573779,2021-01-01 16:10:41,113.8791132656541,5b6ba13a2887ca3c919d54**********,113.8832419221952,22.561206439378118,,POINT (113.8832419221952 22.57170494573779)
2021-01-01 15:58:27,22.63015743608691,2021-01-01 16:29:01,114.05638572630573,a78b8732f1e46eb8654340**********,114.06255526521677,22.663476886386416,,POINT (114.06255526521677 22.63015743608691)
2021-01-01 15:58:30,22.648214852273913,2021-01-01 16:11:25,114.03445430285717,81f4272242690924cff4bd**********,114.02371216251349,22.644948919609547,,POINT (114.02371216251349 22.648214852273913)
2021-01-01 15:59:23,22.653486287376236,2021-01-01 16:13:06,114.01658368288659,5f8cc20b110945c5422adb**********,114.00760984213315,22.65340445302684,,POINT (114.00760984213315 22.653486287376236)
2021-01-01 15:59:23,22.6533928844265,2021-01-01 16:13:06,114.01649020714423,e8502254d969804979c086**********,114.00751637911588,22.653311038237145,,POINT (114.00751637911588 22.6533928844265)
2021-01-01 16:00:02,22.62135790492653,2021-01-01 16:13:35,114.04549522284248,334bdfa64992a7086f3ab4**********,114.05400348184267,22.617177566322887,,POINT (114.05400348184267 22.62135790492653)
2021-01-01 16:00:02,22.62131288961369,2021-01-01 16:13:35,114.04545019196657,1ece12a2a40ffdc4768123**********,114.05395843517925,22.61713256550191,,POINT (114.05395843517925 22.62131288961369)
2021-01-01 16:00:47,22.558722140142905,2021-01-01 16:15:52,113.87136419683563,19610c48bfea3a42d1c610**********,113.86270290387618,22.56260059093935,,POINT (113.86270290387618 22.558722140142905)
2021-01-01 16:00:54,22.48304289154045,2021-01-01 16:18:19,113.92638466956964,bf8fa5457373c4778373cd**********,113.92570106236735,22.489693330278428,,POINT (113.92570106236735 22.48304289154045)
2021-01-01 16:01:17,22.68316497079691,2021-01-01 16:10:51,114.00300614941789,0d50822158d99b54a68e7f**********,114.0077901909158,22.685291153888187,,POINT (114.0077901909158 22.68316497079691)
2021-01-01 16:02:13,22.536982559783507,2021-01-01 16:13:11,114.12361329286698,18b5e2b2c44ec9b4d57a73**********,114.11653107580035,22.545181044445233,,POINT (114.11653107580035 22.536982559783507)
2021-01-01 16:02:13,22.536926910374184,2021-01-01 16:13:11,114.12355758656895,000e825cefcc6ae5d72e3d**********,114.11647538351062,22.545125382462974,,POINT (114.11647538351062 22.536926910374184)
2021-01-01 16:02:39,22.555005845923947,2021-01-01 16:13:16,114.05774473930668,fad496a4fa2354fef9ddeb**********,114.06291381483445,22.546258685619165,,POINT (114.06291381483445 22.555005845923947)
2021-01-01 16:03:10,22.60207982218188,2021-01-01 16:33:59,113.83281830781726,6ef568e3e468cc34640527**********,113.83729874341316,22.589828549700258,,POINT (113.83729874341316 22.60207982218188)
2021-01-01 16:03:10,22.60210766875621,2021-01-01 16:33:59,113.83284618015716,77a98200a436051227e47e**********,113.8373266145909,22.58985639787555,,POINT (113.8373266145909 22.60210766875621)
2021-01-01 16:03:58,22.677284879922727,2021-01-01 16:24:41,114.0126991463713,2d5ac2293b55cfda979a48**********,113.9907671443075,22.67735125235299,,POINT (113.9907671443075 22.677284879922727)
2021-01-01 16:03:58,22.677249794532223,2021-01-01 16:24:41,114.0126640329846,8afe88fc6effc1c18f0ba5**********,113.99073203558457,22.67731616265024,,POINT (113.99073203558457 22.677249794532223)
2021-01-01 16:04:15,22.559909493650224,2021-01-01 18:11:26,114.13442708739461,ecda7a90191606fa86e6f2**********,114.12504666167564,22.564125266007945,,POINT (114.12504666167564 22.559909493650224)
2021-01-01 16:04:15,22.55993922754548,2021-01-01 18:11:26,114.13445685378073,863af548dc00d975bae5d0**********,114.12507641990679,22.564155007439695,,POINT (114.12507641990679 22.55993922754548)
2021-01-01 16:04:36,22.640012956955825,2021-01-01 16:22:26,114.0036465662359,6456c3beea3badf19ca3a7**********,114.01526903646933,22.654973467596424,,POINT (114.01526903646933 22.640012956955825)
2021-01-01 16:04:41,22.552744068725744,2021-01-01 16:22:28,114.01698078995182,3b06a1af084c1c3156728c**********,114.01070928061586,22.543619497068548,,POINT (114.01070928061586 22.552744068725744)
2021-01-01 16:04:41,22.552708575799727,2021-01-01 16:22:28,114.01694527479147,7ab4e0abc9097f989d3a73**********,114.01067376917595,22.543584000259195,,POINT (114.01067376917595 22.552708575799727)
2021-01-01 16:04:58,22.58330876534561,2021-01-01 16:11:51,113.94156155535366,7a2de93bfa9430ad329d1a**********,113.938535543299,22.57839481222978,,POINT (113.938535543299 22.58330876534561)
2021-01-01 16:05:16,22.5685266248652,2021-01-01 16:16:21,114.09942009378653,8aafde8fa744faa707b25d**********,114.09480010261008,22.558207090313964,,POINT (114.09480010261008 22.5685266248652)
2021-01-01 16:05:16,22.568482125758255,2021-01-01 16:16:21,114.0993755516662,497fbf94a18ce06c0bc3e9**********,114.09475556990678,22.55816258179176,,POINT (114.09475556990678 22.568482125758255)
2021-01-01 16:07:05,22.549145019641145,2021-01-01 16:24:45,114.12711189249292,c0cdd9de4f4e450e7f301a**********,114.11666429641825,22.554987189201942,,POINT (114.11666429641825 22.549145019641145)
2021-01-01 16:07:11,22.561845563447914,2021-01-01 16:36:57,113.95622332779531,ae9adc86de1befe6f928fe**********,113.95306737859539,22.57301479194978,,POINT (113.95306737859539 22.561845563447914)
2021-01-01 16:07:39,22.553338564833076,2021-01-01 16:14:22,114.04465174885631,e51008f2780e2ea074b60f**********,114.0418149406794,22.549644801498097,,POINT (114.0418149406794 22.553338564833076)
2021-01-01 16:07:47,22.638011773079015,2021-01-01 16:15:55,114.06481378893521,c767968ed41ac38c83f5b4**********,114.05870457164454,22.634032591268202,,POINT (114.05870457164454 22.638011773079015)
2021-01-01 16:07:47,22.63796086004755,2021-01-01 16:15:55,114.06476282446593,b6b54f1492c7d1386cd741**********,114.05865362143058,22.63398166469498,,POINT (114.05865362143058 22.63796086004755)
2021-01-01 16:07:53,22.50968527288643,2021-01-01 16:54:03,113.93688605423046,45b583e5850e760259876b**********,113.895616939803,22.513281058146116,,POINT (113.895616939803 22.50968527288643)
2021-01-01 16:08:02,22.56381491165691,2021-01-01 16:26:45,114.23631949578588,eaf043751ff47e4851849d**********,114.23574101733583,22.55533615855137,,POINT (114.23574101733583 22.56381491165691)
2021-01-01 16:08:45,22.54660140578746,2021-01-01 16:21:19,113.89299956471196,391d13ad84261e1245cde0**********,113.88408488516657,22.54146874377512,,POINT (113.88408488516657 22.54660140578746)
2021-01-01 16:09:22,22.57854357380072,2021-01-01 16:21:02,113.85030207655196,4d748d7edd05496392ddc0**********,113.85048128172848,22.57862184819159,,POINT (113.85048128172848 22.57854357380072)
2021-01-01 16:09:40,22.547131895510464,2021-01-01 16:19:08,114.07970405608557,c972bbddc0de09d6e392a0**********,114.08115867512916,22.552037062923,,POINT (114.08115867512916 22.547131895510464)
2021-01-01 16:10:22,22.53891929584486,2021-01-01 16:30:30,114.0388475324489,14d2077f0920cc3ffb0760**********,114.0216878852916,22.526479170146327,,POINT (114.0216878852916 22.53891929584486)
2021-01-01 16:10:22,22.53894971047859,2021-01-01 16:30:30,114.03887797823633,d1d8515ff9dc6d4e7af740**********,114.02171831567269,22.526509599638075,,POINT (114.02171831567269 22.53894971047859)
2021-01-01 16:11:10,22.566296042556324,2021-01-01 16:14:36,114.15768765218047,dba92f7094583d46fe4e41**********,114.15742849296342,22.568098300259116,,POINT (114.15742849296342 22.566296042556324)
2021-01-01 16:11:28,22.53896529698656,2021-01-01 16:24:35,114.04802749855712,d38098304b015875055e21**********,114.05320324697512,22.541766281130524,,POINT (114.05320324697512 22.53896529698656)
2021-01-01 16:11:51,22.53888502215459,2021-01-01 16:40:10,114.04231262618653,e08054cbd3d47643dc4902**********,114.02175916907906,22.530723240492943,,POINT (114.02175916907906 22.53888502215459)
2021-01-01 16:12:02,22.52788074682436,2021-01-01 16:22:04,113.96078161294349,16fbaa4fbcb459136c1771**********,113.96244328054368,22.521923912591514,,POINT (113.96244328054368 22.52788074682436)
2021-01-01 16:12:34,22.53370580775004,2021-01-01 16:24:27,113.9207964542212,68ff80db5108620956e788**********,113.9197146610881,22.54125774153783,,POINT (113.9197146610881 22.53370580775004)
2021-01-01 16:12:34,22.533770038911968,2021-01-01 16:24:27,113.92086072227801,51c723c8987cdc2dd7e9c2**********,113.91977893244808,22.541321968967498,,POINT (113.91977893244808 22.533770038911968)
2021-01-01 16:13:26,22.555523610421172,2021-01-01 16:46:06,114.23701435563957,b539f5883bc99d11d4cf3f**********,114.23681301159475,22.555649431669334,,POINT (114.23681301159475 22.555523610421172)
2021-01-01 16:14:29,22.542992174991614,2021-01-01 16:44:33,114.07931085710489,bc4bf5e207b9a823bb1cd1**********,114.05684513766273,22.54729745813703,,POINT (114.05684513766273 22.542992174991614)
2021-01-01 16:14:54,22.56916716020456,2021-01-01 16:18:47,114.300268512904,49a89a9fa58f4a6cf597ed**********,114.2769618873691,22.5846564399837,,POINT (114.2769618873691 22.56916716020456)
2021-01-01 16:14:54,22.569138495658095,2021-01-01 16:18:47,114.30023985129496,a5cf6fcd951d35287d709f**********,114.27693320744619,22.58462779235941,,POINT (114.27693320744619 22.569138495658095)
2021-01-01 16:15:07,22.565483563383705,2021-01-01 16:23:02,114.1435783714537,ccc4ae243fda838133b353**********,114.14375123408398,22.569829422549986,,POINT (114.14375123408398 22.565483563383705)
2021-01-01 16:15:07,22.565579515919524,2021-01-01 16:23:02,114.14367440534413,33b91c9ae0883625859e39**********,114.14384726827898,22.569925374248754,,POINT (114.14384726827898 22.565579515919524)
2021-01-01 16:15:52,22.562447284978454,2021-01-01 16:30:53,113.8940828280103,6a2807f3f1aa0ef244c03e**********,113.87746977549503,22.567818228775085,,POINT (113.87746977549503 22.562447284978454)
2021-01-01 16:15:52,22.562482610082412,2021-01-01 16:30:53,113.89411815542526,b97cccb6f29167210f5651**********,113.87750512820493,22.567853529847348,,POINT (113.87750512820493 22.562482610082412)
2021-01-01 16:16:03,22.675155068251854,2021-01-01 16:21:18,114.04818580880328,42e51a6019544a65af8a9a**********,114.05341188032696,22.670176422127113,,POINT (114.05341188032696 22.675155068251854)
2021-01-01 16:17:48,22.537837577820078,2021-01-01 16:20:45,114.06739996043937,63d493a73432236b109e05**********,114.06539426500836,22.53843572555574,,POINT (114.06539426500836 22.537837577820078)
2021-01-01 16:18:04,22.544026954830212,2021-01-01 16:25:44,114.10997153192152,481aaa87817ad024c39f69**********,114.10206120487429,22.547645685314397,,POINT (114.10206120487429 22.544026954830212)
2021-01-01 16:18:16,22.558384277089548,2021-01-01 16:26:57,114.11646846552365,11ea3f6abbb190f53aaa32**********,114.12352620533383,22.550580548738427,,POINT (114.12352620533383 22.558384277089548)
2021-01-01 16:18:28,22.599364655416764,2021-01-01 16:27:27,114.12652559935303,6cad6310f1ef4f94713102**********,114.12542670319058,22.599952751767216,,POINT (114.12542670319058 22.599364655416764)
2021-01-01 16:18:53,22.548036899009624,2021-01-01 16:41:51,114.07859606932477,994c8761bc73ce162e6362**********,114.07176688362773,22.534504318950844,,POINT (114.07176688362773 22.548036899009624)
2021-01-01 16:18:53,22.548003333407188,2021-01-01 16:41:51,114.07856247061666,bf0a41915bc6ec3f605d6b**********,114.071733295967,22.534470742428205,,POINT (114.071733295967 22.548003333407188)
2021-01-01 16:19:13,22.53659895560246,2021-01-01 16:29:41,114.11367051061058,80752e8fc67f434bf9911b**********,114.11715284922586,22.54224748703306,,POINT (114.11715284922586 22.53659895560246)
2021-01-01 16:19:18,22.547743903808932,2021-01-01 16:39:42,114.11611170172543,81624a13046a4ae8948a11**********,114.10964930526377,22.548304580969347,,POINT (114.10964930526377 22.547743903808932)
2021-01-01 16:20:36,22.526533208638178,2021-01-01 16:31:45,114.03524245307851,366b93173949ca26b49baf**********,114.03161046550592,22.522036123492526,,POINT (114.03161046550592 22.526533208638178)
2021-01-01 16:20:37,22.549490496438388,2021-01-01 17:02:11,114.09632773460415,8a26edb1b275e427e61ede**********,114.04106918122704,22.571209448234,,POINT (114.04106918122704 22.549490496438388)
2021-01-01 16:20:55,22.495904095101068,2021-01-01 16:30:04,113.91778135334397,49d30122aa05b929d85b9a**********,113.91408631231813,22.503038046360654,,POINT (113.91408631231813 22.495904095101068)
2021-01-01 16:21:01,22.538597642655628,2021-01-01 17:15:30,114.07086679049748,4df4f4398a318ec2ff864a**********,114.07729989735547,22.557903167024133,,POINT (114.07729989735547 22.538597642655628)
2021-01-01 16:21:52,22.49879667533588,2021-01-01 16:34:46,113.92480373626718,92772c92abdfabe6ff069f**********,113.91685399780322,22.491945480385542,,POINT (113.91685399780322 22.49879667533588)
2021-01-01 16:22:05,22.517753643927513,2021-01-01 16:40:49,113.93799861861906,8ab422ece4c41f2e7cdaf5**********,113.94813237436246,22.52112966154152,,POINT (113.94813237436246 22.517753643927513)
2021-01-01 16:22:33,22.555045465692455,2021-01-01 16:28:03,114.22657900333272,d5a4702dcc22f67b4a5edc**********,114.22099759299648,22.54879465366679,,POINT (114.22099759299648 22.555045465692455)
2021-01-01 16:22:33,22.55502775159613,2021-01-01 16:28:03,114.22656128019068,52f5ade7e682c0e0bce834**********,114.22097986609373,22.548776942840824,,POINT (114.22097986609373 22.55502775159613)
2021-01-01 16:22:38,22.548213024509245,2021-01-01 16:42:05,114.10227762595112,14798b2be73b2811e24399**********,114.11170957436012,22.556232206699757,,POINT (114.11170957436012 22.548213024509245)
2021-01-01 16:23:01,22.555050586160352,2021-01-01 16:28:01,114.22658558131685,10866485be772091469c9a**********,114.22091872790958,22.548968935568116,,POINT (114.22091872790958 22.555050586160352)
2021-01-01 16:23:40,22.541611345678124,2021-01-01 16:30:15,114.0493474622088,7b4a632bb11a09172afb47**********,114.05111683991026,22.538034109136408,,POINT (114.05111683991026 22.541611345678124)
2021-01-01 16:23:55,22.622587719746797,2021-01-01 16:35:07,114.04075873573069,1282266b809612927fc85b**********,114.05056070263002,22.618781992178818,,POINT (114.05056070263002 22.622587719746797)
2021-01-01 16:24:34,22.642099138502775,2021-01-01 16:34:28,114.02076359126947,d8568d3b9ae36cb43bbeb4**********,114.01261786144777,22.631967410681685,,POINT (114.01261786144777 22.642099138502775)
2021-01-01 16:24:43,22.62767513309196,2021-01-01 16:39:32,114.03441860339491,867d3322f490a16732219c**********,114.02538900568503,22.624957550470636,,POINT (114.02538900568503 22.62767513309196)
2021-01-01 16:25:47,22.600117099638492,2021-01-01 16:43:46,113.84163694878933,1cc6b9cf4bd4b7e9e29f3d**********,113.8291884140714,22.605595864553177,,POINT (113.8291884140714 22.600117099638492)
2021-01-01 16:25:50,22.50219615833735,2021-01-01 17:06:17,113.91347766187691,bd7a1cfab813def708e00b**********,113.9351732521824,22.48605120180047,,POINT (113.9351732521824 22.50219615833735)
2021-01-01 16:25:50,22.502152731745316,2021-01-01 17:06:17,113.91343416813694,1facb7ef6247964ed26032**********,113.93512980216529,22.486007733324858,,POINT (113.93512980216529 22.502152731745316)
2021-01-01 16:25:57,22.631183896086288,2021-01-01 16:46:16,114.0349813855695,0afd5ed329fac3bfd9abe2**********,114.05063572606007,22.622377419191334,,POINT (114.05063572606007 22.631183896086288)
2021-01-01 16:26:06,22.522295491235308,2021-01-01 16:28:03,113.97501779219733,52136b2bb5f56890f8dca7**********,113.97546971872293,22.52239118824616,,POINT (113.97546971872293 22.522295491235308)
2021-01-01 16:26:06,22.56983817795605,2021-01-01 16:46:22,114.04551701263442,574b3761b96f42837fd119**********,114.0427180583791,22.558578683666045,,POINT (114.0427180583791 22.56983817795605)
2021-01-01 16:28:33,22.589190575184578,2021-01-01 17:41:52,113.86409959603269,72b050938c7c17f78d2152**********,113.84223559549014,22.59921094482688,,POINT (113.84223559549014 22.589190575184578)
2021-01-01 16:28:50,22.521075400605078,2021-01-01 16:39:49,113.94352747633556,2072d5f212dffce4d05ea3**********,113.93853778396529,22.518994284725572,,POINT (113.93853778396529 22.521075400605078)
2021-01-01 16:29:06,22.53603785466876,2021-01-01 16:43:07,113.9893070532831,954d552cdd9ff9f8bca74a**********,113.98364449118132,22.525634308063687,,POINT (113.98364449118132 22.53603785466876)
2021-01-01 16:29:11,22.526208243030855,2021-01-01 16:59:15,113.974157737918,9773e6a8fee92344bb0a4c**********,113.96753654502304,22.525832128352057,,POINT (113.96753654502304 22.526208243030855)
2021-01-01 16:29:11,22.526188896666593,2021-01-01 16:59:15,113.97413838458037,7cdc49ceaabd95cc87c404**********,113.96751718899233,22.52581278449866,,POINT (113.96751718899233 22.526188896666593)
2021-01-01 16:29:38,22.52855749715139,2021-01-01 16:41:22,113.98808536393196,9d7127057d4d5bcdff3f0c**********,113.99668959941208,22.529861025384086,,POINT (113.99668959941208 22.52855749715139)
2021-01-01 16:29:38,22.528540748848954,2021-01-01 16:41:22,113.988068607218,cf42cae4a45839fecdbc7f**********,113.99667284303281,22.52984427679132,,POINT (113.99667284303281 22.528540748848954)
2021-01-01 16:30:11,22.51809730409576,2021-01-01 16:37:01,113.94809491012806,8fd9b424b4107ae19d0d66**********,113.94817343635165,22.517668427851472,,POINT (113.94817343635165 22.51809730409576)
2021-01-01 16:30:18,22.594289777464084,2021-01-01 17:23:44,114.26681533707587,2e4aeae1dbf59de9cd5d6b**********,114.30058281814381,22.586291878676793,,POINT (114.30058281814381 22.594289777464084)
2021-01-01 16:31:26,22.626621020314616,2021-01-01 16:45:22,114.05011690161277,f727f43124b2273dde4b6c**********,114.05568174297392,22.634460474234082,,POINT (114.05568174297392 22.626621020314616)
2021-01-01 16:31:55,22.540737276818103,2021-01-01 16:38:23,114.01880793142692,8642e7164a4213a28d1785**********,114.02117158851283,22.53938583430033,,POINT (114.02117158851283 22.540737276818103)
2021-01-01 16:32:08,22.60764216176361,2021-01-01 17:24:41,114.12775960764719,1d0c365f4f3fb85f52fd4f**********,114.15963633123786,22.612872292446234,,POINT (114.15963633123786 22.60764216176361)
2021-01-01 16:32:12,22.52406851713028,2021-01-01 16:40:32,114.03106684038977,4642cef074d2bdf848cbf3**********,114.03849757187668,22.523954066215666,,POINT (114.03849757187668 22.52406851713028)
2021-01-01 16:32:18,22.54746740438417,2021-01-01 17:00:24,113.88706135549657,4a80fa8d881fbef9183a71**********,113.90489685183002,22.555299900253047,,POINT (113.90489685183002 22.54746740438417)
2021-01-01 16:32:18,22.547514484530804,2021-01-01 17:00:24,113.88710850693334,4c2ef28ea91022786fc0ae**********,113.90494396438692,22.55534701641131,,POINT (113.90494396438692 22.547514484530804)
2021-01-01 16:32:44,22.530540766569885,2021-01-01 16:46:25,113.89107208565659,d9d7cd9b146314646ef6a8**********,113.88750874070567,22.527522124291494,,POINT (113.88750874070567 22.530540766569885)
2021-01-01 16:32:44,22.530453034981033,2021-01-01 16:46:25,113.89098430526536,c0e77ffac3a61f0e2acb43**********,113.88742094639635,22.527434405431187,,POINT (113.88742094639635 22.530453034981033)
2021-01-01 16:33:02,22.546685285897937,2021-01-01 16:42:13,114.07171759532248,3752f2f285af7f76120908**********,114.08039105229349,22.548086222476215,,POINT (114.08039105229349 22.546685285897937)
2021-01-01 16:33:20,22.658347048006018,2021-01-01 16:59:01,114.04399859426199,a14967e757728b0412d9a6**********,114.03759510823706,22.669062806938886,,POINT (114.03759510823706 22.658347048006018)
2021-01-01 16:33:29,22.603515432801935,2021-01-01 17:05:08,113.87590627609094,bddc56adbf46be4d6c0d8a**********,113.86390616905445,22.578893882747096,,POINT (113.86390616905445 22.603515432801935)
2021-01-01 16:33:30,22.559388988871653,2021-01-01 16:45:43,113.97014441682457,360e3256ab03650f391658**********,113.96227639950105,22.56663295994077,,POINT (113.96227639950105 22.559388988871653)
2021-01-01 16:33:30,22.559387891822478,2021-01-01 16:45:43,113.97014331938361,70519e6240ed20541bf17e**********,113.9622753018468,22.56663186310134,,POINT (113.9622753018468 22.559387891822478)
2021-01-01 16:33:34,22.515605044384753,2021-01-01 16:50:26,114.04371542377378,55aaaab821374cd327ac9e**********,114.03826611277623,22.524865471857613,,POINT (114.03826611277623 22.515605044384753)
2021-01-01 16:33:34,22.515569526882384,2021-01-01 16:50:26,114.04367988073605,811176ea660e236bfcb5da**********,114.03823057681544,22.524829948188064,,POINT (114.03823057681544 22.515569526882384)
2021-01-01 16:33:41,22.562957197685616,2021-01-01 16:38:38,113.91370761060422,b6f5dd387ac20493665c5f**********,113.91652504638976,22.564539080430094,,POINT (113.91652504638976 22.562957197685616)
2021-01-01 16:33:41,22.562992163880526,2021-01-01 16:38:38,113.9137426050947,6dadf2eeaa386075b3194e**********,113.91656003614393,22.564574050989297,,POINT (113.91656003614393 22.562992163880526)
2021-01-01 16:33:42,22.666959457378045,2021-01-01 17:02:39,113.99185332446483,e23b4653df9e57e7623b22**********,113.99182535642453,22.666974289181173,,POINT (113.99182535642453 22.666959457378045)
2021-01-01 16:33:55,22.55638579676757,2021-01-01 16:40:28,114.23406133691824,7606defaa5eeac07802102**********,114.23410500323854,22.55875327085931,,POINT (114.23410500323854 22.55638579676757)
2021-01-01 16:33:55,22.556431311654734,2021-01-01 16:40:28,114.23410688275028,78007dd2bb2bd9c2f787b7**********,114.23415054898936,22.558798785679095,,POINT (114.23415054898936 22.556431311654734)
2021-01-01 16:34:02,22.639024662513794,2021-01-01 16:38:47,114.01120607887901,a1c337dc9c5dc1a47b6ce3**********,114.00988589909605,22.6345323354176,,POINT (114.00988589909605 22.639024662513794)
2021-01-01 16:34:02,22.638953984222674,2021-01-01 16:38:47,114.01113535488709,d796cb2d2ea4aed0ca6898**********,114.00981517640452,22.63446165554109,,POINT (114.00981517640452 22.638953984222674)
2021-01-01 16:34:20,22.594380695689566,2021-01-01 17:24:07,114.26681633402306,65300444ec67ba14dcd7cc**********,114.30039588175643,22.58633587255605,,POINT (114.30039588175643 22.594380695689566)
2021-01-01 16:34:23,22.535537106526046,2021-01-01 16:38:38,114.0476889362733,63718177746f2625b4cb6f**********,114.0479155175303,22.54034631094734,,POINT (114.0479155175303 22.535537106526046)
2021-01-01 16:34:23,22.53556914221612,2021-01-01 16:38:38,114.04772098994134,bb35e1ee9f0cbcd81cb4b7**********,114.04794757149268,22.540378346160743,,POINT (114.04794757149268 22.53556914221612)
2021-01-01 16:34:37,22.528419648633193,2021-01-01 16:47:47,114.06882789477918,ff427006710b8ceb60f56b**********,114.07151119153399,22.526579096107355,,POINT (114.07151119153399 22.528419648633193)
2021-01-01 16:34:51,22.65601536209931,2021-01-01 16:48:16,114.03969865358248,4948b9ea92e4f38f2c6253**********,114.03439886420153,22.646051703132358,,POINT (114.03439886420153 22.65601536209931)
2021-01-01 16:35:05,22.551148396048237,2021-01-01 16:50:14,114.05105430664216,aa2554d10105754998578d**********,114.05907964795875,22.55144737847286,,POINT (114.05907964795875 22.551148396048237)
2021-01-01 16:35:46,22.60375493941774,2021-01-01 16:50:20,114.03181092619141,f803d157ea9f574cb7c338**********,114.03748709074917,22.61508546778975,,POINT (114.03748709074917 22.60375493941774)
2021-01-01 16:36:20,22.52595051649649,2021-01-01 17:36:18,113.95077359147295,b5fd9f7252b10253537859**********,113.96578231780215,22.52229369732841,,POINT (113.96578231780215 22.52595051649649)
2021-01-01 16:36:20,22.526035583986832,2021-01-01 17:36:18,113.95085874052762,459a9d503d0b342dd4c66f**********,113.96586742799877,22.522378801580007,,POINT (113.96586742799877 22.526035583986832)
2021-01-01 16:36:37,22.54769578280927,2021-01-01 16:50:26,114.10441322653435,96d9b7a30c7197b3c37844**********,114.1109159513664,22.553032351877025,,POINT (114.1109159513664 22.54769578280927)
2021-01-01 16:36:37,22.547678571301816,2021-01-01 16:50:26,114.10439600644145,c8871adde8ae87fb1abed8**********,114.11089872657793,22.55301514489441,,POINT (114.11089872657793 22.547678571301816)
2021-01-01 16:37:30,22.504874670808892,2021-01-01 16:49:33,113.93848671940104,1117c0630e3ec1370296fe**********,113.93891354317363,22.51044572183243,,POINT (113.93891354317363 22.504874670808892)
2021-01-01 16:37:41,22.573331983242845,2021-01-01 16:52:28,113.89151290026186,935f5df5728d039c0bab96**********,113.90058788038525,22.57158867640205,,POINT (113.90058788038525 22.573331983242845)
2021-01-01 16:37:41,22.573417160799565,2021-01-01 16:52:28,113.89159817633295,e25f780571f9b9f240d2f5**********,113.9006731205298,22.571673887868386,,POINT (113.9006731205298 22.573417160799565)
2021-01-01 16:40:01,22.523297331704025,2021-01-01 16:52:47,113.96279761374085,f9c539f13b0e38956a4c1c**********,113.96126021048283,22.528178748301894,,POINT (113.96126021048283 22.523297331704025)
2021-01-01 16:41:00,22.544193269761713,2021-01-01 16:49:28,114.11230862628787,de315e6af5383008b2435d**********,114.12034312348219,22.541216719569945,,POINT (114.12034312348219 22.544193269761713)
2021-01-01 16:41:00,22.54421999676705,2021-01-01 16:49:28,114.11233536628329,b118c7f12a262d0c2faa3b**********,114.12036987156108,22.541243439084244,,POINT (114.12036987156108 22.54421999676705)
2021-01-01 16:41:08,22.581827158702517,2021-01-01 16:58:38,113.90141887302553,cb7db402ff77f5a3823fb3**********,113.88399855822924,22.564409659715054,,POINT (113.88399855822924 22.581827158702517)
2021-01-01 16:41:44,22.611066627242838,2021-01-01 16:51:25,114.03578802049763,b49f5556809b229c4d2be1**********,114.02728121729017,22.611855004954133,,POINT (114.02728121729017 22.611066627242838)
2021-01-01 16:41:50,22.648825381464917,2021-01-01 16:49:46,114.06658815607058,ddf142568c9c86b97bdbbf**********,114.06131096384166,22.642703487104225,,POINT (114.06131096384166 22.648825381464917)
2021-01-01 16:41:55,22.545588011806977,2021-01-01 17:26:58,114.09301773001741,1c33b674237f7617590452**********,114.09775822678081,22.54136369432997,,POINT (114.09775822678081 22.545588011806977)
2021-01-01 16:42:02,22.519320176655903,2021-01-01 17:00:33,113.93000565456293,688a481d96d6060aab1d5d**********,113.92932312223968,22.51966258456565,,POINT (113.92932312223968 22.519320176655903)
2021-01-01 16:42:11,22.553986895639465,2021-01-01 17:08:44,114.07679633716283,adff9439cbb599caaf2bd3**********,114.08759035814501,22.545405471311586,,POINT (114.08759035814501 22.553986895639465)
2021-01-01 16:42:16,22.6475841494559,2021-01-01 16:50:10,114.01886041497603,b1d23308ca9ecc8cb5f11e**********,114.01643150647506,22.651049213418982,,POINT (114.01643150647506 22.6475841494559)
2021-01-01 16:42:16,22.64764316957964,2021-01-01 16:50:10,114.01891947606406,fe861195d3bd24ce67f7f5**********,114.01649056470981,22.6511082359598,,POINT (114.01649056470981 22.64764316957964)
2021-01-01 16:42:19,22.56462781962151,2021-01-01 16:48:34,114.14191520090598,082565a5183a115e50e51f**********,114.14178313182045,22.561009524357274,,POINT (114.14178313182045 22.56462781962151)
2021-01-01 16:42:22,22.68035337759184,2021-01-01 17:04:04,113.97728762557679,0364999967d09019d5bdd6**********,113.99098125316135,22.69292765201534,,POINT (113.99098125316135 22.68035337759184)
2021-01-01 16:42:59,22.545755073164468,2021-01-01 17:07:02,114.13052652706871,972f03c56d4e70e2028d53**********,114.11157523803445,22.551055685299588,,POINT (114.11157523803445 22.545755073164468)
2021-01-01 16:43:05,22.574218129076176,2021-01-01 17:14:45,114.11875761650496,d6652e59c874080c6aef65**********,114.1176587554966,22.579777276166244,,POINT (114.1176587554966 22.574218129076176)
2021-01-01 16:44:43,22.544416155091497,2021-01-01 16:46:33,113.9636437836411,b83505ccfeed8977eb3678**********,113.96339690356258,22.54268618733241,,POINT (113.96339690356258 22.544416155091497)
2021-01-01 16:45:33,22.51968250705442,2021-01-01 17:51:27,113.93239662138956,dec5c47f8617436232f0e8**********,113.9235731842018,22.505894940466447,,POINT (113.9235731842018 22.51968250705442)
2021-01-01 16:45:37,22.63811547723352,2021-01-01 17:07:46,113.94870015606507,0e2e5066ca3c976824eabe**********,113.94948689443511,22.635851376977694,,POINT (113.94948689443511 22.63811547723352)
2021-01-01 16:46:21,22.58458627691393,2021-01-01 16:51:23,113.85722428437734,a2f012afdcb01786b59e56**********,113.86348914698769,22.589660253383915,,POINT (113.86348914698769 22.58458627691393)
2021-01-01 16:46:21,22.584494370853005,2021-01-01 16:51:23,113.85713228454739,bf3f2472087b129b36d8ba**********,113.86339716394086,22.589568331994787,,POINT (113.86339716394086 22.584494370853005)
2021-01-01 16:46:31,22.60498755047431,2021-01-01 16:59:53,114.11276473107056,ce3fcedf9101499feb46cf**********,114.11309434804528,22.604594028677024,,POINT (114.11309434804528 22.60498755047431)
2021-01-01 16:46:35,22.64988245939019,2021-01-01 17:24:35,114.0655355084074,dd30cb5e9bbd3cd278f63a**********,114.04419995171509,22.63124562123474,,POINT (114.04419995171509 22.64988245939019)
2021-01-01 16:46:39,22.5187680635564,2021-01-01 17:01:55,113.94903561402484,18ec397c6b34a14af0115c**********,113.94503657977874,22.52184279196256,,POINT (113.94503657977874 22.5187680635564)
2021-01-01 16:47:13,22.554607119421572,2021-01-01 17:14:32,114.2346927160209,68d444a5557f04a3050324**********,114.23478151922082,22.554616544362556,,POINT (114.23478151922082 22.554607119421572)
2021-01-01 16:47:45,22.552595486920954,2021-01-01 17:26:42,113.87515172221883,2143ece15122e210d418d7**********,113.8771771616831,22.579265114049836,,POINT (113.8771771616831 22.552595486920954)
2021-01-01 16:47:50,22.666518125676127,2021-01-01 16:51:28,114.02661402240324,b686d636aaccb1c4a8f8ab**********,114.02302287665604,22.66297548580745,,POINT (114.02302287665604 22.666518125676127)
2021-01-01 16:48:43,22.633200819407126,2021-01-01 16:55:41,114.0569428522032,79fccd55109ed7a3392b7f**********,114.0638696095115,22.63714191792046,,POINT (114.0638696095115 22.633200819407126)
2021-01-01 16:49:04,22.532480307147907,2021-01-01 17:08:32,113.9607424180531,67eeae272190c52153d3b4**********,113.96545389145703,22.5218367161886,,POINT (113.96545389145703 22.532480307147907)
2021-01-01 16:49:19,22.6546112613589,2021-01-01 16:58:59,114.12192831553564,86fc986d5c44aee97b7345**********,114.12168122282718,22.654462479391068,,POINT (114.12168122282718 22.6546112613589)
2021-01-01 16:49:26,22.56057767321213,2021-01-01 16:57:50,114.10774156400154,546632f92b21d081571927**********,114.10402524063248,22.571336951581547,,POINT (114.10402524063248 22.56057767321213)
2021-01-01 16:49:41,22.594812405848145,2021-01-01 16:55:54,113.99165021460756,ce6371b4482fa4799a6338**********,113.99238964724479,22.601164600758143,,POINT (113.99238964724479 22.594812405848145)
2021-01-01 16:50:49,22.626764398230247,2021-01-01 18:11:25,114.02348946062773,2edab6d0403a840a4405b1**********,114.05544403318046,22.67381019728477,,POINT (114.05544403318046 22.626764398230247)
2021-01-01 16:52:12,22.55274309902033,2021-01-01 16:57:43,114.10062104304325,66b0619d60507fff8aa758**********,114.10423549703772,22.551881931695313,,POINT (114.10423549703772 22.55274309902033)
2021-01-01 16:53:08,22.5137520944641,2021-01-01 17:00:15,113.92422586763412,df3a1309260be8ad8d5d24**********,113.92059508668613,22.508736776041644,,POINT (113.92059508668613 22.5137520944641)
2021-01-01 16:53:30,22.521009839888674,2021-01-01 17:25:33,113.93353827514898,a740e554a82a62016b0c81**********,113.91751457517698,22.503428787953034,,POINT (113.91751457517698 22.521009839888674)
2021-01-01 16:54:09,22.610370483755627,2021-01-01 17:38:18,114.15230810049329,4ec728039df0876431ad7c**********,114.12351888710762,22.629789132634965,,POINT (114.12351888710762 22.610370483755627)
2021-01-01 16:54:09,22.610394508461066,2021-01-01 17:38:18,114.15233216230816,3b0b58ca9beddcc9083005**********,114.12354293296823,22.629813171907397,,POINT (114.12354293296823 22.610394508461066)
2021-01-01 16:54:13,22.575344462773735,2021-01-01 17:01:44,113.86306135583703,c53138aef429de622782a4**********,113.86888215726374,22.583805832813816,,POINT (113.86888215726374 22.575344462773735)
2021-01-01 16:54:53,22.54121461483269,2021-01-01 17:06:56,114.12689185229507,f860409757fd36e94b8bd8**********,114.12000086147975,22.55100143633061,,POINT (114.12000086147975 22.54121461483269)
2021-01-01 16:55:19,22.5563854828026,2021-01-01 17:51:04,114.27113733230495,3a0fc72391a7b1fc5cca6a**********,114.23644149849706,22.589911864144103,,POINT (114.23644149849706 22.5563854828026)
2021-01-01 16:55:21,22.622335129170498,2021-01-01 17:04:46,114.03832751391603,d730b440ffe0733ea77600**********,114.02800514352626,22.614276979243417,,POINT (114.02800514352626 22.622335129170498)
2021-01-01 16:55:21,22.62232964432656,2021-01-01 17:04:46,114.03832202380248,a680ff79c872f5b5fb00e8**********,114.02799965520354,22.61427149267694,,POINT (114.02799965520354 22.62232964432656)
2021-01-01 16:55:31,22.617559146941105,2021-01-01 17:14:25,114.03511310871212,11dbbfc67756e2cd61a7c0**********,114.02980594656628,22.625498949404058,,POINT (114.02980594656628 22.617559146941105)
2021-01-01 16:55:31,22.617582782916525,2021-01-01 17:14:25,114.03513676353356,7fe6a665a0780c00373126**********,114.0298295974795,22.625522588792858,,POINT (114.0298295974795 22.617582782916525)
2021-01-01 16:55:55,22.55512056143386,2021-01-01 17:02:58,114.01905175555702,ce7ed04de410a010efd9cd**********,114.0139233174409,22.558356019015516,,POINT (114.0139233174409 22.55512056143386)
2021-01-01 16:55:55,22.55514917635384,2021-01-01 17:02:58,114.01908038836801,d0b89241bcc7947444cc3b**********,114.01395194747502,22.558384636401133,,POINT (114.01395194747502 22.55514917635384)
2021-01-01 16:56:56,22.561480940852388,2021-01-01 17:04:27,113.88219935421029,d51e256c0471a248328b23**********,113.87921596103415,22.558096452052908,,POINT (113.87921596103415 22.561480940852388)
2021-01-01 16:57:04,22.576741698010643,2021-01-01 17:02:58,113.85086082370059,8edc3a1ac27215227e7c27**********,113.85258509299665,22.578179189449965,,POINT (113.85258509299665 22.576741698010643)
2021-01-01 16:57:24,22.553268044394887,2021-01-01 17:05:23,113.98395603235296,6bc6fffb51134076e2712b**********,113.97739119131417,22.547810561641374,,POINT (113.97739119131417 22.553268044394887)
2021-01-01 16:57:28,22.732919395115875,2021-01-01 18:16:25,114.27308518199163,72510ccd9ffe4b21d57727**********,114.26377753199783,22.683546156510285,,POINT (114.26377753199783 22.732919395115875)
2021-01-01 16:58:23,22.60110516330092,2021-01-01 17:22:11,114.10874568221703,30d044315fd6f6fb7b1a5d**********,114.1048924011323,22.605164831004007,,POINT (114.1048924011323 22.60110516330092)
2021-01-01 16:58:40,22.621739613314464,2021-01-01 17:10:03,114.05805240050582,293eabbc2e225ad0233adc**********,114.0580275528742,22.612853565014188,,POINT (114.0580275528742 22.621739613314464)
2021-01-01 16:58:40,22.62177375476154,2021-01-01 17:10:03,114.05808656619395,611390056857a008e9db93**********,114.0580617185222,22.61288770687081,,POINT (114.0580617185222 22.62177375476154)
2021-01-01 16:58:58,22.557918494133204,2021-01-01 17:14:49,114.05365032912893,a8f5d60fe372d4f5f08ada**********,114.04504645052809,22.5495110910974,,POINT (114.04504645052809 22.557918494133204)
2021-01-01 16:58:58,22.55783058273794,2021-01-01 17:14:49,114.0535623346812,0286d40a5920b03c429ab2**********,114.04495848710982,22.549423149792997,,POINT (114.04495848710982 22.55783058273794)
2021-01-01 17:00:17,22.674394108380703,2021-01-01 17:16:01,114.05726051921468,1051679927340f7d495d32**********,114.04100319088543,22.662514763624383,,POINT (114.04100319088543 22.674394108380703)
2021-01-01 17:00:26,22.66033315462291,2021-01-01 17:09:13,114.03100629348819,79cf11d14b3644c49e89ba**********,114.02505726827738,22.6657356248373,,POINT (114.02505726827738 22.66033315462291)
2021-01-01 17:00:51,22.5262099246282,2021-01-01 17:06:04,113.99045610842565,592d8812fd5e878176d1d1**********,113.99450771217056,22.524844558923228,,POINT (113.99450771217056 22.5262099246282)
2021-01-01 17:00:51,22.526212117862766,2021-01-01 17:06:04,113.9904583027307,a9069b1f3dc8949a506429**********,113.99450990645569,22.524846752180718,,POINT (113.99450990645569 22.526212117862766)
2021-01-01 17:01:25,22.52264498251005,2021-01-01 17:46:53,113.90865479153784,112d8cdfaf6ee3e72da93b**********,113.90874291458154,22.522803522590465,,POINT (113.90874291458154 22.52264498251005)
2021-01-01 17:01:25,22.522658175102382,2021-01-01 17:46:53,113.90866799268423,5aca01efad63be826ed536**********,113.9087561156719,22.522816715232537,,POINT (113.9087561156719 22.522658175102382)
2021-01-01 17:01:28,22.582922230311556,2021-01-01 18:44:07,113.95055312735245,dba92cf9b582319fcab387**********,113.95082766675965,22.59027379150487,,POINT (113.95082766675965 22.582922230311556)
2021-01-01 17:02:24,22.542993987060743,2021-01-01 17:12:23,114.05678582459444,802144065f076ce9f43ec9**********,114.05672508707897,22.53473804856957,,POINT (114.05672508707897 22.542993987060743)
2021-01-01 17:02:31,22.544986877349423,2021-01-01 17:33:21,114.08653625194869,d724463de0a4c957522410**********,114.10115564784576,22.539985701192546,,POINT (114.10115564784576 22.544986877349423)
2021-01-01 17:02:31,22.545026388544994,2021-01-01 17:33:21,114.08657576562008,7908dfd43f8ce5efe31b6f**********,114.10119518837871,22.5400251875068,,POINT (114.10119518837871 22.545026388544994)
2021-01-01 17:02:52,22.58075381926529,2021-01-01 17:19:12,113.85331274854592,a3af45f845a6d0ba6a2063**********,113.85485253706153,22.574835416118734,,POINT (113.85485253706153 22.58075381926529)
2021-01-01 17:03:03,22.529825208011346,2021-01-01 17:11:30,113.9883732990469,b6037f20740d12dd56c35f**********,113.9879592438928,22.525330245177795,,POINT (113.9879592438928 22.529825208011346)
2021-01-01 17:04:32,22.565518480339698,2021-01-01 17:35:27,114.13797014783778,a34d91423b0612fa01ba39**********,114.14166383052515,22.555231369507048,,POINT (114.14166383052515 22.565518480339698)
2021-01-01 17:04:33,22.585785500973028,2021-01-01 17:21:52,114.25352642579105,bdd21521d7e7914878b5e6**********,114.2712737444512,22.592156747240352,,POINT (114.2712737444512 22.585785500973028)
2021-01-01 17:04:33,22.585848732808834,2021-01-01 17:21:52,114.25358973831948,08d9ef15848e1261633ec7**********,114.27133701278572,22.592220018589153,,POINT (114.27133701278572 22.585848732808834)
2021-01-01 17:04:37,22.524644082158154,2021-01-01 17:15:27,114.04270069446818,372025a6db6ec8ba367c12**********,114.03881423887213,22.523457883370742,,POINT (114.03881423887213 22.524644082158154)
2021-01-01 17:05:19,22.5683024258322,2021-01-01 17:27:02,113.89141921486612,86a44a823b5937bb9df838**********,113.88833884394111,22.564235863971568,,POINT (113.88833884394111 22.5683024258322)
2021-01-01 17:05:26,22.506760251408124,2021-01-01 17:22:45,113.91271573836728,7b2bd27d9afb794573038a**********,113.91850405756878,22.520039827258252,,POINT (113.91850405756878 22.506760251408124)
2021-01-01 17:05:48,22.535440875145476,2021-01-01 17:30:01,114.05882548797896,7427fe90078a87d20385b3**********,114.05032158118412,22.52596530036073,,POINT (114.05032158118412 22.535440875145476)
2021-01-01 17:05:48,22.535367415978875,2021-01-01 17:30:01,114.05875195940686,6d5df00006ecce30230b3a**********,114.05024807966244,22.525891815030615,,POINT (114.05024807966244 22.535367415978875)
2021-01-01 17:06:01,22.547655269725237,2021-01-01 17:21:12,114.06851622131369,686c2bc89fb2f7d0d9cda8**********,114.06498930286095,22.551166010318152,,POINT (114.06498930286095 22.547655269725237)
2021-01-01 17:06:15,22.549132780596576,2021-01-01 17:14:56,114.07164648129304,09637a2ebd30437ca517c7**********,114.08114366235941,22.547714506887495,,POINT (114.08114366235941 22.549132780596576)
2021-01-01 17:06:32,22.51053918994746,2021-01-01 17:32:09,113.91477155904026,b9812a9a43a4f2dda1718b**********,113.93822113857097,22.509321030394265,,POINT (113.93822113857097 22.51053918994746)
2021-01-01 17:06:46,22.617225670369777,2021-01-01 17:08:54,114.1139623937697,e4f534008742d1d38279e0**********,114.11297330873433,22.61544679788936,,POINT (114.11297330873433 22.617225670369777)
2021-01-01 17:06:46,22.61725188761765,2021-01-01 17:08:54,114.11398863474423,b0c100dcb31dcc6267b804**********,114.11299954869217,22.615473016149412,,POINT (114.11299954869217 22.61725188761765)
2021-01-01 17:07:24,22.589939963426676,2021-01-01 18:25:15,114.23150143988347,dadb9cae0cebd22770f2e6**********,114.29926294019232,22.56135043144678,,POINT (114.29926294019232 22.589939963426676)
2021-01-01 17:07:37,22.68349414426673,2021-01-01 17:21:06,114.04169992355214,ce16678f23a083a8fdd686**********,114.04126646510672,22.67444881057961,,POINT (114.04126646510672 22.68349414426673)
2021-01-01 17:07:37,22.68345643597553,2021-01-01 17:21:06,114.04166218696544,421b05ed77ad764d617cc3**********,114.04122872912822,22.674411101344393,,POINT (114.04122872912822 22.68345643597553)
2021-01-01 17:08:02,22.54551738923619,2021-01-01 17:18:03,114.08221417515665,6f92002ce036b4a99cb69b**********,114.076624340794,22.545853691047085,,POINT (114.076624340794 22.54551738923619)
2021-01-01 17:08:02,22.545474823419607,2021-01-01 17:18:03,114.08217156935677,f4837f9abc0321e4ffb81b**********,114.07658174649814,22.54581111449728,,POINT (114.07658174649814 22.545474823419607)
2021-01-01 17:08:04,22.577321431391336,2021-01-01 17:22:27,114.13913049284992,9653cc3381513baafe4ed1**********,114.13826921381894,22.577266479889204,,POINT (114.13826921381894 22.577321431391336)
2021-01-01 17:08:04,22.57736749889051,2021-01-01 17:22:27,114.13917660091755,83af252bfadc3dd0d9c1e0**********,114.13831532098693,22.577312548246432,,POINT (114.13831532098693 22.57736749889051)
2021-01-01 17:08:04,22.57736749889051,2021-01-01 17:22:27,114.13917660091755,8bb453fb477d12da2e96d5**********,114.13831532098693,22.577312548246432,,POINT (114.13831532098693 22.57736749889051)
2021-01-01 17:08:20,22.54256584739011,2021-01-01 17:15:22,113.96202251962995,7216627b4955028dc20e14**********,113.96213032411399,22.53404608273606,,POINT (113.96213032411399 22.54256584739011)
2021-01-01 17:08:37,22.579605524491637,2021-01-01 17:21:18,113.9478504305438,bf8cb9d0b6c35b95fd8901**********,113.94781393916206,22.579608225340966,,POINT (113.94781393916206 22.579605524491637)
2021-01-01 17:08:45,22.688624342858326,2021-01-01 17:35:56,113.82490587049045,64241341be9bddb97a4045**********,113.83937194260224,22.686328235331214,,POINT (113.83937194260224 22.688624342858326)
2021-01-01 17:09:08,22.725795102022705,2021-01-01 17:45:35,114.23398687260914,06089d388d0f8d80e0c902**********,114.26337209376779,22.709171195656143,,POINT (114.26337209376779 22.725795102022705)
2021-01-01 17:09:19,22.526462641005836,2021-01-01 17:14:23,113.9908632950931,feb2e1cd819cdbe4e737b5**********,113.99430806306326,22.525036946100457,,POINT (113.99430806306326 22.526462641005836)
2021-01-01 17:09:19,22.526523852170886,2021-01-01 17:14:23,113.99092453604871,2adfddd78a3ea1f2820ef0**********,113.99436930357116,22.525098157807445,,POINT (113.99436930357116 22.526523852170886)
2021-01-01 17:10:09,22.533432046719163,2021-01-01 17:36:44,113.96742177264498,8f7f8539d29fe4849a772c**********,113.96250598671521,22.540252093445623,,POINT (113.96250598671521 22.533432046719163)
2021-01-01 17:10:49,22.67993020217676,2021-01-01 17:43:23,113.96456302127945,439279899a15a944789f73**********,113.99123306175176,22.700500001505887,,POINT (113.99123306175176 22.67993020217676)
2021-01-01 17:11:46,22.599141133544357,2021-01-01 17:24:05,113.84681109349651,c985f91b2af126a8e22e63**********,113.86423502548871,22.602323366475417,,POINT (113.86423502548871 22.599141133544357)
2021-01-01 17:11:46,22.599075460458664,2021-01-01 17:24:05,113.84674533495831,73a8704c9fd1859db5740d**********,113.86416929624734,22.602257665749796,,POINT (113.86416929624734 22.599075460458664)
2021-01-01 17:11:53,22.590175231983313,2021-01-01 17:18:41,113.8752090164579,ca9a8091c62254ec34be04**********,113.87390326796417,22.596480471328995,,POINT (113.87390326796417 22.590175231983313)
2021-01-01 17:12:31,22.548222138975536,2021-01-01 17:57:40,114.13051822786261,0e48b85b174b7a17d800b0**********,114.11112266901151,22.551071882605196,,POINT (114.11112266901151 22.548222138975536)
2021-01-01 17:13:08,22.683412439011622,2021-01-01 17:24:53,114.038866305133,43ab2988ae062101030018**********,114.04122299137063,22.67505625868646,,POINT (114.04122299137063 22.683412439011622)
2021-01-01 17:13:08,22.683454736139456,2021-01-01 17:24:53,114.03890862972028,3cb062f83e98482de6877b**********,114.04126531955282,22.675098552855715,,POINT (114.04126531955282 22.683454736139456)
2021-01-01 17:13:37,22.611685330725095,2021-01-01 17:31:01,114.12032322118421,4a226863dc7dbb0cead52b**********,114.12014408118921,22.6118854621268,,POINT (114.12014408118921 22.611685330725095)
2021-01-01 17:13:56,22.56697060229422,2021-01-01 17:30:38,114.11080231400776,6482e9d25edb0edc07a93b**********,114.11267262343151,22.58608758206749,,POINT (114.11267262343151 22.56697060229422)
2021-01-01 17:14:09,22.551121861655194,2021-01-01 17:23:55,114.06404746124963,b1ee9579884bf95afbf233**********,114.06575416451058,22.558664859375593,,POINT (114.06575416451058 22.551121861655194)
2021-01-01 17:14:10,22.545187152057974,2021-01-01 17:20:32,114.1264192726283,3f24516808ddb48c5c2bd4**********,114.12250272100545,22.54405923397133,,POINT (114.12250272100545 22.545187152057974)
2021-01-01 17:14:30,22.662927754829205,2021-01-01 17:24:54,114.0298829481631,ee5f677c3f92d838802873**********,114.01997533470984,22.665483281521254,,POINT (114.01997533470984 22.662927754829205)
2021-01-01 17:15:11,22.564465908855528,2021-01-01 17:57:16,113.88643219759305,5b9167e6030fe8f632731a**********,113.90164743175518,22.536492100153552,,POINT (113.90164743175518 22.564465908855528)
2021-01-01 17:15:26,22.58007877652703,2021-01-01 17:24:24,113.89898182995617,d76a5a11b361b15769fd45**********,113.89903417413947,22.580113847183895,,POINT (113.89903417413947 22.58007877652703)
2021-01-01 17:15:41,22.55033067102041,2021-01-01 18:07:10,114.07179131649706,13f1d014f6f6284672359f**********,114.07248372025076,22.548186835056672,,POINT (114.07248372025076 22.55033067102041)
2021-01-01 17:15:49,22.62299755979107,2021-01-01 17:23:30,114.0509788868617,0164b1d3b5144a75051439**********,114.05564717605053,22.619387685167087,,POINT (114.05564717605053 22.62299755979107)
2021-01-01 17:16:18,22.520970198077254,2021-01-01 17:26:18,113.94411996335263,825c730ee9af2dd13ff31b**********,113.93855773603609,22.5168730657813,,POINT (113.93855773603609 22.520970198077254)
2021-01-01 17:17:30,22.589722934751553,2021-01-01 17:22:06,114.25273129162885,bfde1a58a5476e93513602**********,114.2548779767405,22.594092301660428,,POINT (114.2548779767405 22.589722934751553)
2021-01-01 17:17:30,22.640419159238075,2021-01-01 17:25:23,114.01623179901469,d9907e043c24df8ac9104c**********,114.00749016500924,22.640417975774124,,POINT (114.00749016500924 22.640419159238075)
2021-01-01 17:17:32,22.64884922247788,2021-01-01 17:31:23,114.03884901098024,8cbddf292373a117bdc8ab**********,114.03132142407019,22.647414576652537,,POINT (114.03132142407019 22.64884922247788)
2021-01-01 17:18:34,22.51124584155744,2021-01-01 17:32:05,113.93536887979242,05d39a364b769233c688ee**********,113.93902581980164,22.519415679170347,,POINT (113.93902581980164 22.51124584155744)
2021-01-01 17:19:03,22.558828715939406,2021-01-01 17:53:58,114.04332990931157,e33715b9d1f3565899edc5**********,114.06131033671178,22.56757163687218,,POINT (114.06131033671178 22.558828715939406)
2021-01-01 17:19:46,22.556819579955395,2021-01-01 17:25:11,113.96151749215929,71b8ccf2a5c407bca40d09**********,113.96780499829664,22.553626919276017,,POINT (113.96780499829664 22.556819579955395)
2021-01-01 17:19:49,22.722559146246365,2021-01-01 17:21:39,113.90217700475084,083348531653925641e410**********,113.90226923059375,22.72135625183732,,POINT (113.90226923059375 22.722559146246365)
2021-01-01 17:19:49,22.7225758376932,2021-01-01 17:21:39,113.90219371137769,e64eeafacbbbf94a805f4e**********,113.90228593714706,22.72137294337342,,POINT (113.90228593714706 22.7225758376932)
2021-01-01 17:20:02,22.611632638892416,2021-01-01 18:05:42,114.00588233494668,77c7651d1369f1525f8528**********,114.03792650511146,22.60129924322637,,POINT (114.03792650511146 22.611632638892416)
2021-01-01 17:20:19,22.512933167234976,2021-01-01 18:06:30,113.93916657021336,5a1cd8848c3513179ec657**********,113.90016091798361,22.513030601500002,,POINT (113.90016091798361 22.512933167234976)
2021-01-01 17:20:20,22.61510768426044,2021-01-01 17:40:27,114.06459878794708,1074155a50f2392abec257**********,114.06865993914931,22.61045635373405,,POINT (114.06865993914931 22.61510768426044)
2021-01-01 17:20:53,22.529693666018037,2021-01-01 17:31:50,113.93332621505542,6c5b0ce76cbe1d1372a53b**********,113.9314739700141,22.532608552956003,,POINT (113.9314739700141 22.529693666018037)
2021-01-01 17:21:07,22.678977608178073,2021-01-01 17:38:22,113.95920132808068,717126e46d6a3935be8149**********,113.97592660965292,22.688002222729057,,POINT (113.97592660965292 22.678977608178073)
2021-01-01 17:21:07,22.679046492949194,2021-01-01 17:38:22,113.95927028658363,76c7a1974fb733be0de003**********,113.97599554102655,22.688071132176105,,POINT (113.97599554102655 22.679046492949194)
2021-01-01 17:21:23,22.554092184672594,2021-01-01 17:27:26,114.10453391774311,f9007353f943f18cb16e43**********,114.10398352207193,22.560067420979138,,POINT (114.10398352207193 22.554092184672594)
2021-01-01 17:21:23,22.554011053382663,2021-01-01 17:27:26,114.10445272268626,ae4fbdddbb047732504d52**********,114.10390232895789,22.559986288504234,,POINT (114.10390232895789 22.554011053382663)
2021-01-01 17:21:28,22.66092635843811,2021-01-01 17:33:22,114.04833283790452,e02f6f0a91ebe72784103b**********,114.06595995566123,22.670498545235688,,POINT (114.06595995566123 22.66092635843811)
2021-01-01 17:21:28,22.66094023869865,2021-01-01 17:33:22,114.04834671817858,cff1af6f93720fad47a73a**********,114.06597384674106,22.670512415268366,,POINT (114.06597384674106 22.66094023869865)
2021-01-01 17:22:06,22.58991009134237,2021-01-01 17:33:20,113.84467601397273,c8ce90e1e7c39324eb7073**********,113.8374738886067,22.599585627207073,,POINT (113.8374738886067 22.58991009134237)
2021-01-01 17:22:27,22.66861221626655,2021-01-01 17:37:05,114.03933538878213,56320de203c99e639bd80e**********,114.03240476275033,22.672222827934227,,POINT (114.03240476275033 22.66861221626655)
2021-01-01 17:22:27,22.529952400603513,2021-01-01 17:27:35,113.947617810986,9755563df6769bd5145fe5**********,113.94257113669455,22.52796977230451,,POINT (113.94257113669455 22.529952400603513)
2021-01-01 17:22:27,22.529952400603513,2021-01-01 17:27:35,113.947617810986,768cad221f113f77ea8130**********,113.94257113669455,22.52796977230451,,POINT (113.94257113669455 22.529952400603513)
2021-01-01 17:22:27,22.52990549521695,2021-01-01 17:27:35,113.94757088866166,c5d62764592621efd35c45**********,113.94252420520735,22.527922875367565,,POINT (113.94252420520735 22.52990549521695)
2021-01-01 17:22:52,22.521503480841115,2021-01-01 18:00:18,113.91723648687872,e303aa30cc017c5c533ca9**********,113.92724162012776,22.540232316500884,,POINT (113.92724162012776 22.521503480841115)
2021-01-01 17:22:59,22.547113755023013,2021-01-01 17:29:20,114.07911241451325,76b669f4981bcb96b6028c**********,114.07888635708552,22.5456297059526,,POINT (114.07888635708552 22.547113755023013)
2021-01-01 17:25:37,22.593306166982675,2021-01-01 17:29:42,114.24585408039259,407bea47f655ca651f2c50**********,114.24878980491852,22.59593897154929,,POINT (114.24878980491852 22.593306166982675)
2021-01-01 17:25:37,22.593377147420163,2021-01-01 17:29:42,114.24592511712594,021e648a4b9dd6d95aee90**********,114.24886083293778,22.596009959663235,,POINT (114.24886083293778 22.593377147420163)
2021-01-01 17:26:37,22.69140061022443,2021-01-01 17:42:31,114.27301399685312,f1b0714902dc93fbaad8ff**********,114.26475327515166,22.69189479630625,,POINT (114.26475327515166 22.69140061022443)
2021-01-01 17:26:43,22.519041300824657,2021-01-01 17:30:57,113.91857007534209,6160f9215eaa10a6553820**********,113.91964020491694,22.515175725935855,,POINT (113.91964020491694 22.519041300824657)
2021-01-01 17:27:22,22.52326628374204,2021-01-01 17:47:23,114.02044388385102,d395407c3521ea26e12bef**********,114.03055450923675,22.528034235188738,,POINT (114.03055450923675 22.52326628374204)
2021-01-01 17:28:50,22.644844658499835,2021-01-01 17:47:33,114.0252076398207,60fb6dbfc6e1eea209e453**********,114.02885906622068,22.639093307534047,,POINT (114.02885906622068 22.644844658499835)
2021-01-01 17:28:50,22.64479210400011,2021-01-01 17:47:33,114.0251550557212,629b2f8b87c07700ba847d**********,114.02880647689436,22.6390407575457,,POINT (114.02880647689436 22.64479210400011)
2021-01-01 17:29:15,22.53846018524268,2021-01-01 17:35:44,114.01560217354488,7df62a91c69f2875268a02**********,114.02612312339512,22.53848958715597,,POINT (114.02612312339512 22.53846018524268)
2021-01-01 17:29:22,22.57776555094567,2021-01-01 17:44:34,113.95177250600611,290419cd13277977b05a41**********,113.947858973972,22.59138738820722,,POINT (113.947858973972 22.57776555094567)
2021-01-01 17:29:41,22.55076453429636,2021-01-01 17:39:44,114.10950535247937,77d7e87f6d7783ef993370**********,114.107541688536,22.56149547685632,,POINT (114.107541688536 22.55076453429636)
2021-01-01 17:29:41,22.550669283577072,2021-01-01 17:39:44,114.10941002090495,b953cf41e596105b33a030**********,114.1074463647573,22.56140022016757,,POINT (114.1074463647573 22.550669283577072)
2021-01-01 17:30:16,22.525743605236684,2021-01-01 17:34:02,114.04425848196509,f3af810264aeea093318dd**********,114.04696853209288,22.52583105340601,,POINT (114.04696853209288 22.525743605236684)
2021-01-01 17:30:16,22.52578721671571,2021-01-01 17:34:02,114.04430211301528,b434e74671358187879202**********,114.04701216777556,22.525874660558138,,POINT (114.04701216777556 22.52578721671571)
2021-01-01 17:30:19,22.664723866001697,2021-01-01 17:38:32,114.01487195396547,42e158f359bd98415ca279**********,114.02262596612094,22.660483684334476,,POINT (114.02262596612094 22.664723866001697)
2021-01-01 17:30:19,22.66467161986041,2021-01-01 17:38:32,114.01481968100002,9739a86272d9d7817f2611**********,114.02257368474388,22.66043144576847,,POINT (114.02257368474388 22.66467161986041)
2021-01-01 17:30:36,22.637984114405473,2021-01-01 17:38:11,114.01165538940317,66472d8a34e601f568e83d**********,114.01750021487372,22.638726690875384,,POINT (114.01750021487372 22.637984114405473)
2021-01-01 17:31:35,22.67950627708189,2021-01-01 17:46:49,113.98963030091161,eed5222873530d5a510911**********,113.99971722607705,22.673304995251677,,POINT (113.99971722607705 22.67950627708189)
2021-01-01 17:31:56,22.56279634864246,2021-01-01 17:47:31,113.88866800685908,64ce9bdf2a7363649e6791**********,113.88863505536537,22.562705518598957,,POINT (113.88863505536537 22.56279634864246)
2021-01-01 17:32:30,22.62873265768083,2021-01-01 17:38:47,114.05011610942313,8cf63e68dfc1796f12a650**********,114.05579018184469,22.62517744157824,,POINT (114.05579018184469 22.62873265768083)
2021-01-01 17:32:35,22.52569743442149,2021-01-01 17:36:38,114.0435104461581,2910def7f16e29f84147e4**********,114.04727771112921,22.52999203846668,,POINT (114.04727771112921 22.52569743442149)
2021-01-01 17:32:40,22.549986061961754,2021-01-01 17:44:46,114.11955115943202,191d5712cfefb7c8a1d678**********,114.11656287674806,22.54374128840372,,POINT (114.11656287674806 22.549986061961754)
2021-01-01 17:32:40,22.550046915140886,2021-01-01 17:44:46,114.1196120672361,fb666a87c604b61ce4476a**********,114.1166237778842,22.543802148354672,,POINT (114.1166237778842 22.550046915140886)
2021-01-01 17:32:49,22.54767787063846,2021-01-01 17:46:32,114.09687216508712,eb2c464f0b22d706c7c52c**********,114.10979660400386,22.55280350090007,,POINT (114.10979660400386 22.54767787063846)
2021-01-01 17:32:55,22.56425317243804,2021-01-01 18:02:29,113.97009222960165,5ff3940309108cbdcfdcbe**********,113.96038453165626,22.56656337186806,,POINT (113.96038453165626 22.56425317243804)
2021-01-01 17:33:02,22.62482022934575,2021-01-01 17:59:33,114.05557525312649,3eedac2fad8a32cd65a8eb**********,114.044265230059,22.62495949872639,,POINT (114.044265230059 22.62482022934575)
2021-01-01 17:33:04,22.643273452842053,2021-01-01 17:42:09,114.18762787313202,4e1b9bf6fccd17c74b8ea6**********,114.18806277699231,22.6513772858685,,POINT (114.18806277699231 22.643273452842053)
2021-01-01 17:33:32,22.55091930501035,2021-01-01 17:57:04,114.23504213027118,4485d26944ee6e3ff11f35**********,114.23305444364529,22.553322909754844,,POINT (114.23305444364529 22.55091930501035)
2021-01-01 17:33:32,22.550849878956274,2021-01-01 17:57:04,114.23497266298394,9a3ea340a72ab0f9b13415**********,114.2329849707346,22.553253489031487,,POINT (114.2329849707346 22.550849878956274)
2021-01-01 17:33:37,22.589531213209728,2021-01-01 17:55:30,113.85761052280118,bfdd7f38dd3ea5d58f1ef7**********,113.83629786919607,22.58261374387013,,POINT (113.83629786919607 22.589531213209728)
2021-01-01 17:34:25,22.52519071590963,2021-01-01 17:46:41,114.05903918605517,32a914aed7dc130f091790**********,114.0478729094803,22.526113021130058,,POINT (114.0478729094803 22.52519071590963)
2021-01-01 17:34:25,22.52515957807501,2021-01-01 17:46:41,114.05900801600573,dd01c2aaa074f3cb610bc5**********,114.04784175431695,22.526081869440237,,POINT (114.04784175431695 22.52515957807501)
2021-01-01 17:34:37,22.521864369766693,2021-01-01 18:35:08,113.95744533809503,1ce2b4f186f3ba325c3cd3**********,113.96059217086884,22.55688923663244,,POINT (113.96059217086884 22.521864369766693)
2021-01-01 17:35:41,22.551444645801865,2021-01-01 17:48:40,114.11037551605146,59e78b2f4a9da30c3fe615**********,114.11488487166955,22.548745163943195,,POINT (114.11488487166955 22.551444645801865)
2021-01-01 17:36:04,22.637284909685828,2021-01-01 17:57:24,114.02060457879082,96519f5ab4f4614eb76dbe**********,114.00888232900533,22.617350248288584,,POINT (114.00888232900533 22.637284909685828)
2021-01-01 17:36:19,22.55630732846005,2021-01-01 17:44:22,114.13957201827047,314dfb31afbe234a40d0de**********,114.14220862889367,22.550009758728905,,POINT (114.14220862889367 22.55630732846005)
2021-01-01 17:36:19,22.55622299592007,2021-01-01 17:44:22,114.13948761979094,b26785c8d78d6b6188e796**********,114.14212422573175,22.54992542994581,,POINT (114.14212422573175 22.55622299592007)
2021-01-01 17:36:23,22.540953012759083,2021-01-01 17:56:09,114.00816583452222,83f3d63087526d8dfb45fe**********,114.02117910772752,22.55347485369136,,POINT (114.02117910772752 22.540953012759083)
2021-01-01 17:36:33,22.599665853676782,2021-01-01 17:49:24,114.30605138375411,27a70dd54550ae6d1e84f7**********,114.3158562829516,22.600893602716134,,POINT (114.3158562829516 22.599665853676782)
2021-01-01 17:36:33,22.599580127648455,2021-01-01 17:49:24,114.30596560733431,67317fdd14c4d3b81f0aac**********,114.31577051612742,22.600807868781136,,POINT (114.31577051612742 22.599580127648455)
2021-01-01 17:36:52,22.521642363115348,2021-01-01 17:47:15,113.94057328234447,cb0210e97f60911e793921**********,113.94119875292424,22.53241040136984,,POINT (113.94119875292424 22.521642363115348)
2021-01-01 17:36:52,22.521704341871747,2021-01-01 17:47:15,113.94063529669792,397b9f5091dd98c21e555e**********,113.94126076570495,22.532472380717994,,POINT (113.94126076570495 22.521704341871747)
2021-01-01 17:36:52,22.521704341871747,2021-01-01 17:47:15,113.94063529669792,febf14c549cad6883da756**********,113.94126076570495,22.532472380717994,,POINT (113.94126076570495 22.521704341871747)
2021-01-01 17:36:57,22.489742309575714,2021-01-01 17:49:29,113.92459948045935,e29a6e916e0165eb990f38**********,113.93917171665666,22.49212852386883,,POINT (113.93917171665666 22.489742309575714)
2021-01-01 17:37:08,22.53695856069089,2021-01-01 18:08:00,113.92055571186701,18cd6e447f832a6d857beb**********,113.93508735701572,22.555108644552917,,POINT (113.93508735701572 22.53695856069089)
2021-01-01 17:37:56,22.670419020840093,2021-01-01 17:45:59,114.05374885059547,4139bd74c71f3e48949c9b**********,114.04815864992915,22.66197515469197,,POINT (114.04815864992915 22.670419020840093)
2021-01-01 17:37:56,22.67042361089224,2021-01-01 17:45:59,114.05375344510824,d4a56c14772b7eca9a6351**********,114.04816324336784,22.661979745789445,,POINT (114.04816324336784 22.67042361089224)
2021-01-01 17:37:57,22.586886351726182,2021-01-01 17:45:09,114.30071807765906,b749e8c4ba60ee618af08d**********,114.30146683786155,22.593611344134207,,POINT (114.30146683786155 22.586886351726182)
2021-01-01 17:37:57,22.586865789795944,2021-01-01 17:45:09,114.30069750539974,9a36b246b5f51a1c39aab9**********,114.30144626589428,22.593590782122938,,POINT (114.30144626589428 22.586865789795944)
2021-01-01 17:38:20,22.636537842941014,2021-01-01 17:43:48,114.06126371607166,8e005a1a9942be93dbbb16**********,114.05660930413825,22.638976919642914,,POINT (114.05660930413825 22.636537842941014)
2021-01-01 17:39:57,22.566769686422365,2021-01-01 17:50:11,113.89492494369702,278fdcc90c7c56b48eae06**********,113.89498244124141,22.566952653835582,,POINT (113.89498244124141 22.566769686422365)
2021-01-01 17:40:44,22.66123001024579,2021-01-01 17:52:14,114.01821205152166,68edb5f053f5c2cb1e000c**********,114.01713841265718,22.655831863896992,,POINT (114.01713841265718 22.66123001024579)
2021-01-01 17:40:44,22.661228614505003,2021-01-01 17:52:14,114.01821065482642,7b058d095cd8fc0bf723b4**********,114.01713701599195,22.655830468119646,,POINT (114.01713701599195 22.661228614505003)
2021-01-01 17:40:49,22.54526414170466,2021-01-01 17:53:13,114.08407703479976,edd73a2742d2fd4cbbab2d**********,114.07802702984804,22.549088304967512,,POINT (114.07802702984804 22.54526414170466)
2021-01-01 17:40:49,22.54526414170466,2021-01-01 17:53:13,114.08407703479976,d15a7459c703126da7d11a**********,114.07802702984804,22.549088304967512,,POINT (114.07802702984804 22.54526414170466)
2021-01-01 17:40:49,22.54516701363205,2021-01-01 17:53:13,114.08397981296179,bbc5f91e85801b620f65c4**********,114.07792983640735,22.54899115083864,,POINT (114.07792983640735 22.54516701363205)
2021-01-01 17:41:32,22.6772343833105,2021-01-01 18:23:08,114.03635109747104,3a4b9c9341d9843533c3cc**********,114.03291425908932,22.639945780051715,,POINT (114.03291425908932 22.6772343833105)
2021-01-01 17:41:45,22.6243889634227,2021-01-01 17:44:27,114.1489658649915,070c21dae97583bd02e587**********,114.14759477164162,22.622736475799513,,POINT (114.14759477164162 22.6243889634227)
2021-01-01 17:41:50,22.658668017992394,2021-01-01 17:59:55,114.03873798767273,1b480466cb4d7d8f37da6a**********,114.03264664526756,22.643191047469255,,POINT (114.03264664526756 22.658668017992394)
2021-01-01 17:42:22,22.522853955950218,2021-01-01 18:24:42,113.96065416401476,231ba85215b5745e27da1a**********,113.96131167346165,22.521884220437254,,POINT (113.96131167346165 22.522853955950218)
2021-01-01 17:42:22,22.522853955950218,2021-01-01 18:24:42,113.96065416401476,2382909c77453ec7f49949**********,113.96131167346165,22.521884220437254,,POINT (113.96131167346165 22.522853955950218)
2021-01-01 17:42:22,22.522769277363093,2021-01-01 18:24:42,113.96056944101377,598f6b754eb6c630f0ac4e**********,113.96122695205808,22.5217995402476,,POINT (113.96122695205808 22.522769277363093)
2021-01-01 17:43:22,22.525992708000587,2021-01-01 17:50:57,113.99020451240008,8c011897f2c25ad2ee2c8c**********,113.99283208128038,22.524419658781984,,POINT (113.99283208128038 22.525992708000587)
2021-01-01 17:43:22,22.526032983848136,2021-01-01 17:50:57,113.99024480785947,10cf100942575a690db273**********,113.9928723764118,22.524459935023636,,POINT (113.9928723764118 22.526032983848136)
2021-01-01 17:43:48,22.539415810742966,2021-01-01 17:55:00,114.0930724684516,96cc37e2293a3091b38cf5**********,114.08432059802925,22.543066096193517,,POINT (114.08432059802925 22.539415810742966)
2021-01-01 17:43:48,22.539357936646695,2021-01-01 17:55:00,114.09301453059213,8f269746423444daa9750e**********,114.08426268428794,22.54300819981482,,POINT (114.08426268428794 22.539357936646695)
2021-01-01 17:44:08,22.563845576959253,2021-01-01 17:54:06,114.23324609843816,1ba2613090971f27787f67**********,114.23483384977648,22.559107122994238,,POINT (114.23483384977648 22.563845576959253)
2021-01-01 17:44:40,22.664294206675855,2021-01-01 18:14:55,114.06315495066029,28265e838578deae712ea0**********,114.05679196449813,22.65447317662695,,POINT (114.05679196449813 22.664294206675855)
2021-01-01 17:45:20,22.644588341772906,2021-01-01 17:59:35,114.05910102995604,0ccb26cf8e39c64a039a2c**********,114.06618829531531,22.64754829450659,,POINT (114.06618829531531 22.644588341772906)
2021-01-01 17:45:31,22.54146924930964,2021-01-01 18:03:18,113.90020695272182,dde2488b0b99db52ed83e8**********,113.89297419209652,22.54387023817235,,POINT (113.89297419209652 22.54146924930964)
2021-01-01 17:45:31,22.54156395985682,2021-01-01 18:03:18,113.90030169903723,ad661d302ad7975d3c4f43**********,113.89306897033,22.543964918459935,,POINT (113.89306897033 22.54156395985682)
2021-01-01 17:45:59,22.545975412308522,2021-01-01 18:00:26,114.10435222111295,7ec8930432c0d74e7639a4**********,114.11453504818972,22.53858738894897,,POINT (114.11453504818972 22.545975412308522)
2021-01-01 17:45:59,22.545945087896204,2021-01-01 18:00:26,114.10432188580914,1d1b99f69de8de3e1cd9fc**********,114.11450470018536,22.538557076156295,,POINT (114.11450470018536 22.545945087896204)
2021-01-01 17:46:02,22.583218141590432,2021-01-01 17:54:04,113.9421349512538,6ac021510d7bcdb7c3503d**********,113.93806171835739,22.57507226763598,,POINT (113.93806171835739 22.583218141590432)
2021-01-01 17:46:02,22.58327353549204,2021-01-01 17:54:04,113.94219037116655,c484c085c7a620128d4479**********,113.93811714756254,22.57512765342227,,POINT (113.93811714756254 22.58327353549204)
2021-01-01 17:46:02,22.56355609381859,2021-01-01 17:48:50,114.029642934089,bca2f5e6a1183c596dec03**********,114.03318430086519,22.5645298247007,,POINT (114.03318430086519 22.56355609381859)
2021-01-01 17:46:11,22.58931427974526,2021-01-01 18:11:03,114.27505163989214,826d26050b2a4b58617d1b**********,114.27507402323249,22.58925333149093,,POINT (114.27507402323249 22.58931427974526)
2021-01-01 17:46:30,22.523021152405605,2021-01-01 17:52:59,114.0478636742547,049ae4928c6c67927dfd6c**********,114.04840258885464,22.531765215095085,,POINT (114.04840258885464 22.523021152405605)
2021-01-01 17:46:37,22.528067218537533,2021-01-01 18:03:09,114.0432405991123,f2b9e399e3bab5eee675b4**********,114.04984748956456,22.52315464360993,,POINT (114.04984748956456 22.528067218537533)
2021-01-01 17:46:37,22.528010427882904,2021-01-01 18:03:09,114.04318379120271,1d6de0c7923af7fe5d356f**********,114.04979066678861,22.523097866457643,,POINT (114.04979066678861 22.528010427882904)
2021-01-01 17:46:46,22.52848952816328,2021-01-01 19:28:53,114.02304964294667,7061f3aef8ceb53441ec53**********,113.99675607501165,22.5394818127322,,POINT (113.99675607501165 22.52848952816328)
2021-01-01 17:46:51,22.612859967003608,2021-01-01 18:26:43,114.03913454683861,81d940ef35ac99b5eee060**********,114.0372755413014,22.60243715199173,,POINT (114.0372755413014 22.612859967003608)
2021-01-01 17:46:51,22.61285138828594,2021-01-01 18:26:43,114.03912596205227,61b5616a880f21db4af19d**********,114.03726695707365,22.60242857264285,,POINT (114.03726695707365 22.61285138828594)
2021-01-01 17:48:04,22.568081161009395,2021-01-01 17:58:27,114.0395591399433,15e0625bad5018819c2514**********,114.035437012748,22.572900244449727,,POINT (114.035437012748 22.568081161009395)
2021-01-01 17:48:10,22.65176139211033,2021-01-01 18:02:02,114.02336945695852,527c07f07f5de0a227250e**********,114.03954767577555,22.648105700925058,,POINT (114.03954767577555 22.65176139211033)
2021-01-01 17:48:10,22.65176797595827,2021-01-01 18:02:02,114.0233760421425,4d1047e311a86829d6ff4d**********,114.03955426419436,22.64811228178787,,POINT (114.03955426419436 22.65176797595827)
2021-01-01 17:48:22,22.55039836800258,2021-01-01 18:17:43,114.09470444289155,29eabdded0bb66e0d56794**********,114.11383971489839,22.542030276229323,,POINT (114.11383971489839 22.55039836800258)
2021-01-01 17:48:52,22.534065890626515,2021-01-01 18:59:36,113.94687142604806,1dfba001f7276f37e9dc65**********,113.95950158565613,22.50246610845628,,POINT (113.95950158565613 22.534065890626515)
2021-01-01 17:49:07,22.554417307352832,2021-01-01 18:39:03,114.23146047305089,c450d3f5458a94b32936f9**********,114.23603454349208,22.551995711946898,,POINT (114.23603454349208 22.554417307352832)
2021-01-01 17:49:07,22.55440000286944,2021-01-01 18:39:03,114.23144315377941,a7928e9b39579dd456288c**********,114.23601722744165,22.551978404480792,,POINT (114.23601722744165 22.55440000286944)
2021-01-01 17:49:25,22.574212573063356,2021-01-01 17:51:24,114.05749747613525,f7a475b85ee43859738a6f**********,114.05584173011633,22.572323321374675,,POINT (114.05584173011633 22.574212573063356)
2021-01-01 17:49:59,22.58461390846393,2021-01-01 17:59:40,113.91666060595934,55fbd359b5899a188b4426**********,113.91438713712193,22.576705205554706,,POINT (113.91438713712193 22.58461390846393)
2021-01-01 17:49:59,22.584516096052234,2021-01-01 17:59:40,113.91656273495349,b1e4e9630b33d033e2628f**********,113.914289255435,22.576607402154888,,POINT (113.914289255435 22.584516096052234)
2021-01-01 17:50:19,22.554335893096827,2021-01-01 18:13:14,114.11382023932366,da346901187331e84fea39**********,114.11894731137926,22.547534838885152,,POINT (114.11894731137926 22.554335893096827)
2021-01-01 17:50:41,22.561421300119097,2021-01-01 18:11:29,113.88715863157587,2e7c67459dc5521cc5ebc5**********,113.89186263444522,22.567585438472538,,POINT (113.89186263444522 22.561421300119097)
2021-01-01 17:51:49,22.650973892179284,2021-01-01 18:01:37,114.04576916304283,452c68e13c4e8b2cd50d19**********,114.04644029371883,22.643640755692875,,POINT (114.04644029371883 22.650973892179284)
2021-01-01 17:52:14,22.610113760023125,2021-01-01 18:07:31,114.04302034508376,1c7894a933bf29419deb93**********,114.04043681379392,22.605405914724667,,POINT (114.04043681379392 22.610113760023125)
2021-01-01 17:53:02,22.5715461183708,2021-01-01 18:02:59,114.0501551236694,e49ef0b2011066b250421c**********,114.05408762101519,22.567207454783656,,POINT (114.05408762101519 22.5715461183708)
2021-01-01 17:53:48,22.51400289088678,2021-01-01 18:04:37,113.94348569116971,f2d112f01c6fa473d5d556**********,113.94812740020375,22.519232790723155,,POINT (113.94812740020375 22.51400289088678)
2021-01-01 17:53:52,22.521957662939133,2021-01-01 18:01:11,114.0223037742191,2d1b3169686e038d0802b1**********,114.02943335080525,22.52419618712296,,POINT (114.02943335080525 22.521957662939133)
2021-01-01 17:53:56,22.584469346231426,2021-01-01 18:22:46,114.28028446260615,f3038e21fececcef1a3ab5**********,114.30120396247598,22.589243537926173,,POINT (114.30120396247598 22.584469346231426)
2021-01-01 17:53:56,22.584553590804564,2021-01-01 18:22:46,114.28036879406729,3b4b445ed5bd59cd82e6c7**********,114.30128824796117,22.589327822946945,,POINT (114.30128824796117 22.584553590804564)
2021-01-01 17:54:42,22.589721450321928,2021-01-01 18:16:08,114.2519628435854,7ba8c0f7fdbb8ba072343f**********,114.27122933454741,22.592494133207712,,POINT (114.27122933454741 22.589721450321928)
2021-01-01 17:54:47,22.607369118690293,2021-01-01 18:01:21,113.83804257923822,166b9df1c2aef21003b668**********,113.83160707987354,22.610978409658735,,POINT (113.83160707987354 22.607369118690293)
2021-01-01 17:54:51,22.578010744155534,2021-01-01 18:18:18,113.94931654995094,7a125f57580f39542823eb**********,113.9349343824162,22.58293697960532,,POINT (113.9349343824162 22.578010744155534)
2021-01-01 17:54:58,22.6621679598997,2021-01-01 18:05:13,114.03936058773822,a82207a079db6e3ab55dfe**********,114.0379984509401,22.65643527989019,,POINT (114.0379984509401 22.6621679598997)
2021-01-01 17:54:58,22.662187809950204,2021-01-01 18:05:13,114.03938045268987,a8705cf815d7e2608684d1**********,114.03801831493654,22.65645513096124,,POINT (114.03801831493654 22.662187809950204)
2021-01-01 17:55:06,22.531199823602034,2021-01-01 18:07:50,113.91712610694456,68ecb8202305532ea45d7f**********,113.91199573472338,22.52595208459936,,POINT (113.91199573472338 22.531199823602034)
2021-01-01 17:55:06,22.53129915188432,2021-01-01 18:07:50,113.9172254748626,97e328d9ad7b5d74a47502**********,113.9120951271399,22.526051390619156,,POINT (113.9120951271399 22.53129915188432)
2021-01-01 17:56:45,22.654971293366575,2021-01-01 18:06:53,114.02440346923984,fa1f875e54ca30469a37ea**********,114.01918335218674,22.660108042716686,,POINT (114.01918335218674 22.654971293366575)
2021-01-01 17:57:05,22.553693107617956,2021-01-01 18:13:54,114.2359787596975,aa3d991f99c92c40bf2a96**********,114.23352144289404,22.5543939102977,,POINT (114.23352144289404 22.553693107617956)
2021-01-01 17:57:35,22.64546249519655,2021-01-01 18:13:53,114.0678943704131,6ad777641a144b9ad76a9d**********,114.08022659913583,22.65950903041269,,POINT (114.08022659913583 22.64546249519655)
2021-01-01 17:57:35,22.64554962869566,2021-01-01 18:13:53,114.06798152254451,c8f93f204037d5b844cc81**********,114.08031380291321,22.659596114267437,,POINT (114.08031380291321 22.64554962869566)
2021-01-01 17:58:22,22.56680188240791,2021-01-01 18:24:06,114.0567585130205,af76080e4d220ca9641eba**********,114.06522356900452,22.572136173126005,,POINT (114.06522356900452 22.56680188240791)
2021-01-01 17:58:25,22.686791173068105,2021-01-01 18:09:04,113.84030525846335,b8473eb772a4e00f871b82**********,113.84159975569798,22.684556732185154,,POINT (113.84159975569798 22.686791173068105)
2021-01-01 17:58:25,22.686844353759295,2021-01-01 18:09:04,113.84035849247417,3c4b3adcea04966990dcaf**********,113.841652988726,22.68460991396694,,POINT (113.841652988726 22.686844353759295)
2021-01-01 17:58:41,22.56519015140457,2021-01-01 18:03:15,114.10294625946206,611390056857a008e9db93**********,114.10405999263261,22.571865010178353,,POINT (114.10405999263261 22.56519015140457)
2021-01-01 17:58:41,22.565098116971665,2021-01-01 18:03:15,114.10285415801643,379beb1a56c3fd3896541b**********,114.10396788671116,22.571772980738615,,POINT (114.10396788671116 22.565098116971665)
2021-01-01 18:00:10,22.548990919221378,2021-01-01 18:05:53,114.1172230649967,f2e88e76dcbfa3ae735da1**********,114.11250136274609,22.551038415723873,,POINT (114.11250136274609 22.548990919221378)
2021-01-01 18:00:10,22.548955493495033,2021-01-01 18:05:53,114.11718760530078,aef5978f2ed5e4b92d4287**********,114.11246590948797,22.55100298404605,,POINT (114.11246590948797 22.548955493495033)
2021-01-01 18:03:00,22.537692910846832,2021-01-01 18:04:43,114.0601667813537,5854c758eb09faa6210c10**********,114.05960188488322,22.536917154033176,,POINT (114.05960188488322 22.537692910846832)
2021-01-01 18:03:00,22.537766397653897,2021-01-01 18:04:43,114.06024031461136,95cf9918a7d5bb7fff2712**********,114.0596754162617,22.536990642669448,,POINT (114.0596754162617 22.537766397653897)
2021-01-01 18:03:54,22.524780323285135,2021-01-01 18:19:14,113.98856477791934,5c0a69e5dc1d41663bb8a6**********,113.98738119213942,22.538860278914097,,POINT (113.98738119213942 22.524780323285135)
2021-01-01 18:03:57,22.628034436432113,2021-01-01 18:17:50,114.05172773038541,ab6b0e5982335178a663a7**********,114.05576724137762,22.63827707703367,,POINT (114.05576724137762 22.628034436432113)
2021-01-01 18:03:57,22.628030144230944,2021-01-01 18:17:50,114.05172343588444,e7666521904502161a9c1f**********,114.05576294613007,22.63827278558146,,POINT (114.05576294613007 22.628030144230944)
2021-01-01 18:04:12,22.622877319689984,2021-01-01 18:11:19,114.05929187243098,f68d384cba2b7b3afb0d82**********,114.06996621419852,22.62459436107547,,POINT (114.06996621419852 22.622877319689984)
2021-01-01 18:04:17,22.524191716641983,2021-01-01 18:37:01,113.96395213816794,be0a534690112e73ba1efb**********,113.98902618510245,22.534738019402116,,POINT (113.98902618510245 22.524191716641983)
2021-01-01 18:04:23,22.537352526432812,2021-01-01 18:15:54,114.00074555133705,56f41ae3d5b06a30a84490**********,114.00819929342231,22.53947704364002,,POINT (114.00819929342231 22.537352526432812)
2021-01-01 18:04:23,22.53744006154753,2021-01-01 18:15:54,114.00083312457174,d3ea4561cb79a70fb1121a**********,114.00828687225972,22.539564573311672,,POINT (114.00828687225972 22.53744006154753)
2021-01-01 18:05:19,22.498272698896454,2021-01-01 18:10:36,113.92544387996654,9477aa87493a9da337fc4f**********,113.92488304779721,22.495744650984175,,POINT (113.92488304779721 22.498272698896454)
2021-01-01 18:05:19,22.49826940301955,2021-01-01 18:10:36,113.92544058231816,861ffb375a1032194fa8fe**********,113.92487975006298,22.495741355176566,,POINT (113.92487975006298 22.49826940301955)
2021-01-01 18:05:27,22.649384800466066,2021-01-01 19:31:48,114.02858796725735,4bc36bec5617522ce37851**********,114.03700737476056,22.671264545360348,,POINT (114.03700737476056 22.649384800466066)
2021-01-01 18:06:26,22.561299433458345,2021-01-01 18:18:37,114.09966326149032,40e0b58aca577bab0b93c9**********,114.09963646232443,22.5479125100142,,POINT (114.09963646232443 22.561299433458345)
2021-01-01 18:06:26,22.645969344000672,2021-01-01 18:10:39,114.03288166581638,e582f551809f4add78df30**********,114.02966953017713,22.64330869712541,,POINT (114.02966953017713 22.645969344000672)
2021-01-01 18:07:21,22.545208063861807,2021-01-01 18:14:06,114.11472962059935,78608708c9852a4fe0a412**********,114.11764543536489,22.546881510329445,,POINT (114.11764543536489 22.545208063861807)
2021-01-01 18:08:22,22.68528737737782,2021-01-01 18:28:54,114.00820019876764,309b698b653788d11c7cbe**********,114.00789368765751,22.685797184782725,,POINT (114.00789368765751 22.68528737737782)
2021-01-01 18:09:05,22.527315637031762,2021-01-01 18:27:13,114.04202557421914,2be513f0fc83622fc36114**********,114.03060988646783,22.52718568378883,,POINT (114.03060988646783 22.527315637031762)
2021-01-01 18:09:25,22.673407820743947,2021-01-01 18:32:36,114.00540707502165,632c1660d628e514b1f11c**********,114.02246221154002,22.68054344182489,,POINT (114.02246221154002 22.673407820743947)
2021-01-01 18:09:25,22.67339595584079,2021-01-01 18:32:36,114.00539520539074,dd58b096b06206f9b3808b**********,114.02245033852165,22.68053158016538,,POINT (114.02245033852165 22.67339595584079)
2021-01-01 18:09:37,22.588106040178527,2021-01-01 19:00:15,114.23469901045634,fc96b5d2cb7cc8758af09d**********,114.27402869867491,22.55670764714454,,POINT (114.27402869867491 22.588106040178527)
2021-01-01 18:10:33,22.536869759557618,2021-01-01 18:27:59,113.98686316769067,2da26bd9503c5ac9452496**********,113.98125714472867,22.540775669862597,,POINT (113.98125714472867 22.536869759557618)
2021-01-01 18:11:23,22.548300945206673,2021-01-01 18:19:32,114.12905300301286,e6e6bf1f929a51b3bbb2ad**********,114.1168162842946,22.550767468654513,,POINT (114.1168162842946 22.548300945206673)
2021-01-01 18:11:27,22.70006593690169,2021-01-01 18:16:39,113.988869825148,c3b3eff5aa206b5711ac8b**********,113.98702072810124,22.692953281284368,,POINT (113.98702072810124 22.70006593690169)
2021-01-01 18:12:36,22.67952845110689,2021-01-01 18:24:47,113.94652843040821,6d263501533045b90ed484**********,113.94479571978948,22.68084715158458,,POINT (113.94479571978948 22.67952845110689)
2021-01-01 18:12:45,22.521607142219445,2021-01-01 18:28:21,114.01984552457306,e9a73de23e293cfab3c612**********,114.03467808439773,22.533291993981774,,POINT (114.03467808439773 22.521607142219445)
2021-01-01 18:13:13,22.661144163020907,2021-01-01 18:21:13,114.02005661894744,7ebb6add4df0ab139d8af1**********,114.01339756641661,22.662801945658885,,POINT (114.01339756641661 22.661144163020907)
2021-01-01 18:13:53,22.53720149969395,2021-01-01 18:45:28,113.96363138802636,027c47568c60c768c5c194**********,113.95136410033642,22.528745032944034,,POINT (113.95136410033642 22.53720149969395)
2021-01-01 18:13:53,22.53728779779647,2021-01-01 18:45:28,113.96371770033943,80e13892878180b6a48615**********,113.95145044544583,22.528831301325003,,POINT (113.95145044544583 22.53728779779647)
2021-01-01 18:14:16,22.622212836365485,2021-01-01 18:34:38,114.03462551164323,5da801b045a041eaae0d86**********,114.0353997654216,22.641608405987746,,POINT (114.0353997654216 22.622212836365485)
2021-01-01 18:14:16,22.622203959016783,2021-01-01 18:34:38,114.0346166287579,28931fefd4ee7cd42c182e**********,114.03539088230758,22.641599529058304,,POINT (114.03539088230758 22.622203959016783)
2021-01-01 18:14:24,22.655603838164105,2021-01-01 18:30:00,114.00669344906125,3e0098634655ad479d502a**********,114.01257955664953,22.654434044474943,,POINT (114.01257955664953 22.655603838164105)
2021-01-01 18:14:43,22.56719824586785,2021-01-01 18:34:17,114.12048684224337,69a666cd1670f525adeccd**********,114.12354843764749,22.56560862774373,,POINT (114.12354843764749 22.56719824586785)
2021-01-01 18:15:10,22.63460400951114,2021-01-01 18:18:08,114.04999397656013,8f96ee4ad570fa843da282**********,114.05013230248285,22.638177263980417,,POINT (114.05013230248285 22.63460400951114)
2021-01-01 18:15:33,22.51918593348072,2021-01-01 18:23:35,114.038399457268,6f0903fc580ede1f445097**********,114.04264631795509,22.523981894912996,,POINT (114.04264631795509 22.51918593348072)
2021-01-01 18:16:04,22.622144618769582,2021-01-01 18:21:27,114.05578939429655,6e40394773df268824f655**********,114.06209810040264,22.62014362701952,,POINT (114.06209810040264 22.622144618769582)
2021-01-01 18:16:55,22.687020085650467,2021-01-01 18:26:16,113.99256059844492,fa1f7b63b0ca0424c990fc**********,113.99199479007551,22.68708763008279,,POINT (113.99199479007551 22.687020085650467)
2021-01-01 18:16:55,22.687048193418605,2021-01-01 18:26:16,113.99258872516111,eb346fd6dce04a51eadcc8**********,113.99202291682992,22.687115737812526,,POINT (113.99202291682992 22.687048193418605)
2021-01-01 18:17:31,22.66687430162113,2021-01-01 18:21:23,114.03865646961164,e7c6058ac5d2b9ecbc8f39**********,114.03743195901609,22.66138718878927,,POINT (114.03743195901609 22.66687430162113)
2021-01-01 18:18:27,22.57062084197344,2021-01-01 18:36:23,113.8760775467249,8824d445e63c1b5da2cfad**********,113.87331604560897,22.563965887868243,,POINT (113.87331604560897 22.57062084197344)
2021-01-01 18:18:55,22.66805348616199,2021-01-01 18:26:57,114.00708732916854,8f1c5fec4022dd3b0fbeb2**********,113.99900061367329,22.654646476456964,,POINT (113.99900061367329 22.66805348616199)
2021-01-01 18:18:55,22.66799986082161,2021-01-01 18:26:57,114.00703366553752,05cdc907658c75c2f30de9**********,113.99894695320599,22.65459284736669,,POINT (113.99894695320599 22.66799986082161)
2021-01-01 18:20:41,22.63551657182128,2021-01-01 18:47:40,114.0187979100952,1aaaee8f43cfe15f61ccce**********,114.0180152055998,22.635636657749906,,POINT (114.0180152055998 22.63551657182128)
2021-01-01 18:21:14,22.588444218336416,2021-01-01 18:42:59,114.2541318092645,1665c75a46afb4b55e032b**********,114.27366341044299,22.591806139653613,,POINT (114.27366341044299 22.588444218336416)
2021-01-01 18:21:17,22.52191464926734,2021-01-01 18:46:41,113.94830775283289,4443cfcf5eae6897f675f8**********,113.96059556080506,22.512048786727462,,POINT (113.96059556080506 22.52191464926734)
2021-01-01 18:21:17,22.52191464926734,2021-01-01 18:46:41,113.94830775283289,4443cfcf5eae6897f675f8**********,113.96059556080506,22.512048786727462,,POINT (113.96059556080506 22.52191464926734)
2021-01-01 18:21:38,22.686190772800263,2021-01-01 19:07:14,113.92925160721303,7d4dc5e55831aa76b0f17f**********,113.94351598645689,22.683624540370946,,POINT (113.94351598645689 22.686190772800263)
2021-01-01 18:21:48,22.537711240107317,2021-01-01 18:28:02,113.949460531823,6d8b91b33692422f17f631**********,113.94989705616285,22.542795802576443,,POINT (113.94989705616285 22.537711240107317)
2021-01-01 18:22:33,22.604671558913843,2021-01-01 18:35:58,114.11954257050073,bca2a8a7161287fe430c17**********,114.11307345536474,22.59708517133502,,POINT (114.11307345536474 22.604671558913843)
2021-01-01 18:23:10,22.51965173735659,2021-01-01 18:35:59,113.92895179561864,ae1f494b313c3ff9f44233**********,113.93201283966833,22.517438696692007,,POINT (113.93201283966833 22.51965173735659)
2021-01-01 18:23:12,22.522678700938396,2021-01-01 18:41:04,113.96066132750937,26341b7cd2b0a461389daa**********,113.9593042927576,22.52191543096718,,POINT (113.9593042927576 22.522678700938396)
2021-01-01 18:23:38,22.640041049625744,2021-01-01 18:36:55,114.01113585831476,ffe0e042898ef33985912d**********,114.01661314265225,22.6350066554082,,POINT (114.01661314265225 22.640041049625744)
2021-01-01 18:24:08,22.614396901524145,2021-01-01 18:29:57,114.11551718867409,bc9c7487f2118a17fd9943**********,114.11689848151758,22.6062257666351,,POINT (114.11689848151758 22.614396901524145)
2021-01-01 18:24:37,22.575867104006488,2021-01-01 18:58:41,113.8808643896362,3ff6314659307c0b183b4d**********,113.86907968363738,22.584798541485217,,POINT (113.86907968363738 22.575867104006488)
2021-01-01 18:24:37,22.57582916646958,2021-01-01 18:58:41,113.88082643818251,a7f073ec1b3a75d4f4678b**********,113.86904171512445,22.58476062046904,,POINT (113.86904171512445 22.57582916646958)
2021-01-01 18:25:06,22.63648160906083,2021-01-01 18:30:28,114.05569617868146,d43baca8168079542f1048**********,114.05531501412086,22.642965935723353,,POINT (114.05531501412086 22.63648160906083)
2021-01-01 18:25:06,22.63640944235608,2021-01-01 18:30:28,114.05562395892997,7db9bde5627c2199afc587**********,114.05524279556866,22.64289376845624,,POINT (114.05524279556866 22.63640944235608)
2021-01-01 18:25:31,22.53923783927556,2021-01-01 18:32:32,113.96185795004924,d1ae4f7caf430d1492d2aa**********,113.96991127474868,22.541570127059348,,POINT (113.96991127474868 22.53923783927556)
2021-01-01 18:25:31,22.53925568856835,2021-01-01 18:32:32,113.961875812087,0c8036f91d171a674a3c8a**********,113.96992913320284,22.541587979650405,,POINT (113.96992913320284 22.53925568856835)
2021-01-01 18:25:39,22.620095744604868,2021-01-01 18:44:46,114.03449811463948,bb007840f7329e32661526**********,114.02251056467499,22.624809363677613,,POINT (114.02251056467499 22.620095744604868)
2021-01-01 18:27:35,22.629920288697082,2021-01-01 18:35:26,114.0584533851785,f29c86a33a7abe9c46ef07**********,114.06472150645692,22.637654432498024,,POINT (114.06472150645692 22.629920288697082)
2021-01-01 18:28:19,22.51235481882035,2021-01-01 18:39:22,113.91262507135721,b4f84aeb46f69ddde4792d**********,113.92084894602488,22.504827458666252,,POINT (113.92084894602488 22.51235481882035)
2021-01-01 18:28:19,22.51230247592765,2021-01-01 18:39:22,113.91257267674284,f08b36c84a854a98ac1d18**********,113.92079657202753,22.504775095932942,,POINT (113.92079657202753 22.51230247592765)
2021-01-01 18:28:41,22.631582777717504,2021-01-01 18:39:55,114.05582090615809,81ab141439f87cb1a76d41**********,114.06516645979025,22.629095864039883,,POINT (114.06516645979025 22.631582777717504)
2021-01-01 18:28:41,22.631674547364742,2021-01-01 18:39:55,114.0559127049967,8e6dfd6eee47c6ef4b418f**********,114.06525829758375,22.629187597620543,,POINT (114.06525829758375 22.631674547364742)
2021-01-01 18:29:35,22.558052703409214,2021-01-01 18:42:28,114.10119817628164,830ea9fc9261e13cb5e59e**********,114.1122299899179,22.557858578213708,,POINT (114.1122299899179 22.558052703409214)
2021-01-01 18:29:40,22.578626670071053,2021-01-01 18:44:12,113.91668840502226,d969d7f5c52d2976f7c003**********,113.90475853802224,22.581202692156616,,POINT (113.90475853802224 22.578626670071053)
2021-01-01 18:30:13,22.543374613815292,2021-01-01 18:53:26,113.92869514286771,e623654b304c4a80d6e39f**********,113.95088052020749,22.543063958436978,,POINT (113.95088052020749 22.543374613815292)
2021-01-01 18:30:21,22.522299762452963,2021-01-01 19:23:26,113.98310989780931,a004270f4a2ffb107be6d0**********,113.97878901985843,22.5360266805856,,POINT (113.97878901985843 22.522299762452963)
2021-01-01 18:30:39,22.54885161031265,2021-01-01 18:56:28,114.12076888719871,111826cf79f8f65d635b18**********,114.11660040512476,22.567042787340146,,POINT (114.11660040512476 22.54885161031265)
2021-01-01 18:30:39,22.548931980800052,2021-01-01 18:56:28,114.12084933309994,94900535238e447d805f30**********,114.11668083883926,22.567123167365043,,POINT (114.11668083883926 22.548931980800052)
2021-01-01 18:30:39,22.548931980800052,2021-01-01 18:56:28,114.12084933309994,8de2572f4d298c19f58366**********,114.11668083883926,22.567123167365043,,POINT (114.11668083883926 22.548931980800052)
2021-01-01 18:30:48,22.512699254872153,2021-01-01 18:38:00,113.91279561765381,6b29a10b402491982eca92**********,113.91316924565643,22.519832507885333,,POINT (113.91316924565643 22.512699254872153)
2021-01-01 18:30:55,22.54918142726856,2021-01-01 18:44:44,114.11690965444949,9ca33da277b312b8016de1**********,114.13183559685895,22.539700391163805,,POINT (114.13183559685895 22.54918142726856)
2021-01-01 18:31:54,22.558163298086058,2021-01-01 18:40:29,114.14367317629225,66c6d1be7749535d3b4ff1**********,114.14391286086051,22.56986303839549,,POINT (114.14391286086051 22.558163298086058)
2021-01-01 18:31:54,22.653831333890114,2021-01-01 18:50:30,114.02268438930872,50bddf19df6b5d09d6f67b**********,114.0074664241509,22.643038325414814,,POINT (114.0074664241509 22.653831333890114)
2021-01-01 18:32:57,22.632945699352607,2021-01-01 18:40:53,114.04719862795768,f1758cd59451c8e9116ba9**********,114.05237425233898,22.633862536530224,,POINT (114.05237425233898 22.632945699352607)
2021-01-01 18:33:26,22.64529598530972,2021-01-01 18:43:55,114.0322304763815,4c18dcbcd72b2424c5acc6**********,114.0345692358477,22.638779899631583,,POINT (114.0345692358477 22.64529598530972)
2021-01-01 18:34:18,22.66676459434536,2021-01-01 20:29:48,113.85909923232566,09763c5aa79ad772840408**********,113.85906292337235,22.667241170907356,,POINT (113.85906292337235 22.66676459434536)
2021-01-01 18:34:49,22.546738366556394,2021-01-01 18:45:16,114.11059516547782,f1482bb69bb433e00b8e55**********,114.11052865396887,22.534387262792695,,POINT (114.11052865396887 22.546738366556394)
2021-01-01 18:34:52,22.583316448809185,2021-01-01 18:39:53,113.8570714707681,4b87b027545d8de41d57d7**********,113.85652952857849,22.57945421622704,,POINT (113.85652952857849 22.583316448809185)
2021-01-01 18:34:52,22.583238944481735,2021-01-01 18:39:53,113.85699390198951,3da1f86903de133127c180**********,113.85645195867836,22.579376712579503,,POINT (113.85645195867836 22.583238944481735)
2021-01-01 18:34:55,22.546322728906993,2021-01-01 18:41:57,114.11666833834451,dbea95e4de6fc6d98ebdf2**********,114.11501176528891,22.549068899005572,,POINT (114.11501176528891 22.546322728906993)
2021-01-01 18:34:55,22.546299709986542,2021-01-01 18:41:57,114.11664530003118,e74b502aa516acd4747f52**********,114.11498872842375,22.549045878808002,,POINT (114.11498872842375 22.546299709986542)
2021-01-01 18:35:17,22.563548707095748,2021-01-01 18:51:32,113.8886823685216,f1c7e1aa15d2c8079d4dd5**********,113.88953685902739,22.572897371139582,,POINT (113.88953685902739 22.563548707095748)
2021-01-01 18:35:17,22.56350229635906,2021-01-01 18:51:32,113.8886359210671,d0ffb1d7cd35cb434e9cab**********,113.88949041333801,22.572850959308845,,POINT (113.88949041333801 22.56350229635906)
2021-01-01 18:35:31,22.527387987373206,2021-01-01 18:44:22,113.94195190092816,ccc3b0dd2565fcd5088cf5**********,113.94947605405004,22.530637830749328,,POINT (113.94947605405004 22.527387987373206)
2021-01-01 18:36:04,22.601368499899298,2021-01-01 18:41:19,114.10753541657967,49424762f6a88216766004**********,114.10931354045158,22.59859625908463,,POINT (114.10931354045158 22.601368499899298)
2021-01-01 18:37:20,22.591304161268415,2021-01-01 18:40:31,114.25331197018151,0ff1fcfedc697a3e829fca**********,114.25602692711044,22.592289288661476,,POINT (114.25602692711044 22.591304161268415)
2021-01-01 18:37:22,22.642721489496818,2021-01-01 18:46:16,114.02577631475513,c0b1e8f742c07b18ef4b6d**********,114.01693083842697,22.64067907844038,,POINT (114.01693083842697 22.642721489496818)
2021-01-01 18:37:22,22.642670544061264,2021-01-01 18:46:16,114.02572532638061,734ed7c9ad6c798dfc7b1d**********,114.01687986035793,22.640628123288966,,POINT (114.01687986035793 22.642670544061264)
2021-01-01 18:37:22,22.642721489496818,2021-01-01 18:46:16,114.02577631475513,b57d5848ad900c8ffc3d32**********,114.01693083842697,22.64067907844038,,POINT (114.01693083842697 22.642721489496818)
2021-01-01 18:37:22,22.542123208701483,2021-01-01 18:55:36,114.11117238701998,09c16cf080cf08717e27f9**********,114.11159680699753,22.53524918233275,,POINT (114.11159680699753 22.542123208701483)
2021-01-01 18:37:26,22.602347237921844,2021-01-01 18:46:34,114.11378704270884,9acaea8a60b70a67d6ec3d**********,114.11173742622287,22.61170765901999,,POINT (114.11173742622287 22.602347237921844)
2021-01-01 18:37:53,22.669418602067356,2021-01-01 18:40:26,114.0204575502086,e317ee1ece01407b6da811**********,114.01780630303904,22.671918402399385,,POINT (114.01780630303904 22.669418602067356)
2021-01-01 18:37:53,22.669431064076015,2021-01-01 18:40:26,114.02047002129574,c1a001f2e8d9668efe09c6**********,114.01781877342856,22.671930865022272,,POINT (114.01781877342856 22.669431064076015)
2021-01-01 18:38:01,22.551569320371872,2021-01-01 18:57:23,114.04911128427072,85b8e44bc9d7beeab2e7a3**********,114.05466146189907,22.56396161993084,,POINT (114.05466146189907 22.551569320371872)
2021-01-01 18:38:01,22.55155225050147,2021-01-01 18:57:23,114.04909420798766,164175b29cb19773e59577**********,114.05464438161555,22.563944554067287,,POINT (114.05464438161555 22.55155225050147)
2021-01-01 18:38:30,22.543545542624155,2021-01-01 21:02:51,113.9399488072555,71ad4d7aa56a38aeaac812**********,113.94095589011086,22.532397627333882,,POINT (113.94095589011086 22.543545542624155)
2021-01-01 18:38:42,22.636421443293933,2021-01-01 18:48:57,114.05251310154439,41b346910ba785e86faa68**********,114.05487600798105,22.639769943501538,,POINT (114.05487600798105 22.636421443293933)
2021-01-01 18:39:04,22.524415887455078,2021-01-01 19:58:04,113.99028163677995,4fcaa8973ae6eeac00dfbf**********,113.99016541156806,22.52442705468894,,POINT (113.99016541156806 22.524415887455078)
2021-01-01 18:39:04,22.524347996036546,2021-01-01 19:58:04,113.99021371300472,e35867222aa42424d54d66**********,113.99009748775886,22.524359163303455,,POINT (113.99009748775886 22.524347996036546)
2021-01-01 18:39:43,22.54313904063522,2021-01-01 19:18:23,113.9013236982557,ab80d5b843f324a9b5f277**********,113.91533264682762,22.564524987424836,,POINT (113.91533264682762 22.54313904063522)
2021-01-01 18:39:57,22.506991417023727,2021-01-01 19:12:40,113.91897908012848,7e168ef7a005d5bf117266**********,113.91861858566783,22.52670888452377,,POINT (113.91861858566783 22.506991417023727)
2021-01-01 18:40:20,22.59860540589277,2021-01-01 18:48:26,114.30838050860524,c7b1f1a0f2e573ddaca03c**********,114.30412470452708,22.601621690632822,,POINT (114.30412470452708 22.59860540589277)
2021-01-01 18:40:32,22.521984481492815,2021-01-01 19:16:25,113.94705829952153,6e6edac8a0524b0f004953**********,113.96068357800725,22.514040700594833,,POINT (113.96068357800725 22.521984481492815)
2021-01-01 18:40:32,22.521924237948273,2021-01-01 19:16:25,113.94699799804908,ec447e70c23c6e7a1dafa5**********,113.96062330400142,22.513980430723024,,POINT (113.96062330400142 22.521924237948273)
2021-01-01 18:40:54,22.65515155803933,2021-01-01 18:56:00,114.0641542821053,2ebbe9b329817462f46d7f**********,114.0631846852035,22.641866952420795,,POINT (114.0631846852035 22.65515155803933)
2021-01-01 18:40:54,22.65518900053665,2021-01-01 18:56:00,114.06419175490515,9f790a46874a4b8f28ca8b**********,114.06322215631674,22.641904397075642,,POINT (114.06322215631674 22.65518900053665)
2021-01-01 18:42:04,22.64538474879548,2021-01-01 19:02:43,114.01862769275515,9f961e8a2cef20b79192fa**********,114.02603334335842,22.65020608530424,,POINT (114.02603334335842 22.64538474879548)
2021-01-01 18:42:04,22.645416358991614,2021-01-01 19:02:43,114.01865931820983,2d367f90098ee33d40a91c**********,114.02606497435806,22.650237690160598,,POINT (114.02606497435806 22.645416358991614)
2021-01-01 18:42:48,22.58722672802998,2021-01-01 18:52:24,113.93934452894334,c5ceadd36b8dbc4ba1d318**********,113.92514339182023,22.5835218391552,,POINT (113.92514339182023 22.58722672802998)
2021-01-01 18:42:48,22.587281851896034,2021-01-01 18:52:24,113.93939965557249,9b7b06250591233ef0fd07**********,113.92519855312402,22.58357693084183,,POINT (113.92519855312402 22.587281851896034)
2021-01-01 18:43:57,22.55519951483696,2021-01-01 19:01:18,113.88523273824623,fd94ca0f22efbfd887e01c**********,113.88102463776494,22.566261210445035,,POINT (113.88102463776494 22.55519951483696)
2021-01-01 18:44:04,22.744579235062886,2021-01-01 18:53:31,113.79561199312793,10a3f3044434c72b488161**********,113.79218223847023,22.7358677889247,,POINT (113.79218223847023 22.744579235062886)
2021-01-01 18:45:28,22.566754173314894,2021-01-01 18:50:35,114.12440193671752,98956fb397cdbd1ea24317**********,114.1252856720085,22.57346091555908,,POINT (114.1252856720085 22.566754173314894)
2021-01-01 18:47:13,22.66940264920614,2021-01-01 19:12:17,114.0142390432134,5bd006d1e4c7a972bf4a5f**********,114.01423462496466,22.669421932176146,,POINT (114.01423462496466 22.66940264920614)
2021-01-01 18:47:36,22.679868999381945,2021-01-01 19:10:37,113.98721795417853,c52fb34de7b61b982b44f1**********,113.99122880650161,22.700184961731203,,POINT (113.99122880650161 22.679868999381945)
2021-01-01 18:47:36,22.679770920192116,2021-01-01 19:10:37,113.98711980749135,731f11486da7c13112b336**********,113.99113066181985,22.700086882798455,,POINT (113.99113066181985 22.679770920192116)
2021-01-01 18:47:58,22.52425772203905,2021-01-01 18:55:33,114.05178225996143,736f4e4c35526cbc9ef521**********,114.0482590728325,22.525706129418534,,POINT (114.0482590728325 22.52425772203905)
2021-01-01 18:47:58,22.52428586632648,2021-01-01 18:55:33,114.05181042401215,abaccc79eb53282feef03c**********,114.0482872327806,22.52573427748047,,POINT (114.0482872327806 22.52428586632648)
2021-01-01 18:48:10,22.677928569550353,2021-01-01 19:11:34,113.81700273215125,5e0764a5e56cc0c4a910d0**********,113.80162625638083,22.675719491785845,,POINT (113.80162625638083 22.677928569550353)
2021-01-01 18:48:47,22.629054940932715,2021-01-01 19:01:34,114.05595813289705,3fc2c2e5dca96fc8709f96**********,114.05590648011398,22.624067180269993,,POINT (114.05590648011398 22.629054940932715)
2021-01-01 18:49:04,22.62897364482345,2021-01-01 19:01:45,114.05569127874763,7c61b59564a0e8ad81194c**********,114.05599225682299,22.62408652476165,,POINT (114.05599225682299 22.62897364482345)
2021-01-01 18:50:05,22.565381484098882,2021-01-01 19:10:10,113.9487496537853,f3744b1d0ecbeaf34382a1**********,113.9580725800155,22.583397474390505,,POINT (113.9580725800155 22.565381484098882)
2021-01-01 18:50:28,22.62039161759638,2021-01-01 19:01:16,114.05606546215456,1fa9c7f7a077bf5f7b8e1c**********,114.05072549842518,22.623610961614578,,POINT (114.05072549842518 22.62039161759638)
2021-01-01 18:50:28,22.620322057453144,2021-01-01 19:01:16,114.05599583837497,d613fd1bc690374fb1c3d2**********,114.0506558905689,22.623541386893542,,POINT (114.0506558905689 22.620322057453144)
2021-01-01 18:50:30,22.571466450733734,2021-01-01 19:36:59,113.95147050747244,3c78592714b49c80c93108**********,113.9546963686655,22.559844147355705,,POINT (113.9546963686655 22.571466450733734)
2021-01-01 18:51:40,22.62256701394241,2021-01-01 19:07:21,114.05668273512558,fec25cc55b17d8c39d4068**********,114.06288829950236,22.636467677820903,,POINT (114.06288829950236 22.62256701394241)
2021-01-01 18:51:40,22.62252657505141,2021-01-01 19:07:21,114.05664227829283,883a68dd4fca681f7d21a4**********,114.06284783131927,22.636427250196906,,POINT (114.06284783131927 22.62252657505141)
2021-01-01 18:51:53,22.551303433526712,2021-01-01 19:04:07,114.12027130156083,c26ae2136741de338a3ff9**********,114.11693025726622,22.560816871910333,,POINT (114.11693025726622 22.551303433526712)
2021-01-01 18:51:53,22.551381302469604,2021-01-01 19:04:07,114.12034924154445,630da41378ec63ec9ee53b**********,114.11700818777746,22.56089474878493,,POINT (114.11700818777746 22.551381302469604)
2021-01-01 18:53:34,22.528490276154045,2021-01-01 19:00:46,113.96155099179191,09de3e25b45c28ed53464c**********,113.96219491683966,22.53371364118305,,POINT (113.96219491683966 22.528490276154045)
2021-01-01 18:53:50,22.55139133583524,2021-01-01 19:04:19,114.12036411308218,e22e80af94e5ef4f2eb745**********,114.11683512638004,22.560989696420613,,POINT (114.11683512638004 22.55139133583524)
2021-01-01 18:54:11,22.610988353347338,2021-01-01 19:11:39,114.16667874939614,89e867ff261ae2a6d0738e**********,114.14538575175435,22.6056808490828,,POINT (114.14538575175435 22.610988353347338)
2021-01-01 18:54:13,22.523360905541136,2021-01-01 19:18:43,113.94858070168026,9b69d3c764aaf2ee8aacef**********,113.98594463780536,22.517537863823513,,POINT (113.98594463780536 22.523360905541136)
2021-01-01 18:54:53,22.6406096438899,2021-01-01 19:01:33,114.0432040187189,1c0c984cf364892c5ef927**********,114.03581845977142,22.63925218769453,,POINT (114.03581845977142 22.6406096438899)
2021-01-01 18:54:53,22.640582513376206,2021-01-01 19:01:33,114.04317686280199,7e9f5dc5fc75c57af43069**********,114.0357913110153,22.63922505046404,,POINT (114.0357913110153 22.640582513376206)
2021-01-01 18:55:50,22.545061399413758,2021-01-01 19:17:23,114.01923046890128,1aa2aee5ea9728eec761b2**********,114.01116080198733,22.53271544032303,,POINT (114.01116080198733 22.545061399413758)
2021-01-01 18:55:50,22.54513218705123,2021-01-01 19:17:23,114.01930130301707,2368d11af8202c2345d5ee**********,114.01123162588375,22.53278623861533,,POINT (114.01123162588375 22.54513218705123)
2021-01-01 18:57:48,22.58286817699322,2021-01-01 19:19:26,113.84103529091703,73e8ed8275793a101c2a23**********,113.85619229586368,22.594216269074398,,POINT (113.85619229586368 22.58286817699322)
2021-01-01 18:57:56,22.64016068795189,2021-01-01 19:13:42,114.03220737048972,4fa368849202bd874a3404**********,114.02592266801709,22.65780055570014,,POINT (114.02592266801709 22.64016068795189)
2021-01-01 18:58:40,22.54677751295314,2021-01-01 18:59:59,114.08114181415615,01252ee626233b05d20915**********,114.08209911194933,22.547107786121934,,POINT (114.08209911194933 22.54677751295314)
2021-01-01 18:59:54,22.55727023809916,2021-01-01 19:10:12,113.88101369182445,ff43d81acb7b91937ffe11**********,113.87637000913287,22.555523761554934,,POINT (113.87637000913287 22.55727023809916)
2021-01-01 19:00:05,22.636568870868025,2021-01-01 19:13:04,114.0515972065263,b641c573b752c3ee6c112b**********,114.04429801294872,22.63724966277862,,POINT (114.04429801294872 22.636568870868025)
2021-01-01 19:01:06,22.537396242114646,2021-01-01 19:14:26,113.98722134916403,47ff6902814dabc17c4ceb**********,113.99260855584122,22.5413776528966,,POINT (113.99260855584122 22.537396242114646)
2021-01-01 19:01:49,22.55607880124329,2021-01-01 19:19:48,114.03771493349154,51de8784d9b2fb816717c4**********,114.03057299209954,22.54994067812906,,POINT (114.03057299209954 22.55607880124329)
2021-01-01 19:01:49,22.556161884550907,2021-01-01 19:19:48,114.03779808218519,41d8001f49a29c46b35ea3**********,114.03065612161166,22.55002377998047,,POINT (114.03065612161166 22.556161884550907)
2021-01-01 19:01:49,22.556161884550907,2021-01-01 19:19:48,114.03779808218519,3e13556c5e236b7935deec**********,114.03065612161166,22.55002377998047,,POINT (114.03065612161166 22.556161884550907)
2021-01-01 19:03:17,22.541713402185934,2021-01-01 19:14:08,114.11189003869394,a9b82c2a0821201d7d92d4**********,114.10981526884976,22.536259423827428,,POINT (114.10981526884976 22.541713402185934)
2021-01-01 19:04:34,22.547589305698143,2021-01-01 19:16:06,114.11698507404373,7d31972fbba54357b47d50**********,114.12503270176522,22.55066494406517,,POINT (114.12503270176522 22.547589305698143)
2021-01-01 19:04:44,22.66571599549426,2021-01-01 19:09:02,114.04909148823592,39e6afb8dda0f0758bc814**********,114.0562170912741,22.67038639212686,,POINT (114.0562170912741 22.66571599549426)
2021-01-01 19:05:35,22.667463522387834,2021-01-01 19:09:43,113.99518264142272,4ffce0a497ac92d5061550**********,113.99941042310903,22.666680311226248,,POINT (113.99941042310903 22.667463522387834)
2021-01-01 19:05:47,22.55200193504166,2021-01-01 19:41:47,114.03670072666446,b5b239287fe50e60983fee**********,114.04035165135049,22.54971997436504,,POINT (114.04035165135049 22.55200193504166)
2021-01-01 19:05:47,22.5519804844085,2021-01-01 19:41:47,114.03667926650199,b5bd2e292dfa0f0daccf57**********,114.04033018843853,22.549698526232035,,POINT (114.04033018843853 22.5519804844085)
2021-01-01 19:05:52,22.547136197103708,2021-01-01 19:17:57,114.07913961804003,49619aaedc499a5ba364e0**********,114.08511287049663,22.550963537086812,,POINT (114.08511287049663 22.547136197103708)
2021-01-01 19:07:17,22.623944549360825,2021-01-01 19:28:08,114.03166330051819,515317c851aa6fa9fb4139**********,114.01911370822818,22.622053671396838,,POINT (114.01911370822818 22.623944549360825)
2021-01-01 19:07:17,22.623972267059635,2021-01-01 19:28:08,114.03169104448332,2dcfa2d0884d98150b89e1**********,114.01914144314833,22.622081397582743,,POINT (114.01914144314833 22.623972267059635)
2021-01-01 19:07:35,22.654861314927384,2021-01-01 19:25:50,114.02698627023659,3d714c623a276564324b7d**********,114.01944837560255,22.668371044718818,,POINT (114.01944837560255 22.654861314927384)
2021-01-01 19:08:14,22.571034744469543,2021-01-01 19:11:37,113.96015174144944,3712f440ca46e6392c704d**********,113.95680887019566,22.570366178239308,,POINT (113.95680887019566 22.571034744469543)
2021-01-01 19:08:14,22.570953751141953,2021-01-01 19:11:37,113.96007070963336,e2b09eb224312fa044e194**********,113.95672783013764,22.570285192549836,,POINT (113.95672783013764 22.570953751141953)
2021-01-01 19:08:14,22.571034744469543,2021-01-01 19:11:37,113.96015174144944,295c8e8fd44b7c2c8dccd6**********,113.95680887019566,22.570366178239308,,POINT (113.95680887019566 22.571034744469543)
2021-01-01 19:08:40,22.5983762611408,2021-01-01 19:21:51,114.32072896401783,a97c5b4ada96f6da8727a3**********,114.30440456156016,22.603433247625013,,POINT (114.30440456156016 22.5983762611408)
2021-01-01 19:10:43,22.54497878983168,2021-01-01 19:17:02,113.98788881360122,37f1af1abdb976986fcf93**********,113.99361572114917,22.541475322619608,,POINT (113.99361572114917 22.54497878983168)
2021-01-01 19:10:43,22.54502125779894,2021-01-01 19:17:02,113.98793130387375,e724df876f0a0548de4e9d**********,113.99365821050077,22.541517791651117,,POINT (113.99365821050077 22.54502125779894)
2021-01-01 19:14:05,22.658459373297497,2021-01-01 19:26:00,114.05727012385262,cc9bbf62609e79097b45c0**********,114.0598252706788,22.644583606015974,,POINT (114.0598252706788 22.658459373297497)
2021-01-01 19:15:28,22.52977428618266,2021-01-01 19:44:48,113.98641289523127,e3d299b6a44e9ef80aaaf8**********,113.98764929740284,22.52958835161261,,POINT (113.98764929740284 22.52977428618266)
2021-01-01 19:16:24,22.652879080594225,2021-01-01 19:31:44,114.03769241933088,43f5c2f13b0bf6e36ea5d4**********,114.02213069146192,22.65019600798096,,POINT (114.02213069146192 22.652879080594225)
2021-01-01 19:16:25,22.613357637214502,2021-01-01 21:26:19,114.15933343225696,078e3a4310d865ef91f0d7**********,114.15617542196588,22.614678825949124,,POINT (114.15617542196588 22.613357637214502)
2021-01-01 19:18:34,22.639887996387333,2021-01-01 19:30:09,114.01798834295423,186e7e1dd278e5ae1f9876**********,114.02155362877154,22.629276869634143,,POINT (114.02155362877154 22.639887996387333)
2021-01-01 19:18:37,22.561242512967894,2021-01-01 19:24:43,114.10473425726042,057794f4632d4b6b8c3d95**********,114.09395056416503,22.563282613278883,,POINT (114.09395056416503 22.561242512967894)
2021-01-01 19:18:37,22.561180215958522,2021-01-01 19:24:43,114.10467188367161,1b5d8bcc23ac6afd278799**********,114.09388822087217,22.563220288063146,,POINT (114.09388822087217 22.561180215958522)
2021-01-01 19:18:56,22.54167746268817,2021-01-01 19:29:12,114.07846665448326,b9096d91dd74364cdbca8b**********,114.07211958513147,22.545418260940913,,POINT (114.07211958513147 22.54167746268817)
2021-01-01 19:19:45,22.631722798902125,2021-01-01 20:15:32,114.03937389480167,9de5709ef15bd5949dfee4**********,114.06508938809505,22.661643696966102,,POINT (114.06508938809505 22.631722798902125)
2021-01-01 19:20:48,22.658601670369848,2021-01-01 19:49:48,114.02335715216147,4298117203a163db553ce3**********,114.01733377021843,22.674998285439013,,POINT (114.01733377021843 22.658601670369848)
2021-01-01 19:21:03,22.68172307347297,2021-01-01 19:43:02,113.98712181493175,ccb50dc2734eedc35b0705**********,113.9792149458918,22.671073499822597,,POINT (113.9792149458918 22.68172307347297)
2021-01-01 19:21:36,22.576617029498532,2021-01-01 19:29:45,114.13526219643396,de323f64b6c74016b89643**********,114.13976196971203,22.570713697987173,,POINT (114.13976196971203 22.576617029498532)
2021-01-01 19:22:03,22.6264243413539,2021-01-01 19:38:57,114.03250802223334,21aa32d1956bb7a4316c62**********,114.02077651262319,22.629385606324654,,POINT (114.02077651262319 22.6264243413539)
2021-01-01 19:22:09,22.49148991684725,2021-01-01 19:23:38,113.9298581875188,1457af80cec447af121ee4**********,113.9324729273717,22.49327141315619,,POINT (113.9324729273717 22.49148991684725)
2021-01-01 19:22:09,22.49154932374584,2021-01-01 19:23:38,113.92991763301185,208609a100c27c15c8f1f5**********,113.93253236591156,22.493330826423424,,POINT (113.93253236591156 22.49154932374584)
2021-01-01 19:22:46,22.553587983366548,2021-01-01 19:29:26,114.23414212156669,9675e3bdfd23d35ba01e08**********,114.2351611058187,22.558621755160754,,POINT (114.2351611058187 22.553587983366548)
2021-01-01 19:23:58,22.66201779308749,2021-01-01 19:33:34,114.07070074601698,e852acebedc0495fb9bc68**********,114.06538165566826,22.662223864320858,,POINT (114.06538165566826 22.66201779308749)
2021-01-01 19:26:12,22.556272661511418,2021-01-01 19:36:06,114.23674220881794,ccf19eddfa9d174608febb**********,114.22776373461956,22.563987516464646,,POINT (114.22776373461956 22.556272661511418)
2021-01-01 19:26:26,22.61525947180126,2021-01-01 19:58:07,114.02692326944188,cb355db8234ba4b3887ccc**********,114.04099547634645,22.623590902975764,,POINT (114.04099547634645 22.61525947180126)
2021-01-01 19:26:47,22.58501837977925,2021-01-01 19:59:02,113.84504689000694,88d31218201af5ef7d2084**********,113.86317831025528,22.6084451266898,,POINT (113.86317831025528 22.58501837977925)
2021-01-01 19:30:34,22.543842912918485,2021-01-01 19:39:11,113.96196443631212,2e9d45076a2aa8ea60b2f7**********,113.96384061403454,22.53660979449198,,POINT (113.96384061403454 22.543842912918485)
2021-01-01 19:31:00,22.568254977911195,2021-01-01 20:36:37,114.1610496704118,c99362c8fd5cde08d49587**********,114.16047626806716,22.568352613625876,,POINT (114.16047626806716 22.568254977911195)
2021-01-01 19:31:36,22.54156919927258,2021-01-01 19:41:36,114.0060621626714,f3f609a8cb75d8beca6122**********,113.992349554918,22.547680162941703,,POINT (113.992349554918 22.54156919927258)
2021-01-01 19:32:06,22.639780097129734,2021-01-01 19:45:26,114.06385551815015,13d4e09b95d88fb176f08c**********,114.05336938461605,22.635505971350984,,POINT (114.05336938461605 22.639780097129734)
2021-01-01 19:32:07,22.579450254066174,2021-01-01 19:44:57,113.85564956707563,60b925db7fe7d37cf31741**********,113.85669070683669,22.58818150311355,,POINT (113.85669070683669 22.579450254066174)
2021-01-01 19:32:52,22.539250238064742,2021-01-01 19:36:59,114.08791228403693,e86bc38a9919bfaa12ac9c**********,114.08417316455402,22.54133002647764,,POINT (114.08417316455402 22.539250238064742)
2021-01-01 19:32:52,22.539292818826155,2021-01-01 19:36:59,114.08795490158893,13e5e15da36335a3995450**********,114.0842157744649,22.541372614268216,,POINT (114.0842157744649 22.539292818826155)
2021-01-01 19:35:14,22.559979169990694,2021-01-01 19:52:50,113.88797496137272,09995f7bc5e0ccf0134234**********,113.88556257994489,22.57130549078596,,POINT (113.88556257994489 22.559979169990694)
2021-01-01 19:35:50,22.58532892765344,2021-01-01 19:56:34,113.85705889094216,d08660865255881816213c**********,113.8736296002633,22.584047522833472,,POINT (113.8736296002633 22.58532892765344)
2021-01-01 19:36:04,22.635691046253925,2021-01-01 20:01:54,114.04611231328721,c8650b3bda225a8376a0d8**********,114.05547017176539,22.643359764381255,,POINT (114.05547017176539 22.635691046253925)
2021-01-01 19:37:02,22.57656915453212,2021-01-01 19:55:19,113.94310275663992,fa72871d1f2940e5454590**********,113.93786276050314,22.58640712432648,,POINT (113.93786276050314 22.57656915453212)
2021-01-01 19:37:06,22.524369016812063,2021-01-01 20:02:02,114.02074631013438,c274cf16283a335fe4f4f9**********,113.99013654759888,22.53226267623567,,POINT (113.99013654759888 22.524369016812063)
2021-01-01 19:38:40,22.614054562419128,2021-01-01 20:03:31,114.13402084822508,644f30471437b1e5ca65c5**********,114.14547375663403,22.60381921291336,,POINT (114.14547375663403 22.614054562419128)
2021-01-01 19:38:40,22.61400248134664,2021-01-01 20:03:31,114.13396873256993,5f424d92f6df27225d1eff**********,114.14542162792532,22.6037671435818,,POINT (114.14542162792532 22.61400248134664)
2021-01-01 19:39:56,22.567267785086287,2021-01-01 19:46:22,114.05351441349542,8605ea4b8ea3bbdccc68d3**********,114.04906579897185,22.57082621879009,,POINT (114.04906579897185 22.567267785086287)
2021-01-01 19:40:12,22.67075500785857,2021-01-01 20:17:30,114.03365218082729,96d95a42ea116e8d7e4121**********,114.04936064894483,22.65046683032374,,POINT (114.04936064894483 22.67075500785857)
2021-01-01 19:40:12,22.670787439062916,2021-01-01 20:17:30,114.03368461732697,fa36a70b9a7b3614ae547d**********,114.04939310419789,22.65049924480571,,POINT (114.04939310419789 22.670787439062916)
2021-01-01 19:40:15,22.63932483004772,2021-01-01 19:43:34,114.04477632717087,c32cf26df45b3689fda1db**********,114.04296168253337,22.636496130775548,,POINT (114.04296168253337 22.63932483004772)
2021-01-01 19:40:15,22.63925030313678,2021-01-01 19:43:34,114.04470174380953,66c22cda9af13fa02d1db8**********,114.04288710435014,22.636421598787415,,POINT (114.04288710435014 22.63925030313678)
2021-01-01 19:40:16,22.665255664997428,2021-01-01 19:47:56,113.85661246720014,ab03a1d5b21e9a2c9f285a**********,113.85622180150004,22.663779474577698,,POINT (113.85622180150004 22.665255664997428)
2021-01-01 19:41:18,22.53723577725991,2021-01-01 19:57:49,114.05080782555788,ed971daeab152b85b9830c**********,114.0494096026571,22.550045875983262,,POINT (114.0494096026571 22.53723577725991)
2021-01-01 19:41:31,22.53612882112968,2021-01-01 19:46:47,113.9714361739029,d43cffb8e553fa7a54ffbc**********,113.9775956765127,22.53886261923325,,POINT (113.9775956765127 22.53612882112968)
2021-01-01 19:41:31,22.536181265301362,2021-01-01 19:46:47,113.97148865010728,29c81c54840b60e9fac3a4**********,113.97764814691301,22.53891506865092,,POINT (113.97764814691301 22.536181265301362)
2021-01-01 19:41:45,22.535193504649637,2021-01-01 19:58:21,113.90618966807611,aad8008ae94fb9dd38576a**********,113.90078795405785,22.51926715033193,,POINT (113.90078795405785 22.535193504649637)
2021-01-01 19:41:45,22.5352898831965,2021-01-01 19:58:21,113.90628608769153,5c94cd1eb0f8a207221898**********,113.90088439854863,22.519363507585666,,POINT (113.90088439854863 22.5352898831965)
2021-01-01 19:42:58,22.589323405652074,2021-01-01 19:50:03,113.8826085802761,b2f8745b759331d81f27b0**********,113.88239619732026,22.58258587152141,,POINT (113.88239619732026 22.589323405652074)
2021-01-01 19:42:58,22.58941785154353,2021-01-01 19:50:03,113.8827031013223,0bf0903eca3cc080f45afb**********,113.88249071921027,22.582680317435557,,POINT (113.88249071921027 22.58941785154353)
2021-01-01 19:43:14,22.519397055072737,2021-01-01 19:50:04,114.02949271864131,a11f3b928684cf41a775f7**********,114.03600442240777,22.52214686418482,,POINT (114.03600442240777 22.519397055072737)
2021-01-01 19:43:20,22.55746801695429,2021-01-01 19:51:03,114.23219430838337,79cdb5f39c77296ba1bb64**********,114.22585708678788,22.55431358374244,,POINT (114.22585708678788 22.55746801695429)
2021-01-01 19:43:27,22.56394250945972,2021-01-01 19:47:44,114.09942776431944,8c110c2fadbe8ebf36d0d8**********,114.09936773726861,22.563998110896367,,POINT (114.09936773726861 22.56394250945972)
2021-01-01 19:43:27,22.56403522657672,2021-01-01 19:47:44,114.09952055238527,556f73699d882aeeed20c9**********,114.09946052508329,22.56409082824183,,POINT (114.09946052508329 22.56403522657672)
2021-01-01 19:43:41,22.629869829213977,2021-01-01 19:51:15,114.01388985965671,aa01fb4b69889f92297403**********,114.01482236980907,22.636544033418307,,POINT (114.01482236980907 22.629869829213977)
2021-01-01 19:43:56,22.52293760278152,2021-01-01 20:33:45,113.95312275226065,8e02f9b63b2dde41a1d87d**********,113.9531354194724,22.52293574245826,,POINT (113.9531354194724 22.52293760278152)
2021-01-01 19:43:56,22.522865573865374,2021-01-01 20:33:45,113.95305068570597,ab599766b404d9f00575e3**********,113.95306335294875,22.522863713512898,,POINT (113.95306335294875 22.522865573865374)
2021-01-01 19:44:54,22.589206166812712,2021-01-01 19:54:13,113.85060964439838,02482f6543508a5dcbd1b3**********,113.8368328846454,22.57940931304502,,POINT (113.8368328846454 22.589206166812712)
2021-01-01 19:45:38,22.573059128881866,2021-01-01 20:03:35,113.88159408193061,bf58f319c28c56c1ef4822**********,113.90027349674028,22.582768468408787,,POINT (113.90027349674028 22.573059128881866)
2021-01-01 19:48:05,22.624429412895527,2021-01-01 19:49:31,113.96968436694084,30bc41edc99adeeffa275e**********,113.96909826067571,22.622142111461347,,POINT (113.96909826067571 22.624429412895527)
2021-01-01 19:48:21,22.61691993587373,2021-01-01 19:53:18,114.05609036021929,cb5f051274de8086734395**********,114.06116912449588,22.614836674190443,,POINT (114.06116912449588 22.61691993587373)
2021-01-01 19:48:47,22.52032425385437,2021-01-01 20:22:07,113.91854017482551,34bf5b8349aa794f4c7578**********,113.9345100183357,22.530868494057643,,POINT (113.9345100183357 22.52032425385437)
2021-01-01 19:49:28,22.672040379386335,2021-01-01 21:31:33,114.03131884699044,1f16ba021fc250d585b826**********,114.02163694025444,22.658693543848837,,POINT (114.02163694025444 22.672040379386335)
2021-01-01 19:51:19,22.554291981511454,2021-01-01 20:25:58,114.02227176398202,1b5add4c7a28f5eb346cbe**********,114.01254363942724,22.53532512033455,,POINT (114.01254363942724 22.554291981511454)
2021-01-01 19:52:18,22.54318097326453,2021-01-01 19:59:51,113.9331322624663,76bf5484c03e343f9b7216**********,113.93810930844141,22.5504230552855,,POINT (113.93810930844141 22.54318097326453)
2021-01-01 19:52:18,22.543278890579323,2021-01-01 19:59:51,113.93323025811927,19c15a3e56ce0f7422b1b3**********,113.9382072830807,22.55052099133463,,POINT (113.9382072830807 22.543278890579323)
2021-01-01 19:53:34,22.556290626105444,2021-01-01 19:58:13,114.10297279854245,fc7fd6f5dcb755f8b06e45**********,114.10500767464542,22.555000851970718,,POINT (114.10500767464542 22.556290626105444)
2021-01-01 19:53:34,22.556280821931143,2021-01-01 19:58:13,114.10296298770844,211c6dccab47c7e02ed4a1**********,114.10499786294338,22.554991048593337,,POINT (114.10499786294338 22.556280821931143)
2021-01-01 19:54:44,22.660398474261047,2021-01-01 19:58:33,114.02145215394722,e6377c8af5eef45f2d5436**********,114.02159467252392,22.65772975620801,,POINT (114.02159467252392 22.660398474261047)
2021-01-01 19:55:42,22.652200383128978,2021-01-01 20:04:21,114.03056653590419,16937084b38956e1e38d1f**********,114.02165470251897,22.658980646389814,,POINT (114.02165470251897 22.652200383128978)
2021-01-01 19:56:08,22.590722103522936,2021-01-01 20:09:40,114.252126253897,3edb338fd75af65e4803ae**********,114.26862942582511,22.59269318386632,,POINT (114.26862942582511 22.590722103522936)
2021-01-01 19:56:10,22.58130623712742,2021-01-01 20:06:29,113.90631804753819,4d6e7b64ca7558968258ef**********,113.89688332708565,22.577964841150173,,POINT (113.89688332708565 22.58130623712742)
2021-01-01 19:56:10,22.58127524045878,2021-01-01 20:06:29,113.90628704133482,f7c17d21c5a9416cd0d23f**********,113.89685230698841,22.577933857377676,,POINT (113.89685230698841 22.58127524045878)
2021-01-01 19:57:26,22.63826027818061,2021-01-01 20:07:40,114.03923117520262,0cc08d6a81fba5880199c6**********,114.03273534594106,22.633507893809746,,POINT (114.03273534594106 22.63826027818061)
2021-01-01 19:57:51,22.629207354680567,2021-01-01 20:30:08,114.08380797719167,be05c31f875388b908c538**********,114.07456526434729,22.6410888074479,,POINT (114.07456526434729 22.629207354680567)
2021-01-01 20:01:12,22.50888844478068,2021-01-01 20:22:22,114.04064263640531,c7432abdd31e9b123ac1a4**********,114.04066291901536,22.508674493783232,,POINT (114.04066291901536 22.50888844478068)
2021-01-01 20:02:16,22.5246657890826,2021-01-01 20:11:17,114.04873713893441,3ffb879952a682b251251e**********,114.04172190588302,22.52440234357389,,POINT (114.04172190588302 22.5246657890826)
2021-01-01 20:02:26,22.53669480577941,2021-01-01 20:27:12,114.02019890574876,a4f15f5c170f542f9938d0**********,114.0012840415765,22.532518050779807,,POINT (114.0012840415765 22.53669480577941)
2021-01-01 20:02:35,22.695770185578375,2021-01-01 20:06:22,113.96591143029983,efc36ee8c2532d3cfe9271**********,113.96681187387654,22.700899019626,,POINT (113.96681187387654 22.695770185578375)
2021-01-01 20:03:00,22.627091896976275,2021-01-01 20:15:28,114.058805969036,5540a5fa9f08cdb88d7dde**********,114.0711177539202,22.629154880661947,,POINT (114.0711177539202 22.627091896976275)
2021-01-01 20:03:44,22.521129380831017,2021-01-01 20:19:46,113.91948495471051,20ef8a8ddb01ada69c7994**********,113.92987139685442,22.52091474481214,,POINT (113.92987139685442 22.521129380831017)
2021-01-01 20:03:48,22.52101859692568,2021-01-01 20:19:49,113.91962402861655,7459fc9e42a9b861123961**********,113.92973953598717,22.520822517475363,,POINT (113.92973953598717 22.52101859692568)
2021-01-01 20:03:57,22.512714137840113,2021-01-01 20:19:48,114.02497876490715,9520a4c1c895b0f0a5d3a5**********,114.0447403189883,22.5232429552008,,POINT (114.0447403189883 22.512714137840113)
2021-01-01 20:04:38,22.633908084071248,2021-01-01 20:09:42,114.07741778789699,22069a83ca8acd550e0d09**********,114.07565962288712,22.629919496205197,,POINT (114.07565962288712 22.633908084071248)
2021-01-01 20:05:01,22.57315925864263,2021-01-01 20:19:53,114.05369055468722,529109b3ca9b0df8c31f31**********,114.05485650218624,22.579545684171677,,POINT (114.05485650218624 22.57315925864263)
2021-01-01 20:06:21,22.669722639843865,2021-01-01 20:30:30,114.04023444273078,7078b5298f71b03b8704bf**********,114.02977316231842,22.660011333619373,,POINT (114.02977316231842 22.669722639843865)
2021-01-01 20:06:21,22.63908781601853,2021-01-01 20:20:16,114.05744785447796,e554fe97e92a626e79014d**********,114.04112278242604,22.63720041727846,,POINT (114.04112278242604 22.63908781601853)
2021-01-01 20:07:44,22.546153475958043,2021-01-01 20:12:46,114.09094222782656,548eb099764f00381f49de**********,114.08784188624834,22.551712559934984,,POINT (114.08784188624834 22.546153475958043)
2021-01-01 20:09:29,22.4936944872927,2021-01-01 20:11:55,113.93067770776544,d9cd3c7549b8d160bd3fec**********,113.93119993640823,22.490831333882575,,POINT (113.93119993640823 22.4936944872927)
2021-01-01 20:11:23,22.54534959525683,2021-01-01 20:25:25,114.04726193722983,a6bf8d130df9c5b3efc88b**********,114.05403337973094,22.539615315920333,,POINT (114.05403337973094 22.54534959525683)
2021-01-01 20:11:23,22.54534959525683,2021-01-01 20:25:25,114.04726193722983,6952fa4672b165d0e4097b**********,114.05403337973094,22.539615315920333,,POINT (114.05403337973094 22.54534959525683)
2021-01-01 20:11:23,22.545341010555827,2021-01-01 20:25:25,114.04725334979685,5460bec643643bd6d359bd**********,114.05402478987806,22.539606733412796,,POINT (114.05402478987806 22.545341010555827)
2021-01-01 20:11:24,22.611740383063186,2021-01-01 20:18:08,114.02562241686948,972faa840a67589d3d330d**********,114.02606111456316,22.60402599836422,,POINT (114.02606111456316 22.611740383063186)
2021-01-01 20:12:39,22.541580800696465,2021-01-01 20:20:48,114.03728262030751,156a103722da4e6f69fe3c**********,114.03568686895954,22.544029813158613,,POINT (114.03568686895954 22.541580800696465)
2021-01-01 20:12:39,22.541508975958944,2021-01-01 20:20:48,114.03721075234556,b243b6a4dae1bd68ea7428**********,114.03561500487103,22.543957985039125,,POINT (114.03561500487103 22.541508975958944)
2021-01-01 20:12:59,22.544802779445398,2021-01-01 20:45:41,114.11474153654702,68f07652bceb341230158f**********,114.11753170121338,22.559719608152378,,POINT (114.11753170121338 22.544802779445398)
2021-01-01 20:12:59,22.544720404303423,2021-01-01 20:45:41,114.1146591055726,a4b1cb82f1282fa65a3f27**********,114.11744926156302,22.559637242782426,,POINT (114.11744926156302 22.544720404303423)
2021-01-01 20:13:06,22.549555054563815,2021-01-01 20:21:21,114.03750159616558,fbf04ade38fedfa586e345**********,114.03650547772565,22.558745581472873,,POINT (114.03650547772565 22.549555054563815)
2021-01-01 20:14:36,22.55106762824426,2021-01-01 20:36:09,114.23488417953995,d5feab6c8f4d172716e1e6**********,114.22579198050539,22.553283003173892,,POINT (114.22579198050539 22.55106762824426)
2021-01-01 20:14:52,22.543444692442772,2021-01-01 20:21:14,114.06645823749962,4ef31356e6d12fdb613a90**********,114.06443055239806,22.547531046636287,,POINT (114.06443055239806 22.543444692442772)
2021-01-01 20:14:52,22.543502215298293,2021-01-01 20:21:14,114.06651580196984,8c72c9240c089c59072005**********,114.06448811141395,22.54758857427669,,POINT (114.06448811141395 22.543502215298293)
2021-01-01 20:15:35,22.57310170720973,2021-01-01 20:49:03,113.86490547356563,1a83f4ad5e60a4793f4d92**********,113.86452576525278,22.57114572471845,,POINT (113.86452576525278 22.57310170720973)
2021-01-01 20:16:19,22.655643153750837,2021-01-01 20:44:07,114.0328161622108,733bc10e5d27b1d454c9a9**********,114.04020765287802,22.631335653503246,,POINT (114.04020765287802 22.655643153750837)
2021-01-01 20:18:49,22.519709908890828,2021-01-01 20:33:09,113.93390270009503,50036ee60c81ad144329f5**********,113.9403050582154,22.520698087659085,,POINT (113.9403050582154 22.519709908890828)
2021-01-01 20:19:11,22.645531349752023,2021-01-01 20:32:42,114.03498038021019,ad07416d2f9aa15343f0cc**********,114.03481860686735,22.655444030698785,,POINT (114.03481860686735 22.645531349752023)
2021-01-01 20:20:25,22.554866933160934,2021-01-01 20:28:40,114.01970051610436,da6a5950aca7b1e02700bf**********,114.00979824203098,22.549921144394865,,POINT (114.00979824203098 22.554866933160934)
2021-01-01 20:20:25,22.5548758062675,2021-01-01 20:28:40,114.01970939539095,0bb615d894793018ccd698**********,114.0098071197831,22.549930018986586,,POINT (114.0098071197831 22.5548758062675)
2021-01-01 20:21:08,22.568222837609078,2021-01-01 20:32:09,114.10780967504746,9687d32fed0921c90eba89**********,114.11742457249444,22.570301918133037,,POINT (114.11742457249444 22.568222837609078)
2021-01-01 20:21:08,22.568265174867612,2021-01-01 20:32:09,114.10785203065198,fe949b77a7b5226058f955**********,114.11746694421241,22.570344240151066,,POINT (114.11746694421241 22.568265174867612)
2021-01-01 20:22:59,22.630807656028225,2021-01-01 21:31:09,113.8450018825896,fae01e8f18a6164c50d9f2**********,113.83214870421186,22.600672103544333,,POINT (113.83214870421186 22.630807656028225)
2021-01-01 20:23:58,22.633279787717967,2021-01-01 20:32:06,114.05780973905904,f0c29185a232d95a794b84**********,114.06455996976018,22.637176994908693,,POINT (114.06455996976018 22.633279787717967)
2021-01-01 20:24:23,22.632592459025016,2021-01-01 20:30:55,114.14354057992173,04c2b1b4049fcb946f4362**********,114.13618847670882,22.62938572517607,,POINT (114.13618847670882 22.632592459025016)
2021-01-01 20:24:47,22.598137332436558,2021-01-01 20:45:01,113.86381963669261,f08f154fad56d27473ba4f**********,113.84455793947537,22.575860895453143,,POINT (113.84455793947537 22.598137332436558)
2021-01-01 20:25:18,22.64943744469799,2021-01-01 20:44:35,114.01489888437976,ca76551618d9e80998b6d6**********,114.03225696001523,22.669035076518682,,POINT (114.03225696001523 22.64943744469799)
2021-01-01 20:25:36,22.636462741411396,2021-01-01 20:37:21,114.04136994336828,ba792feab0e821117764e4**********,114.0529802804241,22.639792052511627,,POINT (114.0529802804241 22.636462741411396)
2021-01-01 20:25:50,22.53914387213219,2021-01-01 20:34:15,114.08938114317073,8149c06049f1d528834162**********,114.08198432744155,22.540583860277188,,POINT (114.08198432744155 22.53914387213219)
2021-01-01 20:27:41,22.526670328083487,2021-01-01 20:39:00,113.91478745106234,c5b764774358c015b237c0**********,113.91717741835014,22.537628135897457,,POINT (113.91717741835014 22.526670328083487)
2021-01-01 20:27:44,22.538383309761784,2021-01-01 20:34:14,114.02835647394723,e5af17d59e3c015106d8e1**********,114.02674918090044,22.53212056016077,,POINT (114.02674918090044 22.538383309761784)
2021-01-01 20:28:36,22.583884056054327,2021-01-01 21:05:19,113.83401994558115,2ac417543b9880eb995db6**********,113.85143075970338,22.58798435846594,,POINT (113.85143075970338 22.583884056054327)
2021-01-01 20:28:36,22.583851508404983,2021-01-01 21:05:19,113.83398736131561,8c04eddfb59211d24b2452**********,113.85139818430852,22.58795180237662,,POINT (113.85139818430852 22.583851508404983)
2021-01-01 20:29:58,22.675274097474738,2021-01-01 20:58:37,114.00664076322408,dcba435c0d59f06391a3c9**********,114.00060022552682,22.673036399321994,,POINT (114.00060022552682 22.675274097474738)
2021-01-01 20:29:58,22.67524389589513,2021-01-01 20:58:37,114.00661054017829,ca33c5a71109d6575f0371**********,114.00057000390365,22.67300619634874,,POINT (114.00057000390365 22.67524389589513)
2021-01-01 20:32:01,22.5593366442336,2021-01-01 20:42:41,113.90150415467677,bc0100799ec3b7f157a83f**********,113.91706779390447,22.564734842939938,,POINT (113.91706779390447 22.5593366442336)
2021-01-01 20:32:01,22.5593602209827,2021-01-01 20:42:41,113.9015277648049,7e73d393dcd93cfc40c387**********,113.91709138638959,22.56475843605714,,POINT (113.91709138638959 22.5593602209827)
2021-01-01 20:32:52,22.628995807275615,2021-01-01 20:39:46,114.01176189379585,c0f15336b26078d23f711d**********,114.01679204320375,22.634230682725217,,POINT (114.01679204320375 22.628995807275615)
2021-01-01 20:34:26,22.55254447379395,2021-01-01 20:47:36,113.94487441154938,d95796259f6aa17e9b99c5**********,113.93907147749296,22.561342799813545,,POINT (113.93907147749296 22.55254447379395)
2021-01-01 20:34:33,22.544298383314082,2021-01-01 20:41:09,114.07746190057087,099f1a17e1f40d6981738d**********,114.07892401231099,22.5370905965106,,POINT (114.07892401231099 22.544298383314082)
2021-01-01 20:34:48,22.65591384430139,2021-01-01 20:39:34,114.06070351890467,3c4bf2de16b0d5c2c66185**********,114.06114470203293,22.656075250649145,,POINT (114.06114470203293 22.65591384430139)
2021-01-01 20:34:49,22.594916881144243,2021-01-01 20:41:28,113.98230513675911,a523746f36d879401b25c7**********,113.99450497667232,22.59357783262281,,POINT (113.99450497667232 22.594916881144243)
2021-01-01 20:35:26,22.545586639920902,2021-01-01 20:46:10,114.08674789750458,5ef3e8079d8e314516c8ef**********,114.08423298928295,22.542936366804664,,POINT (114.08423298928295 22.545586639920902)
2021-01-01 20:35:26,22.545668502542288,2021-01-01 20:46:10,114.08682982676542,ce1d01fdd895af827c5d27**********,114.08431490865132,22.543018238962578,,POINT (114.08431490865132 22.545668502542288)
2021-01-01 20:35:54,22.74090863081653,2021-01-01 20:46:59,113.8203697439355,8a49f4512b8e398c01371d**********,113.83471200148017,22.755263404917233,,POINT (113.83471200148017 22.74090863081653)
2021-01-01 20:36:17,22.6310083557768,2021-01-01 20:43:57,114.01685524994426,1053346b48b48ba524e428**********,114.01794581850648,22.627703981467807,,POINT (114.01794581850648 22.6310083557768)
2021-01-01 20:36:17,22.63101015039181,2021-01-01 20:43:57,114.01685704564805,90c2c4f89d44905c0c6159**********,114.01794761424871,22.62770577605415,,POINT (114.01794761424871 22.63101015039181)
2021-01-01 20:38:29,22.538035825305787,2021-01-01 20:43:37,114.11386094560469,905164105ad5a1ee0b19e8**********,114.11562210683495,22.54414203518439,,POINT (114.11562210683495 22.538035825305787)
2021-01-01 20:38:44,22.555824476009068,2021-01-01 20:47:56,114.03119684570494,817624a83ec8d21227048b**********,114.02640064135223,22.560888212301617,,POINT (114.02640064135223 22.555824476009068)
2021-01-01 20:38:50,22.53331152783225,2021-01-01 20:42:06,114.07783479889112,352dd7af2590c509f844de**********,114.07521700984483,22.533177372517418,,POINT (114.07521700984483 22.53331152783225)
2021-01-01 20:39:20,22.621529721270875,2021-01-01 20:53:21,114.0202035377362,2621b0ee0e5a6d00a6bf86**********,114.03153385797445,22.619888221035453,,POINT (114.03153385797445 22.621529721270875)
2021-01-01 20:39:20,22.62154567873678,2021-01-01 20:53:21,114.02021950065404,4c02220b73cb1d7ad7ce66**********,114.03154982565825,22.619904174094437,,POINT (114.03154982565825 22.62154567873678)
2021-01-01 20:39:20,22.62154567873678,2021-01-01 20:53:21,114.02021950065404,5951eb85adbaa60223b4a4**********,114.03154982565825,22.619904174094437,,POINT (114.03154982565825 22.62154567873678)
2021-01-01 20:45:08,22.598079058080256,2021-01-01 21:02:19,113.85623440234376,55c4d24b4df957a3b1142d**********,113.87279158258755,22.6180925554314,,POINT (113.87279158258755 22.598079058080256)
2021-01-01 20:45:08,22.59810608061656,2021-01-01 21:02:19,113.85626146179476,c43f0007f1d590330b8b37**********,113.87281862775981,22.618119590804305,,POINT (113.87281862775981 22.59810608061656)
2021-01-01 20:45:30,22.562460007214888,2021-01-01 21:07:32,114.1369156138019,d086e49f2184fd9f0a98a0**********,114.16356414386915,22.557183550656234,,POINT (114.16356414386915 22.562460007214888)
2021-01-01 20:45:36,22.58616377302925,2021-01-01 20:54:10,113.8550748377277,22fee7a4240c224b13249a**********,113.86148252743203,22.58168404669504,,POINT (113.86148252743203 22.58616377302925)
2021-01-01 20:45:51,22.505815022602647,2021-01-01 20:55:58,113.88315045342793,431e34b1a647d2c7f636b6**********,113.88243201022908,22.496897827767814,,POINT (113.88243201022908 22.505815022602647)
2021-01-01 20:45:51,22.505913080853976,2021-01-01 20:55:58,113.88324857681626,38e7428a88beff98936d69**********,113.88253013658235,22.496995884401894,,POINT (113.88253013658235 22.505913080853976)
2021-01-01 20:45:55,22.49288184728911,2021-01-01 20:58:30,113.93059419926334,1d953cb61f2dc26bc20767**********,113.91131948655797,22.495149828694906,,POINT (113.91131948655797 22.49288184728911)
2021-01-01 20:45:55,22.49285176645533,2021-01-01 20:58:30,113.93056412777486,e6188102e5c080884591c9**********,113.9112893877723,22.495119773522458,,POINT (113.9112893877723 22.49285176645533)
2021-01-01 20:46:10,22.644130446313508,2021-01-01 21:04:23,114.05533900038718,4450d1bf58d2f89f0dc107**********,114.04628102970155,22.630187468417883,,POINT (114.04628102970155 22.644130446313508)
2021-01-01 20:46:24,22.59085589761149,2021-01-01 21:00:32,114.11163289136154,9a1f96cd81adda909ba74a**********,114.10708580101513,22.608248622893708,,POINT (114.10708580101513 22.59085589761149)
2021-01-01 20:46:29,22.562671222050657,2021-01-01 20:56:48,114.09346454512315,271eb3d7c9b83d0e287a2f**********,114.08442478328453,22.567756093564746,,POINT (114.08442478328453 22.562671222050657)
2021-01-01 20:46:33,22.656851923147492,2021-01-01 21:02:16,114.04397651205903,98fc89ef0eceb26496a64d**********,114.03952939415649,22.669000776967756,,POINT (114.03952939415649 22.656851923147492)
2021-01-01 20:47:39,22.61602817845493,2021-01-01 20:57:19,113.84056862650628,16810068f4c1a5e83dabb3**********,113.83632582019956,22.605871740618888,,POINT (113.83632582019956 22.61602817845493)
2021-01-01 20:49:51,22.563061685915546,2021-01-01 21:04:07,113.86498245751837,75425a9e8010bdefc5243f**********,113.876403907058,22.566260685511224,,POINT (113.876403907058 22.563061685915546)
2021-01-01 20:51:14,22.55682610523674,2021-01-01 21:04:59,113.88028233889258,4e805265e993a852f20626**********,113.88260480357187,22.54775876928334,,POINT (113.88260480357187 22.55682610523674)
2021-01-01 20:51:46,22.54100331650631,2021-01-01 21:16:15,114.06884980019329,473fcf3fbc2f61963aa483**********,114.06318847253051,22.56942255279799,,POINT (114.06318847253051 22.54100331650631)
2021-01-01 20:52:39,22.540771662527188,2021-01-01 21:04:28,113.96199387832262,8c7a5b84e53e15a7b11291**********,113.97345164631724,22.54645624368816,,POINT (113.97345164631724 22.540771662527188)
2021-01-01 20:52:39,22.540697278954124,2021-01-01 21:04:28,113.96191943672783,02bcf047041d7b3273fc27**********,113.97337722475854,22.546381841920454,,POINT (113.97337722475854 22.540697278954124)
2021-01-01 20:52:58,22.534818200876675,2021-01-01 20:59:33,114.07898877437317,9824410ce8cf80623bc890**********,114.07624720749457,22.542471371661566,,POINT (114.07624720749457 22.534818200876675)
2021-01-01 20:53:40,22.52485110216002,2021-01-01 21:01:48,114.03354119446257,b111b72a47c1fa5e22c69d**********,114.02327312201093,22.5182710709521,,POINT (114.02327312201093 22.52485110216002)
2021-01-01 20:53:40,22.524925497399735,2021-01-01 21:01:48,114.03361564863904,6cd1dca2dfbb1f11b845a8**********,114.02334755459326,22.518345486965718,,POINT (114.02334755459326 22.524925497399735)
2021-01-01 20:54:58,22.609121531481367,2021-01-01 21:02:43,114.1357156730958,cbe1ac6355c3fe581acdf5**********,114.13797504540139,22.615153805491822,,POINT (114.13797504540139 22.609121531481367)
2021-01-01 20:54:59,22.560940319725407,2021-01-01 21:06:41,113.94648916191584,62c2b92b820c0c86369a43**********,113.94446200776825,22.577642522566133,,POINT (113.94446200776825 22.560940319725407)
2021-01-01 20:54:59,22.56092026242272,2021-01-01 21:06:41,113.9464690943093,51b0505c0abe5ca9e35b10**********,113.94444193858958,22.577622467164236,,POINT (113.94444193858958 22.56092026242272)
2021-01-01 20:55:33,22.545289335567784,2021-01-01 21:22:16,114.1005988391749,6642facbc80b544872be01**********,114.0786276069438,22.552038922448777,,POINT (114.0786276069438 22.545289335567784)
2021-01-01 20:55:46,22.541259888017684,2021-01-01 21:00:39,114.05211602471208,266d6e4379af0b57fb9d62**********,114.05000893229126,22.53911183065306,,POINT (114.05000893229126 22.541259888017684)
2021-01-01 20:57:12,22.539462295691678,2021-01-01 21:08:35,113.98007682516395,c42a94dfcbe705b8dca886**********,113.98011779911239,22.539368402079226,,POINT (113.98011779911239 22.539462295691678)
2021-01-01 20:57:12,22.539510151664636,2021-01-01 21:08:35,113.98012470519663,d1934b0cabe1d23a1da96c**********,113.98016567911905,22.53941625808244,,POINT (113.98016567911905 22.539510151664636)
2021-01-01 20:57:23,22.558350523259108,2021-01-01 21:43:59,114.0627198549904,0990dc250e8e167f46ff4e**********,114.06411159913776,22.55270774838499,,POINT (114.06411159913776 22.558350523259108)
2021-01-01 20:59:48,22.658522348263023,2021-01-01 21:14:20,114.02925186407033,48b81a6c12a46453879785**********,114.01604001151672,22.6659103003985,,POINT (114.01604001151672 22.658522348263023)
2021-01-01 21:00:19,22.656942613731392,2021-01-01 21:07:00,114.00098552611473,add40f12e0ef82922329f5**********,114.00732559061713,22.65883744976457,,POINT (114.00732559061713 22.656942613731392)
2021-01-01 21:01:57,22.533966539819247,2021-01-01 21:33:45,113.91502699651618,da58c5c18108d5bfafb0d2**********,113.9123122743119,22.543146779105573,,POINT (113.9123122743119 22.533966539819247)
2021-01-01 21:01:57,22.53392656926853,2021-01-01 21:33:45,113.91498700527231,c5aa9b9c78f3669b98bb7a**********,113.91227227784005,22.543106813936785,,POINT (113.91227227784005 22.53392656926853)
2021-01-01 21:02:09,22.486128939277112,2021-01-01 21:23:40,113.91752081278172,b4ac2262a0d036bcddc654**********,113.91389724832652,22.488507246313237,,POINT (113.91389724832652 22.486128939277112)
2021-01-01 21:03:47,22.571079536046465,2021-01-01 21:16:18,113.94570823799265,a49744174291065ad3cab6**********,113.94626954855492,22.58430963423765,,POINT (113.94626954855492 22.571079536046465)
2021-01-01 21:03:47,22.5711544705049,2021-01-01 21:16:18,113.94578321905028,ee1a1b93432181839f86bf**********,113.94634452802133,22.584384568918985,,POINT (113.94634452802133 22.5711544705049)
2021-01-01 21:03:51,22.55164688626102,2021-01-01 21:10:06,114.10100513506544,bda689ec8767d249053e1d**********,114.09831202775351,22.547434946702914,,POINT (114.09831202775351 22.55164688626102)
2021-01-01 21:04:23,22.568982761805753,2021-01-01 21:44:52,114.12379283041194,775187d4ec913b8598fcac**********,114.1235736015466,22.568897199604,,POINT (114.1235736015466 22.568982761805753)
2021-01-01 21:04:59,22.54507099116259,2021-01-01 21:18:58,114.084111744591,de320d01cdd29e7c0d5726**********,114.08801343859342,22.543113051838287,,POINT (114.08801343859342 22.54507099116259)
2021-01-01 21:05:49,22.568753935231232,2021-01-01 21:20:01,114.10811943781785,ce6bcc98e81e4c66559dee**********,114.1076855552,22.566394573689784,,POINT (114.1076855552 22.568753935231232)
2021-01-01 21:06:03,22.525860473077266,2021-01-01 21:16:54,114.04207058555198,5cdb48b80f126de25c54dd**********,114.04878437086298,22.527287991855538,,POINT (114.04878437086298 22.525860473077266)
2021-01-01 21:07:41,22.57904365175071,2021-01-01 21:22:52,113.88419794831316,feeb4714c7a58b1446e913**********,113.87585456298939,22.574958443228134,,POINT (113.87585456298939 22.57904365175071)
2021-01-01 21:08:09,22.542989394796304,2021-01-01 21:29:43,114.06069088152375,b5641f45dfeb81a0be8450**********,114.0558996864411,22.537739947952897,,POINT (114.0558996864411 22.542989394796304)
2021-01-01 21:08:09,22.542979611458648,2021-01-01 21:29:43,114.06068109019627,b9b0a12000ff6cf1524fc2**********,114.05588989720987,22.53773016259114,,POINT (114.05588989720987 22.542979611458648)
2021-01-01 21:08:16,22.537117811168653,2021-01-01 21:14:34,114.05364664627272,fb91b8cd7c05f63d8eec28**********,114.0499202662731,22.537649823445353,,POINT (114.0499202662731 22.537117811168653)
2021-01-01 21:11:20,22.681190934880505,2021-01-01 21:23:20,113.99700651009572,5584bcd94b0df72c58ae84**********,113.9860247875883,22.692092557919256,,POINT (113.9860247875883 22.681190934880505)
2021-01-01 21:12:06,22.55795506682874,2021-01-01 21:35:04,113.88043741087085,666d6411343d4f26142d6d**********,113.89589334601361,22.570560535338725,,POINT (113.89589334601361 22.55795506682874)
2021-01-01 21:14:10,22.652022544806385,2021-01-01 21:21:59,114.01864688935336,9c8a8b4742cbbc4e1b533c**********,114.02735369943944,22.654963199165906,,POINT (114.02735369943944 22.652022544806385)
2021-01-01 21:15:29,22.766755192934397,2021-01-01 21:21:20,113.83031481990855,86f58569d89067ea87104f**********,113.83733670350128,22.765757907156328,,POINT (113.83733670350128 22.766755192934397)
2021-01-01 21:15:29,22.766796053903242,2021-01-01 21:21:20,113.83035572684294,da933d98caee2d74bfa8c6**********,113.83737760804324,22.765798770579806,,POINT (113.83737760804324 22.766796053903242)
2021-01-01 21:19:58,22.599888155091215,2021-01-01 21:32:34,113.99236662928688,48ceac35a2c1b8818a3e7d**********,113.98413640047602,22.594601143552374,,POINT (113.98413640047602 22.599888155091215)
2021-01-01 21:21:13,22.658336401382858,2021-01-01 21:35:19,114.04391889961784,a92d8ed53402e8369b2587**********,114.03718964601029,22.669009265968338,,POINT (114.03718964601029 22.658336401382858)
2021-01-01 21:23:03,22.606065303183208,2021-01-01 21:37:46,113.83354958422129,278f6cb4cd34604aa18881**********,113.840823340034,22.61433201946005,,POINT (113.840823340034 22.606065303183208)
2021-01-01 21:23:33,22.58282881825171,2021-01-01 21:30:21,113.85682992304028,7328f208022757c2abe8df**********,113.86612872379825,22.586324660520038,,POINT (113.86612872379825 22.58282881825171)
2021-01-01 21:23:33,22.582883977471344,2021-01-01 21:30:21,113.85688514345426,b28354c1f8ce0303d2afc4**********,113.86618392884927,22.586379834060864,,POINT (113.86618392884927 22.582883977471344)
2021-01-01 21:24:37,22.655182978719736,2021-01-01 21:33:13,113.85764552641251,23ce892ac6e7a592e7fe6d**********,113.85476353744247,22.656440121281992,,POINT (113.85476353744247 22.655182978719736)
2021-01-01 21:27:29,22.52436356155331,2021-01-01 22:55:09,114.02384403923831,db55f93dcb6596f711d60c**********,113.99022742802103,22.525917443992466,,POINT (113.99022742802103 22.52436356155331)
2021-01-01 21:27:31,22.551796320810226,2021-01-01 21:34:17,114.09716203124442,b47da8d03a55a5fa28530f**********,114.08943001909394,22.552119764150866,,POINT (114.08943001909394 22.551796320810226)
2021-01-01 21:27:31,22.551823214541297,2021-01-01 21:34:17,114.0971889539862,c72ac0c9e7481aabfc8098**********,114.08945693211322,22.552146666969303,,POINT (114.08945693211322 22.551823214541297)
2021-01-01 21:30:51,22.640073380270525,2021-01-01 21:46:53,114.03205495033822,e02709465eb9cfb1a48d66**********,114.02180168473491,22.659731639427907,,POINT (114.02180168473491 22.640073380270525)
2021-01-01 21:30:51,22.640109873234067,2021-01-01 21:46:53,114.03209147698927,0f680e1507e8cbaefddb35**********,114.02183820122474,22.659768141019025,,POINT (114.02183820122474 22.640109873234067)
2021-01-01 21:31:54,22.58223327396808,2021-01-01 21:37:56,114.11445207264966,3496859cd178f380a86710**********,114.11564637718617,22.587201298492747,,POINT (114.11564637718617 22.58223327396808)
2021-01-01 21:32:20,22.66148567590855,2021-01-01 21:59:29,114.00986978301918,0df736680073e9699d6b1e**********,114.0271848743553,22.67423971504724,,POINT (114.0271848743553 22.66148567590855)
2021-01-01 21:33:20,22.554855968271205,2021-01-01 21:54:20,114.05361744675784,e7e023fba3a920c573d803**********,114.04123156677467,22.53907113073528,,POINT (114.04123156677467 22.554855968271205)
2021-01-01 21:35:25,22.573089590828463,2021-01-01 22:48:32,114.10594336219508,244a889d7c8cbb76d72bbc**********,114.09866482280562,22.587598894340076,,POINT (114.09866482280562 22.573089590828463)
2021-01-01 21:38:47,22.559405429791227,2021-01-01 21:49:56,114.09989347784044,3a9ade9d7a6be554e423cf**********,114.10183781265685,22.561430006743944,,POINT (114.10183781265685 22.559405429791227)
2021-01-01 21:40:32,22.66834194625845,2021-01-01 22:12:19,114.06373768924739,312239529dfbc5fb7a2818**********,114.03194105992998,22.677162970533164,,POINT (114.03194105992998 22.66834194625845)
2021-01-01 21:41:00,22.525536645048458,2021-01-01 22:04:15,114.03060626787217,49725a308065861d689906**********,114.04654698339927,22.527558815456256,,POINT (114.04654698339927 22.525536645048458)
2021-01-01 21:43:16,22.540825823665227,2021-01-01 21:53:44,113.97254604744946,23543dd2c433f17e6512a6**********,113.97252371090732,22.540539507996975,,POINT (113.97252371090732 22.540825823665227)
2021-01-01 21:43:16,22.540841677787324,2021-01-01 21:53:44,113.97256190968018,7acdb5afbfda3fd062458c**********,113.9725395731449,22.54055536211857,,POINT (113.9725395731449 22.540841677787324)
2021-01-01 21:44:23,22.56867403967379,2021-01-01 21:53:04,114.12033871446553,54ffba7a1c797104a1c133**********,114.1216482354402,22.57657093823802,,POINT (114.1216482354402 22.56867403967379)
2021-01-01 21:44:23,22.568741208323967,2021-01-01 21:53:04,114.12040593535735,bb3f0bd5c9733d3519b6f9**********,114.12171545940085,22.576638103311023,,POINT (114.12171545940085 22.568741208323967)
2021-01-01 21:44:50,22.567289630789986,2021-01-01 21:48:40,114.05419025991941,cf765d216a27781ec3e190**********,114.05438072410693,22.57073384534543,,POINT (114.05438072410693 22.567289630789986)
2021-01-01 21:49:53,22.544659758866324,2021-01-01 22:00:01,114.12927292819134,c0ad70cd9f7ec5cb7d490a**********,114.126074193169,22.544080975032205,,POINT (114.126074193169 22.544659758866324)
2021-01-01 21:52:55,22.571131375023473,2021-01-01 21:59:54,114.10740758530866,b051bc6e07c3a150689e15**********,114.10792311754247,22.56706682991203,,POINT (114.10792311754247 22.571131375023473)
2021-01-01 21:53:02,22.509745935949844,2021-01-01 22:16:05,113.94765987880663,30628af97752e6a806f3aa**********,113.94966252279713,22.513858005626865,,POINT (113.94966252279713 22.509745935949844)
2021-01-01 21:53:10,22.529372682650727,2021-01-01 23:25:39,114.06109848671443,681cbc349e174370772469**********,114.06290851014096,22.52936632268307,,POINT (114.06290851014096 22.529372682650727)
2021-01-01 21:53:10,22.529462557925505,2021-01-01 23:25:39,114.06118840894679,702ce0ce2dabf17df401ff**********,114.06299843983827,22.529456190988764,,POINT (114.06299843983827 22.529462557925505)
2021-01-01 21:58:34,22.675332621467856,2021-01-01 22:21:03,113.97562839321108,d03568c1deed79de78cee6**********,113.99336649014592,22.67829136837772,,POINT (113.99336649014592 22.675332621467856)
2021-01-01 21:58:51,22.52553335091037,2021-01-01 22:11:56,113.99576670847631,5ef7b124309acf28ed8ccf**********,113.98979289198739,22.527852164797416,,POINT (113.98979289198739 22.52553335091037)
2021-01-01 21:58:51,22.525511218906804,2021-01-01 22:11:56,113.99574456614097,0cb0040f8699e1025dc660**********,113.9897707493897,22.527830033112032,,POINT (113.9897707493897 22.525511218906804)
2021-01-01 21:58:55,22.593517067845795,2021-01-01 22:18:36,113.89649229877688,40a8172a01b98f122f1d94**********,113.8775256765795,22.582049986521255,,POINT (113.8775256765795 22.593517067845795)
2021-01-01 21:59:06,22.627776828270157,2021-01-01 22:01:40,114.05881195991377,3842d4b4957583a82fa38b**********,114.0569051421681,22.627071172220123,,POINT (114.0569051421681 22.627776828270157)
2021-01-01 22:01:35,22.627383020756877,2021-01-01 22:08:10,114.0310468088293,b7b2973ba585b25b628253**********,114.0255404019976,22.6297699205697,,POINT (114.0255404019976 22.627383020756877)
2021-01-01 22:01:35,22.627383020756877,2021-01-01 22:08:10,114.0310468088293,92c36a7c66c07de9806257**********,114.0255404019976,22.6297699205697,,POINT (114.0255404019976 22.627383020756877)
2021-01-01 22:01:35,22.62738252216875,2021-01-01 22:08:10,114.03104630984674,4b412f3062a25469fa4842**********,114.02553990309248,22.629769421910897,,POINT (114.02553990309248 22.62738252216875)
2021-01-01 22:01:50,22.551529641662132,2021-01-01 22:05:35,114.0839990206533,3a4078810e6ebe7af74e79**********,114.08180623644104,22.54742454513552,,POINT (114.08180623644104 22.551529641662132)
2021-01-01 22:04:23,22.721638622295522,2021-01-01 22:14:30,113.91172777263503,0d2ca9691234b2aae05891**********,113.91600132205616,22.72673818447545,,POINT (113.91600132205616 22.721638622295522)
2021-01-01 22:06:09,22.557863963131464,2021-01-01 22:13:52,114.128744768988,c33b5fa88be4ba7e1ecb7b**********,114.12690962478426,22.55608501017292,,POINT (114.12690962478426 22.557863963131464)
2021-01-01 22:06:09,22.557799886425492,2021-01-01 22:13:52,114.12868063620786,81c0872783564417323271**********,114.12684549560143,22.556020929922944,,POINT (114.12684549560143 22.557799886425492)
2021-01-01 22:07:04,22.680676622100396,2021-01-01 22:18:49,113.93429569567242,1a4b2882b83fa74535d5f5**********,113.92766199139996,22.691625823584822,,POINT (113.92766199139996 22.680676622100396)
2021-01-01 22:07:16,22.56422084195249,2021-01-01 22:14:43,113.86949892424127,8f98f04d0471100b182965**********,113.87797261018673,22.568588913115647,,POINT (113.87797261018673 22.56422084195249)
2021-01-01 22:07:16,22.56427137678437,2021-01-01 22:14:43,113.86954951470852,d9e4b8b5fca85de7081df1**********,113.87802318457004,22.56863946283014,,POINT (113.87802318457004 22.56427137678437)
2021-01-01 22:08:01,22.552448900324848,2021-01-01 22:23:41,113.89741308921661,28c6037dd27cc7d75289c1**********,113.88163775916607,22.55688568955321,,POINT (113.88163775916607 22.552448900324848)
2021-01-01 22:08:06,22.54483845944806,2021-01-01 22:18:35,114.11568133268135,1a413501988fc4ab0df97f**********,114.109350581935,22.538409317646284,,POINT (114.109350581935 22.54483845944806)
2021-01-01 22:08:06,22.544751506315375,2021-01-01 22:18:35,114.11559429128279,788ef3e7d65c6362a3c500**********,114.10926356238558,22.53832234325917,,POINT (114.10926356238558 22.544751506315375)
2021-01-01 22:08:39,22.538561315390506,2021-01-01 22:16:29,114.06073800608164,48a7084fa7e095d71980dd**********,114.05583423285447,22.5376913730782,,POINT (114.05583423285447 22.538561315390506)
2021-01-01 22:08:39,22.53861572296872,2021-01-01 22:16:29,114.06079245804811,bea897cc5a29d0b55794e9**********,114.05588867288927,22.53774579185603,,POINT (114.05588867288927 22.53861572296872)
2021-01-01 22:09:33,22.518433181736746,2021-01-01 22:14:22,113.93504474477338,76b9f2afed92c2794578e1**********,113.9400114904571,22.51907184557294,,POINT (113.9400114904571 22.518433181736746)
2021-01-01 22:09:58,22.557876070421006,2021-01-01 22:27:27,114.10537093049756,d6b6d9c937a1f0f394c510**********,114.09913260635413,22.551432446289756,,POINT (114.09913260635413 22.557876070421006)
2021-01-01 22:09:58,22.55791697784563,2021-01-01 22:27:27,114.10541188001824,772e67100a949a10f287dc**********,114.09917354461466,22.551473364610917,,POINT (114.09917354461466 22.55791697784563)
2021-01-01 22:10:31,22.63510521289679,2021-01-01 22:23:28,114.17964941071604,7aa5306324ebde0cd22fb2**********,114.17991472931156,22.62415466159955,,POINT (114.17991472931156 22.63510521289679)
2021-01-01 22:10:31,22.63515880103374,2021-01-01 22:23:28,114.17970304875239,a666a54aa612d084bb46b5**********,114.17996836719544,22.624208250589188,,POINT (114.17996836719544 22.63515880103374)
2021-01-01 22:13:50,22.66866137461462,2021-01-01 22:27:09,114.01852038134727,9ecaeb5e9b16654b99b02d**********,114.0273668573326,22.655242197431033,,POINT (114.0273668573326 22.66866137461462)
2021-01-01 22:14:34,22.696945826770328,2021-01-01 23:01:27,114.01668672832963,aa6c653c98a61d58d0f83e**********,113.96543793940687,22.64162221237571,,POINT (113.96543793940687 22.696945826770328)
2021-01-01 22:14:56,22.663275218963783,2021-01-01 22:31:24,114.03060104842596,68d723413407c16ca06e59**********,114.02057006953623,22.65911645071716,,POINT (114.02057006953623 22.663275218963783)
2021-01-01 22:16:49,22.517250199757555,2021-01-01 22:21:16,114.04661542512176,76b7b2b5119a54176d435f**********,114.05053211829824,22.518477438253303,,POINT (114.05053211829824 22.517250199757555)
2021-01-01 22:17:27,22.517308839077145,2021-01-01 22:21:12,114.04654141461839,0bc651f63fb807dc4cca1e**********,114.05050992255455,22.518723228483854,,POINT (114.05050992255455 22.517308839077145)
2021-01-01 22:21:24,22.560034986394992,2021-01-01 22:24:36,114.2309685408358,c04af005f0de43e022a3df**********,114.23393028528642,22.560998727941268,,POINT (114.23393028528642 22.560034986394992)
2021-01-01 22:26:56,22.5370734393885,2021-01-01 22:38:29,114.06378410869229,f311b9e06aada648190348**********,114.06833712297893,22.531211905956187,,POINT (114.06833712297893 22.5370734393885)
2021-01-01 22:26:56,22.537151548727106,2021-01-01 22:38:29,114.06386225074789,384c814bbf039cd1490e43**********,114.068415281708,22.53129000032761,,POINT (114.068415281708 22.537151548727106)
2021-01-01 22:26:56,22.537151548727106,2021-01-01 22:38:29,114.06386225074789,fb91f89a0f5479db6b806c**********,114.068415281708,22.53129000032761,,POINT (114.068415281708 22.537151548727106)
2021-01-01 22:26:57,22.64819358130253,2021-01-02 00:23:40,114.02189400091731,0cd8d74ddf4f484c0f66f0**********,114.02358458177514,22.64051544404066,,POINT (114.02358458177514 22.64819358130253)
2021-01-01 22:28:43,22.541736582733282,2021-01-01 22:36:54,113.9627238239762,8ed5c62c3cb9a70b31aacf**********,113.96311337967336,22.53341867860899,,POINT (113.96311337967336 22.541736582733282)
2021-01-01 22:28:43,22.541774480845007,2021-01-01 22:36:54,113.9627617424738,49e43d28257e8d9e4c4a84**********,113.96315129776306,22.533456577514567,,POINT (113.96315129776306 22.541774480845007)
2021-01-01 22:32:39,22.546972449802485,2021-01-01 22:34:10,114.07246147835475,53fd39bbb2b70402a3cb1a**********,114.0772485130285,22.54784519209544,,POINT (114.0772485130285 22.546972449802485)
2021-01-01 22:32:39,22.547034201975848,2021-01-01 22:34:10,114.07252325785583,4b9d871dd08e99c05e3627**********,114.07731030677138,22.547906930891944,,POINT (114.07731030677138 22.547034201975848)
2021-01-01 22:34:29,22.568513973734223,2021-01-01 22:39:54,114.04333986911081,24eb47a4441baf3a02c42b**********,114.04708242623086,22.567797963819956,,POINT (114.04708242623086 22.568513973734223)
2021-01-01 22:34:29,22.568438530956037,2021-01-01 22:39:54,114.0432643912503,2cb8e6cf5262b1175a877e**********,114.04700693737018,22.56772253123143,,POINT (114.04700693737018 22.568438530956037)
2021-01-01 22:35:47,22.627987889235158,2021-01-01 23:04:41,114.05605295858861,22b10357b5f5842eda2fff**********,114.05582526409408,22.625850103692006,,POINT (114.05582526409408 22.627987889235158)
2021-01-01 22:36:43,22.607831973095582,2021-01-01 23:06:33,114.0356602906102,d7544b45ef0c946cba053d**********,114.03972374557719,22.620950914636648,,POINT (114.03972374557719 22.607831973095582)
2021-01-01 22:36:48,22.541360409756535,2021-01-01 22:48:17,114.11300086735156,6575d5d8834cfe8f28320c**********,114.1139266528168,22.545349167967053,,POINT (114.1139266528168 22.541360409756535)
2021-01-01 22:36:58,22.575045290603445,2021-01-01 22:42:39,114.13730886527179,82d4f9b9bc673777ac020c**********,114.1317080597066,22.571683846681527,,POINT (114.1317080597066 22.575045290603445)
2021-01-01 22:37:38,22.585361106341956,2021-01-01 22:53:56,113.88361898181613,8058e12eb3a2f96fe38590**********,113.90137182604633,22.58949201277919,,POINT (113.90137182604633 22.585361106341956)
2021-01-01 22:37:38,22.585357207557887,2021-01-01 22:53:56,113.88361507697346,4a7d3e099aab61d790f54d**********,113.90136792434576,22.589488111065425,,POINT (113.90136792434576 22.585357207557887)
2021-01-01 22:38:57,22.59630418280405,2021-01-01 22:49:54,113.99656354503641,2edf4c774d60f20d4c788a**********,113.99647938961022,22.596316255328677,,POINT (113.99647938961022 22.59630418280405)
2021-01-01 22:39:08,22.598226215274355,2021-01-01 22:43:24,114.30878158392869,9132920dc0e46d81d50e5c**********,114.30421636515251,22.601583772692432,,POINT (114.30421636515251 22.598226215274355)
2021-01-01 22:39:08,22.5982266145123,2021-01-01 22:43:24,114.30878198333747,b5da433e6223943f026a27**********,114.30421676458853,22.601584171905262,,POINT (114.30421676458853 22.5982266145123)
2021-01-01 22:40:56,22.538803026903622,2021-01-01 22:53:02,113.99042900642202,4b981fca6f6908d53b235a**********,113.97128871585771,22.535288396156947,,POINT (113.97128871585771 22.538803026903622)
2021-01-01 22:44:55,22.524605906524883,2021-01-01 22:50:17,114.04815332657759,f135631203be64504a2cfa**********,114.04277142847171,22.52502704624893,,POINT (114.04277142847171 22.524605906524883)
2021-01-01 22:46:07,22.5113047287232,2021-01-01 23:04:22,113.8856409417992,470afc2826cd55bf55b90a**********,113.8827236667877,22.497433351301044,,POINT (113.8827236667877 22.5113047287232)
2021-01-01 22:46:57,22.523933221536232,2021-01-01 22:58:35,113.92484881653405,6828f4a58fca227eaa69fd**********,113.92874747018968,22.51289255037755,,POINT (113.92874747018968 22.523933221536232)
2021-01-01 22:47:50,22.697637340545917,2021-01-01 23:56:48,114.12778351773605,28edaa9a823b51be3b266c**********,114.12659787805929,22.628741740904832,,POINT (114.12659787805929 22.697637340545917)
2021-01-01 22:52:59,22.63890799299074,2021-01-01 23:04:44,114.01722826842249,b01485d8e6ef724712708c**********,114.01581007546439,22.64685906644402,,POINT (114.01581007546439 22.63890799299074)
2021-01-01 22:53:05,22.496811677239773,2021-01-01 23:12:52,113.90828257540333,e29fbca33ec3de27f5699a**********,113.88325263377524,22.517996186933143,,POINT (113.88325263377524 22.496811677239773)
2021-01-01 22:53:05,22.49683699179861,2021-01-01 23:12:52,113.90830787804742,0598866f098d7ffb3b33c5**********,113.88327796555927,22.518021473410766,,POINT (113.88327796555927 22.49683699179861)
2021-01-01 22:53:29,22.543176789639386,2021-01-01 22:54:53,114.10000790349702,a4c75792a7e259de019b01**********,114.10019255727997,22.543351161929245,,POINT (114.10019255727997 22.543176789639386)
2021-01-01 22:54:53,22.67694892013599,2021-01-01 23:14:19,113.97467798958118,4c07193ba0a92d7fe8178a**********,113.98954909113759,22.69220098442415,,POINT (113.98954909113759 22.67694892013599)
2021-01-01 22:54:53,22.67690974788431,2021-01-01 23:14:19,113.97463878461139,f5f01b3d7b366cfbc02444**********,113.98950989283851,22.692161806576824,,POINT (113.98950989283851 22.67690974788431)
2021-01-01 22:55:42,22.688872406480776,2021-01-01 23:01:36,113.95741211801037,f171edf7ee562d82154c4b**********,113.95012283077173,22.686539989465018,,POINT (113.95012283077173 22.688872406480776)
2021-01-01 22:56:08,22.556567672374662,2021-01-01 22:59:56,113.8764849244668,3bffd0281c7206143e15b2**********,113.88078301908286,22.557397283961272,,POINT (113.88078301908286 22.556567672374662)
2021-01-01 22:56:08,22.556475617600903,2021-01-01 22:59:56,113.87639278330225,774ac1e87e18b6797787b2**********,113.88069089378233,22.5573052143453,,POINT (113.88069089378233 22.556475617600903)
2021-01-01 22:56:32,22.672329837153804,2021-01-01 23:06:16,114.0391792730024,31ce5ec10d951450eb5f9a**********,114.03926309481352,22.659243034365815,,POINT (114.03926309481352 22.672329837153804)
2021-01-01 22:57:24,22.683600990879242,2021-01-01 23:12:22,113.94294387386613,9721ce2298c11f5f192b7c**********,113.93004719649353,22.683498487038268,,POINT (113.93004719649353 22.683600990879242)
2021-01-01 22:59:27,22.548453431553,2021-01-01 23:06:01,113.91055104478465,adf7333a1b63889213c44f**********,113.90946881956356,22.537782767820016,,POINT (113.90946881956356 22.548453431553)
2021-01-01 23:00:17,22.620002286594183,2021-01-01 23:09:31,114.03982217528184,bd1a614a7290b675ae726a**********,114.03417761749408,22.61219461448988,,POINT (114.03417761749408 22.620002286594183)
2021-01-01 23:01:17,22.521879339613555,2021-01-01 23:03:39,113.96064563145293,4b3d428dd903a77ed6d823**********,113.96067799601481,22.52188193235697,,POINT (113.96067799601481 22.521879339613555)
2021-01-01 23:01:22,22.683021986951847,2021-01-01 23:12:30,113.94298376630707,6d9195b7c24796d374ae1a**********,113.93301956004414,22.683829479257724,,POINT (113.93301956004414 22.683021986951847)
2021-01-01 23:01:38,22.67456335186302,2021-01-01 23:11:14,114.00946575969147,0e260a9f6a777b42681159**********,114.00968998141003,22.674259702881127,,POINT (114.00968998141003 22.67456335186302)
2021-01-01 23:05:01,22.663729980439438,2021-01-01 23:08:43,114.02144755699804,8a2e185311acdf95ca48af**********,114.02105853317053,22.660912560057746,,POINT (114.02105853317053 22.663729980439438)
2021-01-01 23:05:46,22.53134922097742,2021-01-01 23:20:07,114.04580980645707,32ded20a8b538656441949**********,114.02448151809966,22.518916577835395,,POINT (114.02448151809966 22.53134922097742)
2021-01-01 23:06:05,22.65780723971078,2021-01-01 23:11:01,114.03762018394544,a946149e516b48292b9e50**********,114.03224552610406,22.65099954435106,,POINT (114.03224552610406 22.65780723971078)
2021-01-01 23:06:05,22.657747600117272,2021-01-01 23:11:01,114.03756049299336,db44dec44afbb7810753d2**********,114.03218584568242,22.650939894477947,,POINT (114.03218584568242 22.657747600117272)
2021-01-01 23:06:39,22.55146765627237,2021-01-01 23:23:04,114.10545525070746,da55b7edb7daddde476d8f**********,114.1073846288653,22.557692891008532,,POINT (114.1073846288653 22.55146765627237)
2021-01-01 23:07:16,22.554331883821188,2021-01-01 23:13:26,114.224111337834,fdae102906d30037906979**********,114.22922169341872,22.55497267189555,,POINT (114.22922169341872 22.554331883821188)
2021-01-01 23:09:23,22.626594003546913,2021-01-01 23:15:41,114.02351937531361,ea1b447ae7f21de6c0e849**********,114.01659113744698,22.633269176998414,,POINT (114.01659113744698 22.626594003546913)
2021-01-01 23:09:23,22.626653224726002,2021-01-01 23:15:41,114.0235786422414,7911b59476af8c6681040e**********,114.0166503954062,22.63332840605215,,POINT (114.0166503954062 22.626653224726002)
2021-01-01 23:13:13,22.695077101561115,2021-01-01 23:20:22,113.81542758181614,e8edb976e6c2257fd05e09**********,113.80696880455766,22.696626110008623,,POINT (113.80696880455766 22.695077101561115)
2021-01-01 23:13:43,22.572844555987867,2021-01-01 23:24:07,114.04857350177873,ee2062250dbeb1eef40246**********,114.0383146659932,22.571325877372175,,POINT (114.0383146659932 22.572844555987867)
2021-01-01 23:15:31,22.54911603648666,2021-01-01 23:28:15,114.12418359527611,4861058881cb3efa36f575**********,114.11642598752564,22.558739828156,,POINT (114.11642598752564 22.54911603648666)
2021-01-01 23:15:31,22.549149765822406,2021-01-01 23:28:15,114.1242173603993,5e664bc3729571f839c80e**********,114.11645974339196,22.55877356577249,,POINT (114.11645974339196 22.549149765822406)
2021-01-01 23:16:02,22.54080135260466,2021-01-02 00:07:13,114.07206327637996,26b9a379ea1abca782dc4b**********,114.08529197551114,22.547883999649738,,POINT (114.08529197551114 22.54080135260466)
2021-01-01 23:19:01,22.525408051911185,2021-01-01 23:25:26,114.0442419795745,33736962b91b2aa5006815**********,114.04772725581562,22.52594505305902,,POINT (114.04772725581562 22.525408051911185)
2021-01-01 23:19:46,22.525491859113686,2021-01-01 23:25:14,114.04391952087867,66947293fdf5cfa70a4074**********,114.04778819637822,22.52609550169363,,POINT (114.04778819637822 22.525491859113686)
2021-01-01 23:20:05,22.60408737033579,2021-01-01 23:30:08,114.03476466077855,7be861391a48e5b1e2f172**********,114.03914635909287,22.61603216832464,,POINT (114.03914635909287 22.60408737033579)
2021-01-01 23:22:22,22.626762560392873,2021-01-01 23:29:47,114.06487675127455,cc9c905e3e1a5fe66b8ac4**********,114.05559416538186,22.624986852950823,,POINT (114.05559416538186 22.626762560392873)
2021-01-01 23:23:54,22.672300414754886,2021-01-01 23:30:22,114.0255210889727,3102a283f777bdd41e52ea**********,114.0275655570524,22.67626190763703,,POINT (114.0275655570524 22.672300414754886)
2021-01-01 23:29:57,22.67083337539402,2021-01-02 00:02:34,114.02394441528651,58f215e60235dfe7e85228**********,114.04780627564452,22.67204613647368,,POINT (114.04780627564452 22.67083337539402)
2021-01-01 23:30:27,22.61597477302741,2021-01-01 23:51:59,114.02906634490566,774f389e4877a579155104**********,114.03751995611309,22.620274439085314,,POINT (114.03751995611309 22.61597477302741)
2021-01-01 23:30:27,22.615977266851058,2021-01-01 23:51:59,114.02906883967329,d40c3409b38288d874826b**********,114.0375224515495,22.620276932272734,,POINT (114.0375224515495 22.615977266851058)
2021-01-01 23:32:01,22.63873522058646,2021-01-01 23:40:52,114.04876983400102,0690afec96d35d83950fd4**********,114.04571083878882,22.647806266451486,,POINT (114.04571083878882 22.63873522058646)
2021-01-01 23:32:01,22.63875288135801,2021-01-01 23:40:52,114.04878750920237,6b744ca037b363e9fb355c**********,114.04572851182698,22.647823929050578,,POINT (114.04572851182698 22.63875288135801)
2021-01-01 23:34:14,22.611615070975848,2021-01-01 23:51:11,114.12274682552517,b254a8165cc6676302fc45**********,114.11460885247463,22.625590999996408,,POINT (114.11460885247463 22.611615070975848)
2021-01-01 23:34:14,22.6115180008361,2021-01-01 23:51:11,114.12264964287631,fc397d596b55c4be64c632**********,114.11451169857588,22.625493904519054,,POINT (114.11451169857588 22.6115180008361)
2021-01-01 23:35:38,22.55290664480441,2021-01-01 23:47:12,114.12955157546641,7a0d89a73c416bcf163347**********,114.1184665170476,22.55541375999075,,POINT (114.1184665170476 22.55290664480441)
2021-01-01 23:35:38,22.552983216512892,2021-01-01 23:47:12,114.12962823617352,4dd4bf8bd86cfd6c4eb23a**********,114.1185431497177,22.55549035785711,,POINT (114.1185431497177 22.552983216512892)
2021-01-01 23:35:38,22.552983216512892,2021-01-01 23:47:12,114.12962823617352,e85eec5a7016caeb5f9faa**********,114.1185431497177,22.55549035785711,,POINT (114.1185431497177 22.552983216512892)
2021-01-01 23:35:43,22.534262952959732,2021-01-01 23:55:10,114.02302034999033,0bbe553295d094f1fecf09**********,114.04779390760811,22.52477716119191,,POINT (114.04779390760811 22.534262952959732)
2021-01-01 23:39:14,22.51899848688418,2021-01-01 23:50:52,114.04025727229211,5595a134bc946ee4e8953d**********,114.04564666912619,22.530265906492637,,POINT (114.04564666912619 22.51899848688418)
2021-01-01 23:43:05,22.57827711574236,2021-01-01 23:51:43,113.85206418589271,ef3a24537547cd5c62313d**********,113.85685706499663,22.570436330239353,,POINT (113.85685706499663 22.57827711574236)
2021-01-01 23:43:30,22.563469814054216,2021-01-01 23:53:28,113.89709446198334,101383d6eed99bc309b590**********,113.90017086556722,22.569815010804717,,POINT (113.90017086556722 22.563469814054216)
2021-01-01 23:47:50,22.579534903442735,2021-01-02 00:02:47,113.87094257895343,52ece39e3cc3484c83f78c**********,113.85665556242644,22.584896538924717,,POINT (113.85665556242644 22.579534903442735)
2021-01-01 23:53:15,22.511946822811147,2021-01-02 00:09:48,114.04764702997963,da58b3626ce89f3610a520**********,114.04858972709975,22.52550985499042,,POINT (114.04858972709975 22.511946822811147)
2021-01-01 23:55:16,22.68203762378009,2021-01-01 23:57:59,113.93983741440053,d041d136d33a6af09beebb**********,113.94509190751107,22.682375085886246,,POINT (113.94509190751107 22.68203762378009)
2021-01-01 23:56:08,22.57079272588168,2021-01-02 00:07:14,113.88260627743618,75fffee9f57096d7e92d82**********,113.89813538399002,22.58258177060605,,POINT (113.89813538399002 22.57079272588168)
2021-01-01 23:57:26,22.550107949821793,2021-01-02 00:32:05,114.12369780874099,ccfbdd777a04f8879435af**********,114.12260340720474,22.552295831385567,,POINT (114.12260340720474 22.550107949821793)
