格网左下角经度（度）,格网右上角纬度（度）,格网相对Y坐标,格网相对X坐标,格网ID（唯一）,格网左下角纬度（度）,格网右上角经度（度）,格网编码
"1.142333E+002","2.2559999999999999E+001",15,50,1430,"2.2550000000000001E+001","1.142433E+002","50,15"
"1.142433E+002","2.2420000000000002E+001",1,51,143,"2.241E+001","1.142533E+002","51,1"
"1.1422329999999999E+002","2.2559999999999999E+001",15,49,1429,"2.2550000000000001E+001","1.142333E+002","49,15"
"1.142133E+002","2.2559999999999999E+001",15,48,1428,"2.2550000000000001E+001","1.1422329999999999E+002","48,15"
"1.142033E+002","2.2559999999999999E+001",15,47,1427,"2.2550000000000001E+001","1.142133E+002","47,15"
"1.1419329999999999E+002","2.2559999999999999E+001",15,46,1426,"2.2550000000000001E+001","1.142033E+002","46,15"
"1.141833E+002","2.2559999999999999E+001",15,45,1425,"2.2550000000000001E+001","1.1419329999999999E+002","45,15"
"1.141733E+002","2.2559999999999999E+001",15,44,1424,"2.2550000000000001E+001","1.141833E+002","44,15"
"1.1416330000000001E+002","2.2559999999999999E+001",15,43,1423,"2.2550000000000001E+001","1.141733E+002","43,15"
"1.141533E+002","2.2559999999999999E+001",15,42,1422,"2.2550000000000001E+001","1.1416330000000001E+002","42,15"
"1.141433E+002","2.2559999999999999E+001",15,41,1421,"2.2550000000000001E+001","1.141533E+002","41,15"
"1.1413330000000001E+002","2.2559999999999999E+001",15,40,1420,"2.2550000000000001E+001","1.141433E+002","40,15"
"1.142333E+002","2.2420000000000002E+001",1,50,142,"2.241E+001","1.142433E+002","50,1"
"1.141233E+002","2.2559999999999999E+001",15,39,1419,"2.2550000000000001E+001","1.1413330000000001E+002","39,15"
"1.141133E+002","2.2559999999999999E+001",15,38,1418,"2.2550000000000001E+001","1.141233E+002","38,15"
"1.141033E+002","2.2559999999999999E+001",15,37,1417,"2.2550000000000001E+001","1.141133E+002","37,15"
"1.140933E+002","2.2559999999999999E+001",15,36,1416,"2.2550000000000001E+001","1.141033E+002","36,15"
"1.1408329999999999E+002","2.2559999999999999E+001",15,35,1415,"2.2550000000000001E+001","1.140933E+002","35,15"
"1.140733E+002","2.2559999999999999E+001",15,34,1414,"2.2550000000000001E+001","1.1408329999999999E+002","34,15"
"1.140633E+002","2.2559999999999999E+001",15,33,1413,"2.2550000000000001E+001","1.140733E+002","33,15"
"1.1405329999999999E+002","2.2559999999999999E+001",15,32,1412,"2.2550000000000001E+001","1.140633E+002","32,15"
"1.140433E+002","2.2559999999999999E+001",15,31,1411,"2.2550000000000001E+001","1.1405329999999999E+002","31,15"
"1.140333E+002","2.2559999999999999E+001",15,30,1410,"2.2550000000000001E+001","1.140433E+002","30,15"
"1.1422329999999999E+002","2.2420000000000002E+001",1,49,141,"2.241E+001","1.142333E+002","49,1"
"1.1402330000000001E+002","2.2559999999999999E+001",15,29,1409,"2.2550000000000001E+001","1.140333E+002","29,15"
"1.140133E+002","2.2559999999999999E+001",15,28,1408,"2.2550000000000001E+001","1.1402330000000001E+002","28,15"
"1.140033E+002","2.2559999999999999E+001",15,27,1407,"2.2550000000000001E+001","1.140133E+002","27,15"
"1.139933E+002","2.2559999999999999E+001",15,26,1406,"2.2550000000000001E+001","1.140033E+002","26,15"
"1.139833E+002","2.2559999999999999E+001",15,25,1405,"2.2550000000000001E+001","1.139933E+002","25,15"
"1.1397329999999999E+002","2.2559999999999999E+001",15,24,1404,"2.2550000000000001E+001","1.139833E+002","24,15"
"1.139633E+002","2.2559999999999999E+001",15,23,1403,"2.2550000000000001E+001","1.1397329999999999E+002","23,15"
"1.139533E+002","2.2559999999999999E+001",15,22,1402,"2.2550000000000001E+001","1.139633E+002","22,15"
"1.1394329999999999E+002","2.2559999999999999E+001",15,21,1401,"2.2550000000000001E+001","1.139533E+002","21,15"
"1.139333E+002","2.2559999999999999E+001",15,20,1400,"2.2550000000000001E+001","1.1394329999999999E+002","20,15"
"1.142133E+002","2.2420000000000002E+001",1,48,140,"2.241E+001","1.1422329999999999E+002","48,1"
"1.138733E+002","2.241E+001",0,14,14,"2.2399999999999999E+001","1.1388330000000001E+002","14,0"
"1.139233E+002","2.2559999999999999E+001",15,19,1399,"2.2550000000000001E+001","1.139333E+002","19,15"
"1.1391330000000001E+002","2.2559999999999999E+001",15,18,1398,"2.2550000000000001E+001","1.139233E+002","18,15"
"1.139033E+002","2.2559999999999999E+001",15,17,1397,"2.2550000000000001E+001","1.1391330000000001E+002","17,15"
"1.138933E+002","2.2559999999999999E+001",15,16,1396,"2.2550000000000001E+001","1.139033E+002","16,15"
"1.1388330000000001E+002","2.2559999999999999E+001",15,15,1395,"2.2550000000000001E+001","1.138933E+002","15,15"
"1.138733E+002","2.2559999999999999E+001",15,14,1394,"2.2550000000000001E+001","1.1388330000000001E+002","14,15"
"1.138633E+002","2.2559999999999999E+001",15,13,1393,"2.2550000000000001E+001","1.138733E+002","13,15"
"1.138533E+002","2.2559999999999999E+001",15,12,1392,"2.2550000000000001E+001","1.138633E+002","12,15"
"1.138433E+002","2.2559999999999999E+001",15,11,1391,"2.2550000000000001E+001","1.138533E+002","11,15"
"1.1383329999999999E+002","2.2559999999999999E+001",15,10,1390,"2.2550000000000001E+001","1.138433E+002","10,15"
"1.142033E+002","2.2420000000000002E+001",1,47,139,"2.241E+001","1.142133E+002","47,1"
"1.138233E+002","2.2559999999999999E+001",15,9,1389,"2.2550000000000001E+001","1.1383329999999999E+002","9,15"
"1.138133E+002","2.2559999999999999E+001",15,8,1388,"2.2550000000000001E+001","1.138233E+002","8,15"
"1.1380329999999999E+002","2.2559999999999999E+001",15,7,1387,"2.2550000000000001E+001","1.138133E+002","7,15"
"1.137933E+002","2.2559999999999999E+001",15,6,1386,"2.2550000000000001E+001","1.1380329999999999E+002","6,15"
"1.137833E+002","2.2559999999999999E+001",15,5,1385,"2.2550000000000001E+001","1.137933E+002","5,15"
"1.1377330000000001E+002","2.2559999999999999E+001",15,4,1384,"2.2550000000000001E+001","1.137833E+002","4,15"
"1.137633E+002","2.2559999999999999E+001",15,3,1383,"2.2550000000000001E+001","1.1377330000000001E+002","3,15"
"1.137533E+002","2.2559999999999999E+001",15,2,1382,"2.2550000000000001E+001","1.137633E+002","2,15"
"1.137433E+002","2.2559999999999999E+001",15,1,1381,"2.2550000000000001E+001","1.137533E+002","1,15"
"1.137333E+002","2.2559999999999999E+001",15,0,1380,"2.2550000000000001E+001","1.137433E+002","0,15"
"1.1419329999999999E+002","2.2420000000000002E+001",1,46,138,"2.241E+001","1.142033E+002","46,1"
"1.146433E+002","2.2550000000000001E+001",14,91,1379,"2.2539999999999999E+001","1.146533E+002","91,14"
"1.1463330000000001E+002","2.2550000000000001E+001",14,90,1378,"2.2539999999999999E+001","1.146433E+002","90,14"
"1.146233E+002","2.2550000000000001E+001",14,89,1377,"2.2539999999999999E+001","1.1463330000000001E+002","89,14"
"1.146133E+002","2.2550000000000001E+001",14,88,1376,"2.2539999999999999E+001","1.146233E+002","88,14"
"1.146033E+002","2.2550000000000001E+001",14,87,1375,"2.2539999999999999E+001","1.146133E+002","87,14"
"1.145933E+002","2.2550000000000001E+001",14,86,1374,"2.2539999999999999E+001","1.146033E+002","86,14"
"1.1458329999999999E+002","2.2550000000000001E+001",14,85,1373,"2.2539999999999999E+001","1.145933E+002","85,14"
"1.145733E+002","2.2550000000000001E+001",14,84,1372,"2.2539999999999999E+001","1.1458329999999999E+002","84,14"
"1.145633E+002","2.2550000000000001E+001",14,83,1371,"2.2539999999999999E+001","1.145733E+002","83,14"
"1.1455329999999999E+002","2.2550000000000001E+001",14,82,1370,"2.2539999999999999E+001","1.145633E+002","82,14"
"1.141833E+002","2.2420000000000002E+001",1,45,137,"2.241E+001","1.1419329999999999E+002","45,1"
"1.145433E+002","2.2550000000000001E+001",14,81,1369,"2.2539999999999999E+001","1.1455329999999999E+002","81,14"
"1.145333E+002","2.2550000000000001E+001",14,80,1368,"2.2539999999999999E+001","1.145433E+002","80,14"
"1.1452330000000001E+002","2.2550000000000001E+001",14,79,1367,"2.2539999999999999E+001","1.145333E+002","79,14"
"1.145133E+002","2.2550000000000001E+001",14,78,1366,"2.2539999999999999E+001","1.1452330000000001E+002","78,14"
"1.145033E+002","2.2550000000000001E+001",14,77,1365,"2.2539999999999999E+001","1.145133E+002","77,14"
"1.144933E+002","2.2550000000000001E+001",14,76,1364,"2.2539999999999999E+001","1.145033E+002","76,14"
"1.144833E+002","2.2550000000000001E+001",14,75,1363,"2.2539999999999999E+001","1.144933E+002","75,14"
"1.142833E+002","2.2600000000000001E+001",19,55,1803,"2.259E+001","1.142933E+002","55,19"
"1.1427330000000001E+002","2.2600000000000001E+001",19,54,1802,"2.259E+001","1.142833E+002","54,19"
"1.142633E+002","2.2600000000000001E+001",19,53,1801,"2.259E+001","1.1427330000000001E+002","53,19"
"1.142533E+002","2.2600000000000001E+001",19,52,1800,"2.259E+001","1.142633E+002","52,19"
"1.146133E+002","2.2420000000000002E+001",1,88,180,"2.241E+001","1.146233E+002","88,1"
"1.1391330000000001E+002","2.241E+001",0,18,18,"2.2399999999999999E+001","1.139233E+002","18,0"
"1.142433E+002","2.2600000000000001E+001",19,51,1799,"2.259E+001","1.142533E+002","51,19"
"1.142333E+002","2.2600000000000001E+001",19,50,1798,"2.259E+001","1.142433E+002","50,19"
"1.1422329999999999E+002","2.2600000000000001E+001",19,49,1797,"2.259E+001","1.142333E+002","49,19"
"1.142133E+002","2.2600000000000001E+001",19,48,1796,"2.259E+001","1.1422329999999999E+002","48,19"
"1.142033E+002","2.2600000000000001E+001",19,47,1795,"2.259E+001","1.142133E+002","47,19"
"1.1419329999999999E+002","2.2600000000000001E+001",19,46,1794,"2.259E+001","1.142033E+002","46,19"
"1.141833E+002","2.2600000000000001E+001",19,45,1793,"2.259E+001","1.1419329999999999E+002","45,19"
"1.141733E+002","2.2600000000000001E+001",19,44,1792,"2.259E+001","1.141833E+002","44,19"
"1.1416330000000001E+002","2.2600000000000001E+001",19,43,1791,"2.259E+001","1.141733E+002","43,19"
"1.141533E+002","2.2600000000000001E+001",19,42,1790,"2.259E+001","1.1416330000000001E+002","42,19"
"1.146033E+002","2.2420000000000002E+001",1,87,179,"2.241E+001","1.146133E+002","87,1"
"1.141433E+002","2.2600000000000001E+001",19,41,1789,"2.259E+001","1.141533E+002","41,19"
"1.1413330000000001E+002","2.2600000000000001E+001",19,40,1788,"2.259E+001","1.141433E+002","40,19"
"1.141233E+002","2.2600000000000001E+001",19,39,1787,"2.259E+001","1.1413330000000001E+002","39,19"
"1.141133E+002","2.2600000000000001E+001",19,38,1786,"2.259E+001","1.141233E+002","38,19"
"1.141033E+002","2.2600000000000001E+001",19,37,1785,"2.259E+001","1.141133E+002","37,19"
"1.140933E+002","2.2600000000000001E+001",19,36,1784,"2.259E+001","1.141033E+002","36,19"
"1.1408329999999999E+002","2.2600000000000001E+001",19,35,1783,"2.259E+001","1.140933E+002","35,19"
"1.140733E+002","2.2600000000000001E+001",19,34,1782,"2.259E+001","1.1408329999999999E+002","34,19"
"1.140633E+002","2.2600000000000001E+001",19,33,1781,"2.259E+001","1.140733E+002","33,19"
"1.1405329999999999E+002","2.2600000000000001E+001",19,32,1780,"2.259E+001","1.140633E+002","32,19"
"1.145933E+002","2.2420000000000002E+001",1,86,178,"2.241E+001","1.146033E+002","86,1"
"1.140433E+002","2.2600000000000001E+001",19,31,1779,"2.259E+001","1.1405329999999999E+002","31,19"
"1.140333E+002","2.2600000000000001E+001",19,30,1778,"2.259E+001","1.140433E+002","30,19"
"1.1402330000000001E+002","2.2600000000000001E+001",19,29,1777,"2.259E+001","1.140333E+002","29,19"
"1.140133E+002","2.2600000000000001E+001",19,28,1776,"2.259E+001","1.1402330000000001E+002","28,19"
"1.140033E+002","2.2600000000000001E+001",19,27,1775,"2.259E+001","1.140133E+002","27,19"
"1.139933E+002","2.2600000000000001E+001",19,26,1774,"2.259E+001","1.140033E+002","26,19"
"1.139833E+002","2.2600000000000001E+001",19,25,1773,"2.259E+001","1.139933E+002","25,19"
"1.1397329999999999E+002","2.2600000000000001E+001",19,24,1772,"2.259E+001","1.139833E+002","24,19"
"1.139633E+002","2.2600000000000001E+001",19,23,1771,"2.259E+001","1.1397329999999999E+002","23,19"
"1.139533E+002","2.2600000000000001E+001",19,22,1770,"2.259E+001","1.139633E+002","22,19"
"1.1458329999999999E+002","2.2420000000000002E+001",1,85,177,"2.241E+001","1.145933E+002","85,1"
"1.1394329999999999E+002","2.2600000000000001E+001",19,21,1769,"2.259E+001","1.139533E+002","21,19"
"1.139333E+002","2.2600000000000001E+001",19,20,1768,"2.259E+001","1.1394329999999999E+002","20,19"
"1.139233E+002","2.2600000000000001E+001",19,19,1767,"2.259E+001","1.139333E+002","19,19"
"1.1391330000000001E+002","2.2600000000000001E+001",19,18,1766,"2.259E+001","1.139233E+002","18,19"
"1.139033E+002","2.2600000000000001E+001",19,17,1765,"2.259E+001","1.1391330000000001E+002","17,19"
"1.138933E+002","2.2600000000000001E+001",19,16,1764,"2.259E+001","1.139033E+002","16,19"
"1.1388330000000001E+002","2.2600000000000001E+001",19,15,1763,"2.259E+001","1.138933E+002","15,19"
"1.138733E+002","2.2600000000000001E+001",19,14,1762,"2.259E+001","1.1388330000000001E+002","14,19"
"1.138633E+002","2.2600000000000001E+001",19,13,1761,"2.259E+001","1.138733E+002","13,19"
"1.138533E+002","2.2600000000000001E+001",19,12,1760,"2.259E+001","1.138633E+002","12,19"
"1.145733E+002","2.2420000000000002E+001",1,84,176,"2.241E+001","1.1458329999999999E+002","84,1"
"1.138433E+002","2.2600000000000001E+001",19,11,1759,"2.259E+001","1.138533E+002","11,19"
"1.1383329999999999E+002","2.2600000000000001E+001",19,10,1758,"2.259E+001","1.138433E+002","10,19"
"1.138233E+002","2.2600000000000001E+001",19,9,1757,"2.259E+001","1.1383329999999999E+002","9,19"
"1.138133E+002","2.2600000000000001E+001",19,8,1756,"2.259E+001","1.138233E+002","8,19"
"1.1380329999999999E+002","2.2600000000000001E+001",19,7,1755,"2.259E+001","1.138133E+002","7,19"
"1.137933E+002","2.2600000000000001E+001",19,6,1754,"2.259E+001","1.1380329999999999E+002","6,19"
"1.137833E+002","2.2600000000000001E+001",19,5,1753,"2.259E+001","1.137933E+002","5,19"
"1.1377330000000001E+002","2.2600000000000001E+001",19,4,1752,"2.259E+001","1.137833E+002","4,19"
"1.137633E+002","2.2600000000000001E+001",19,3,1751,"2.259E+001","1.1377330000000001E+002","3,19"
"1.137533E+002","2.2600000000000001E+001",19,2,1750,"2.259E+001","1.137633E+002","2,19"
"1.145633E+002","2.2420000000000002E+001",1,83,175,"2.241E+001","1.145733E+002","83,1"
"1.137433E+002","2.2600000000000001E+001",19,1,1749,"2.259E+001","1.137533E+002","1,19"
"1.137333E+002","2.2600000000000001E+001",19,0,1748,"2.259E+001","1.137433E+002","0,19"
"1.146433E+002","2.259E+001",18,91,1747,"2.2579999999999998E+001","1.146533E+002","91,18"
"1.1463330000000001E+002","2.259E+001",18,90,1746,"2.2579999999999998E+001","1.146433E+002","90,18"
"1.146233E+002","2.259E+001",18,89,1745,"2.2579999999999998E+001","1.1463330000000001E+002","89,18"
"1.146133E+002","2.259E+001",18,88,1744,"2.2579999999999998E+001","1.146233E+002","88,18"
"1.146033E+002","2.259E+001",18,87,1743,"2.2579999999999998E+001","1.146133E+002","87,18"
"1.145933E+002","2.259E+001",18,86,1742,"2.2579999999999998E+001","1.146033E+002","86,18"
"1.1458329999999999E+002","2.259E+001",18,85,1741,"2.2579999999999998E+001","1.145933E+002","85,18"
"1.145733E+002","2.259E+001",18,84,1740,"2.2579999999999998E+001","1.1458329999999999E+002","84,18"
"1.1455329999999999E+002","2.2420000000000002E+001",1,82,174,"2.241E+001","1.145633E+002","82,1"
"1.145633E+002","2.259E+001",18,83,1739,"2.2579999999999998E+001","1.145733E+002","83,18"
"1.1455329999999999E+002","2.259E+001",18,82,1738,"2.2579999999999998E+001","1.145633E+002","82,18"
"1.145433E+002","2.259E+001",18,81,1737,"2.2579999999999998E+001","1.1455329999999999E+002","81,18"
"1.145333E+002","2.259E+001",18,80,1736,"2.2579999999999998E+001","1.145433E+002","80,18"
"1.1422329999999999E+002","2.2460000000000001E+001",5,49,509,"2.2449999999999999E+001","1.142333E+002","49,5"
"1.142133E+002","2.2460000000000001E+001",5,48,508,"2.2449999999999999E+001","1.1422329999999999E+002","48,5"
"1.142033E+002","2.2460000000000001E+001",5,47,507,"2.2449999999999999E+001","1.142133E+002","47,5"
"1.1419329999999999E+002","2.2460000000000001E+001",5,46,506,"2.2449999999999999E+001","1.142033E+002","46,5"
"1.141833E+002","2.2460000000000001E+001",5,45,505,"2.2449999999999999E+001","1.1419329999999999E+002","45,5"
"1.141733E+002","2.2460000000000001E+001",5,44,504,"2.2449999999999999E+001","1.141833E+002","44,5"
"1.1416330000000001E+002","2.2460000000000001E+001",5,43,503,"2.2449999999999999E+001","1.141733E+002","43,5"
"1.141533E+002","2.2460000000000001E+001",5,42,502,"2.2449999999999999E+001","1.1416330000000001E+002","42,5"
"1.141433E+002","2.2460000000000001E+001",5,41,501,"2.2449999999999999E+001","1.141533E+002","41,5"
"1.1413330000000001E+002","2.2460000000000001E+001",5,40,500,"2.2449999999999999E+001","1.141433E+002","40,5"
"1.142333E+002","2.241E+001",0,50,50,"2.2399999999999999E+001","1.142433E+002","50,0"
"1.137833E+002","2.241E+001",0,5,5,"2.2399999999999999E+001","1.137933E+002","5,0"
"1.141233E+002","2.2460000000000001E+001",5,39,499,"2.2449999999999999E+001","1.1413330000000001E+002","39,5"
"1.141133E+002","2.2460000000000001E+001",5,38,498,"2.2449999999999999E+001","1.141233E+002","38,5"
"1.141033E+002","2.2460000000000001E+001",5,37,497,"2.2449999999999999E+001","1.141133E+002","37,5"
"1.140933E+002","2.2460000000000001E+001",5,36,496,"2.2449999999999999E+001","1.141033E+002","36,5"
"1.1408329999999999E+002","2.2460000000000001E+001",5,35,495,"2.2449999999999999E+001","1.140933E+002","35,5"
"1.140733E+002","2.2460000000000001E+001",5,34,494,"2.2449999999999999E+001","1.1408329999999999E+002","34,5"
"1.140633E+002","2.2460000000000001E+001",5,33,493,"2.2449999999999999E+001","1.140733E+002","33,5"
"1.1405329999999999E+002","2.2460000000000001E+001",5,32,492,"2.2449999999999999E+001","1.140633E+002","32,5"
"1.140433E+002","2.2460000000000001E+001",5,31,491,"2.2449999999999999E+001","1.1405329999999999E+002","31,5"
"1.140333E+002","2.2460000000000001E+001",5,30,490,"2.2449999999999999E+001","1.140433E+002","30,5"
"1.1422329999999999E+002","2.241E+001",0,49,49,"2.2399999999999999E+001","1.142333E+002","49,0"
"1.1402330000000001E+002","2.2460000000000001E+001",5,29,489,"2.2449999999999999E+001","1.140333E+002","29,5"
"1.140133E+002","2.2460000000000001E+001",5,28,488,"2.2449999999999999E+001","1.1402330000000001E+002","28,5"
"1.140033E+002","2.2460000000000001E+001",5,27,487,"2.2449999999999999E+001","1.140133E+002","27,5"
"1.139933E+002","2.2460000000000001E+001",5,26,486,"2.2449999999999999E+001","1.140033E+002","26,5"
"1.139833E+002","2.2460000000000001E+001",5,25,485,"2.2449999999999999E+001","1.139933E+002","25,5"
"1.1397329999999999E+002","2.2460000000000001E+001",5,24,484,"2.2449999999999999E+001","1.139833E+002","24,5"
"1.139633E+002","2.2460000000000001E+001",5,23,483,"2.2449999999999999E+001","1.1397329999999999E+002","23,5"
"1.139533E+002","2.2460000000000001E+001",5,22,482,"2.2449999999999999E+001","1.139633E+002","22,5"
"1.1394329999999999E+002","2.2460000000000001E+001",5,21,481,"2.2449999999999999E+001","1.139533E+002","21,5"
"1.139333E+002","2.2460000000000001E+001",5,20,480,"2.2449999999999999E+001","1.1394329999999999E+002","20,5"
"1.142133E+002","2.241E+001",0,48,48,"2.2399999999999999E+001","1.1422329999999999E+002","48,0"
"1.139233E+002","2.2460000000000001E+001",5,19,479,"2.2449999999999999E+001","1.139333E+002","19,5"
"1.1391330000000001E+002","2.2460000000000001E+001",5,18,478,"2.2449999999999999E+001","1.139233E+002","18,5"
"1.139033E+002","2.2460000000000001E+001",5,17,477,"2.2449999999999999E+001","1.1391330000000001E+002","17,5"
"1.138933E+002","2.2460000000000001E+001",5,16,476,"2.2449999999999999E+001","1.139033E+002","16,5"
"1.1388330000000001E+002","2.2460000000000001E+001",5,15,475,"2.2449999999999999E+001","1.138933E+002","15,5"
"1.138733E+002","2.2460000000000001E+001",5,14,474,"2.2449999999999999E+001","1.1388330000000001E+002","14,5"
"1.138633E+002","2.2460000000000001E+001",5,13,473,"2.2449999999999999E+001","1.138733E+002","13,5"
"1.138533E+002","2.2460000000000001E+001",5,12,472,"2.2449999999999999E+001","1.138633E+002","12,5"
"1.138433E+002","2.2460000000000001E+001",5,11,471,"2.2449999999999999E+001","1.138533E+002","11,5"
"1.1383329999999999E+002","2.2460000000000001E+001",5,10,470,"2.2449999999999999E+001","1.138433E+002","10,5"
"1.142033E+002","2.241E+001",0,47,47,"2.2399999999999999E+001","1.142133E+002","47,0"
"1.138233E+002","2.2460000000000001E+001",5,9,469,"2.2449999999999999E+001","1.1383329999999999E+002","9,5"
"1.138133E+002","2.2460000000000001E+001",5,8,468,"2.2449999999999999E+001","1.138233E+002","8,5"
"1.1380329999999999E+002","2.2460000000000001E+001",5,7,467,"2.2449999999999999E+001","1.138133E+002","7,5"
"1.137933E+002","2.2460000000000001E+001",5,6,466,"2.2449999999999999E+001","1.1380329999999999E+002","6,5"
"1.137833E+002","2.2460000000000001E+001",5,5,465,"2.2449999999999999E+001","1.137933E+002","5,5"
"1.1377330000000001E+002","2.2460000000000001E+001",5,4,464,"2.2449999999999999E+001","1.137833E+002","4,5"
"1.137633E+002","2.2460000000000001E+001",5,3,463,"2.2449999999999999E+001","1.1377330000000001E+002","3,5"
"1.137533E+002","2.2460000000000001E+001",5,2,462,"2.2449999999999999E+001","1.137633E+002","2,5"
"1.137433E+002","2.2460000000000001E+001",5,1,461,"2.2449999999999999E+001","1.137533E+002","1,5"
"1.137333E+002","2.2460000000000001E+001",5,0,460,"2.2449999999999999E+001","1.137433E+002","0,5"
"1.1419329999999999E+002","2.241E+001",0,46,46,"2.2399999999999999E+001","1.142033E+002","46,0"
"1.146433E+002","2.2449999999999999E+001",4,91,459,"2.2440000000000001E+001","1.146533E+002","91,4"
"1.1463330000000001E+002","2.2449999999999999E+001",4,90,458,"2.2440000000000001E+001","1.146433E+002","90,4"
"1.146233E+002","2.2449999999999999E+001",4,89,457,"2.2440000000000001E+001","1.1463330000000001E+002","89,4"
"1.146133E+002","2.2449999999999999E+001",4,88,456,"2.2440000000000001E+001","1.146233E+002","88,4"
"1.146033E+002","2.2449999999999999E+001",4,87,455,"2.2440000000000001E+001","1.146133E+002","87,4"
"1.145933E+002","2.2449999999999999E+001",4,86,454,"2.2440000000000001E+001","1.146033E+002","86,4"
"1.1458329999999999E+002","2.2449999999999999E+001",4,85,453,"2.2440000000000001E+001","1.145933E+002","85,4"
"1.145733E+002","2.2449999999999999E+001",4,84,452,"2.2440000000000001E+001","1.1458329999999999E+002","84,4"
"1.145633E+002","2.2449999999999999E+001",4,83,451,"2.2440000000000001E+001","1.145733E+002","83,4"
"1.1455329999999999E+002","2.2449999999999999E+001",4,82,450,"2.2440000000000001E+001","1.145633E+002","82,4"
"1.141833E+002","2.241E+001",0,45,45,"2.2399999999999999E+001","1.1419329999999999E+002","45,0"
"1.145433E+002","2.2449999999999999E+001",4,81,449,"2.2440000000000001E+001","1.1455329999999999E+002","81,4"
"1.145333E+002","2.2449999999999999E+001",4,80,448,"2.2440000000000001E+001","1.145433E+002","80,4"
"1.1452330000000001E+002","2.2449999999999999E+001",4,79,447,"2.2440000000000001E+001","1.145333E+002","79,4"
"1.145133E+002","2.2449999999999999E+001",4,78,446,"2.2440000000000001E+001","1.1452330000000001E+002","78,4"
"1.145033E+002","2.2449999999999999E+001",4,77,445,"2.2440000000000001E+001","1.145133E+002","77,4"
"1.141033E+002","2.243E+001",2,37,221,"2.2420000000000002E+001","1.141133E+002","37,2"
"1.137433E+002","2.2649999999999999E+001",24,1,2209,"2.2640000000000001E+001","1.137533E+002","1,24"
"1.137333E+002","2.2649999999999999E+001",24,0,2208,"2.2640000000000001E+001","1.137433E+002","0,24"
"1.146433E+002","2.2640000000000001E+001",23,91,2207,"2.2629999999999999E+001","1.146533E+002","91,23"
"1.1463330000000001E+002","2.2640000000000001E+001",23,90,2206,"2.2629999999999999E+001","1.146433E+002","90,23"
"1.146233E+002","2.2640000000000001E+001",23,89,2205,"2.2629999999999999E+001","1.1463330000000001E+002","89,23"
"1.146133E+002","2.2640000000000001E+001",23,88,2204,"2.2629999999999999E+001","1.146233E+002","88,23"
"1.146033E+002","2.2640000000000001E+001",23,87,2203,"2.2629999999999999E+001","1.146133E+002","87,23"
"1.145933E+002","2.2640000000000001E+001",23,86,2202,"2.2629999999999999E+001","1.146033E+002","86,23"
"1.1458329999999999E+002","2.2640000000000001E+001",23,85,2201,"2.2629999999999999E+001","1.145933E+002","85,23"
"1.145733E+002","2.2640000000000001E+001",23,84,2200,"2.2629999999999999E+001","1.1458329999999999E+002","84,23"
"1.140933E+002","2.243E+001",2,36,220,"2.2420000000000002E+001","1.141033E+002","36,2"
"1.139533E+002","2.241E+001",0,22,22,"2.2399999999999999E+001","1.139633E+002","22,0"
"1.145633E+002","2.2640000000000001E+001",23,83,2199,"2.2629999999999999E+001","1.145733E+002","83,23"
"1.1455329999999999E+002","2.2640000000000001E+001",23,82,2198,"2.2629999999999999E+001","1.145633E+002","82,23"
"1.145433E+002","2.2640000000000001E+001",23,81,2197,"2.2629999999999999E+001","1.1455329999999999E+002","81,23"
"1.145333E+002","2.2640000000000001E+001",23,80,2196,"2.2629999999999999E+001","1.145433E+002","80,23"
"1.1452330000000001E+002","2.2640000000000001E+001",23,79,2195,"2.2629999999999999E+001","1.145333E+002","79,23"
"1.145133E+002","2.2640000000000001E+001",23,78,2194,"2.2629999999999999E+001","1.1452330000000001E+002","78,23"
"1.145033E+002","2.2640000000000001E+001",23,77,2193,"2.2629999999999999E+001","1.145133E+002","77,23"
"1.144933E+002","2.2640000000000001E+001",23,76,2192,"2.2629999999999999E+001","1.145033E+002","76,23"
"1.144833E+002","2.2640000000000001E+001",23,75,2191,"2.2629999999999999E+001","1.144933E+002","75,23"
"1.1447329999999999E+002","2.2640000000000001E+001",23,74,2190,"2.2629999999999999E+001","1.144833E+002","74,23"
"1.1408329999999999E+002","2.243E+001",2,35,219,"2.2420000000000002E+001","1.140933E+002","35,2"
"1.144633E+002","2.2640000000000001E+001",23,73,2189,"2.2629999999999999E+001","1.1447329999999999E+002","73,23"
"1.144533E+002","2.2640000000000001E+001",23,72,2188,"2.2629999999999999E+001","1.144633E+002","72,23"
"1.1444329999999999E+002","2.2640000000000001E+001",23,71,2187,"2.2629999999999999E+001","1.144533E+002","71,23"
"1.144333E+002","2.2640000000000001E+001",23,70,2186,"2.2629999999999999E+001","1.1444329999999999E+002","70,23"
"1.144233E+002","2.2640000000000001E+001",23,69,2185,"2.2629999999999999E+001","1.144333E+002","69,23"
"1.1441330000000001E+002","2.2640000000000001E+001",23,68,2184,"2.2629999999999999E+001","1.144233E+002","68,23"
"1.144033E+002","2.2640000000000001E+001",23,67,2183,"2.2629999999999999E+001","1.1441330000000001E+002","67,23"
"1.143933E+002","2.2640000000000001E+001",23,66,2182,"2.2629999999999999E+001","1.144033E+002","66,23"
"1.1438330000000001E+002","2.2640000000000001E+001",23,65,2181,"2.2629999999999999E+001","1.143933E+002","65,23"
"1.143733E+002","2.2640000000000001E+001",23,64,2180,"2.2629999999999999E+001","1.1438330000000001E+002","64,23"
"1.140733E+002","2.243E+001",2,34,218,"2.2420000000000002E+001","1.1408329999999999E+002","34,2"
"1.143633E+002","2.2640000000000001E+001",23,63,2179,"2.2629999999999999E+001","1.143733E+002","63,23"
"1.143533E+002","2.2640000000000001E+001",23,62,2178,"2.2629999999999999E+001","1.143633E+002","62,23"
"1.143433E+002","2.2640000000000001E+001",23,61,2177,"2.2629999999999999E+001","1.143533E+002","61,23"
"1.1433329999999999E+002","2.2640000000000001E+001",23,60,2176,"2.2629999999999999E+001","1.143433E+002","60,23"
"1.143233E+002","2.2640000000000001E+001",23,59,2175,"2.2629999999999999E+001","1.1433329999999999E+002","59,23"
"1.143133E+002","2.2640000000000001E+001",23,58,2174,"2.2629999999999999E+001","1.143233E+002","58,23"
"1.1430329999999999E+002","2.2640000000000001E+001",23,57,2173,"2.2629999999999999E+001","1.143133E+002","57,23"
"1.142933E+002","2.2640000000000001E+001",23,56,2172,"2.2629999999999999E+001","1.1430329999999999E+002","56,23"
"1.142833E+002","2.2640000000000001E+001",23,55,2171,"2.2629999999999999E+001","1.142933E+002","55,23"
"1.1427330000000001E+002","2.2640000000000001E+001",23,54,2170,"2.2629999999999999E+001","1.142833E+002","54,23"
"1.140633E+002","2.243E+001",2,33,217,"2.2420000000000002E+001","1.140733E+002","33,2"
"1.142633E+002","2.2640000000000001E+001",23,53,2169,"2.2629999999999999E+001","1.1427330000000001E+002","53,23"
"1.142533E+002","2.2640000000000001E+001",23,52,2168,"2.2629999999999999E+001","1.142633E+002","52,23"
"1.142433E+002","2.2640000000000001E+001",23,51,2167,"2.2629999999999999E+001","1.142533E+002","51,23"
"1.142333E+002","2.2640000000000001E+001",23,50,2166,"2.2629999999999999E+001","1.142433E+002","50,23"
"1.1422329999999999E+002","2.2640000000000001E+001",23,49,2165,"2.2629999999999999E+001","1.142333E+002","49,23"
"1.142133E+002","2.2640000000000001E+001",23,48,2164,"2.2629999999999999E+001","1.1422329999999999E+002","48,23"
"1.142033E+002","2.2640000000000001E+001",23,47,2163,"2.2629999999999999E+001","1.142133E+002","47,23"
"1.1419329999999999E+002","2.2640000000000001E+001",23,46,2162,"2.2629999999999999E+001","1.142033E+002","46,23"
"1.141833E+002","2.2640000000000001E+001",23,45,2161,"2.2629999999999999E+001","1.1419329999999999E+002","45,23"
"1.141733E+002","2.2640000000000001E+001",23,44,2160,"2.2629999999999999E+001","1.141833E+002","44,23"
"1.1405329999999999E+002","2.243E+001",2,32,216,"2.2420000000000002E+001","1.140633E+002","32,2"
"1.1416330000000001E+002","2.2640000000000001E+001",23,43,2159,"2.2629999999999999E+001","1.141733E+002","43,23"
"1.141533E+002","2.2640000000000001E+001",23,42,2158,"2.2629999999999999E+001","1.1416330000000001E+002","42,23"
"1.141433E+002","2.2640000000000001E+001",23,41,2157,"2.2629999999999999E+001","1.141533E+002","41,23"
"1.1413330000000001E+002","2.2640000000000001E+001",23,40,2156,"2.2629999999999999E+001","1.141433E+002","40,23"
"1.141233E+002","2.2640000000000001E+001",23,39,2155,"2.2629999999999999E+001","1.1413330000000001E+002","39,23"
"1.141133E+002","2.2640000000000001E+001",23,38,2154,"2.2629999999999999E+001","1.141233E+002","38,23"
"1.141033E+002","2.2640000000000001E+001",23,37,2153,"2.2629999999999999E+001","1.141133E+002","37,23"
"1.140933E+002","2.2640000000000001E+001",23,36,2152,"2.2629999999999999E+001","1.141033E+002","36,23"
"1.1408329999999999E+002","2.2640000000000001E+001",23,35,2151,"2.2629999999999999E+001","1.140933E+002","35,23"
"1.140733E+002","2.2640000000000001E+001",23,34,2150,"2.2629999999999999E+001","1.1408329999999999E+002","34,23"
"1.140433E+002","2.243E+001",2,31,215,"2.2420000000000002E+001","1.1405329999999999E+002","31,2"
"1.138133E+002","2.2670000000000002E+001",26,8,2400,"2.266E+001","1.138233E+002","8,26"
"1.142933E+002","2.243E+001",2,56,240,"2.2420000000000002E+001","1.1430329999999999E+002","56,2"
"1.1397329999999999E+002","2.241E+001",0,24,24,"2.2399999999999999E+001","1.139833E+002","24,0"
"1.1380329999999999E+002","2.2670000000000002E+001",26,7,2399,"2.266E+001","1.138133E+002","7,26"
"1.137933E+002","2.2670000000000002E+001",26,6,2398,"2.266E+001","1.1380329999999999E+002","6,26"
"1.137833E+002","2.2670000000000002E+001",26,5,2397,"2.266E+001","1.137933E+002","5,26"
"1.1377330000000001E+002","2.2670000000000002E+001",26,4,2396,"2.266E+001","1.137833E+002","4,26"
"1.137633E+002","2.2670000000000002E+001",26,3,2395,"2.266E+001","1.1377330000000001E+002","3,26"
"1.137533E+002","2.2670000000000002E+001",26,2,2394,"2.266E+001","1.137633E+002","2,26"
"1.137433E+002","2.2670000000000002E+001",26,1,2393,"2.266E+001","1.137533E+002","1,26"
"1.137333E+002","2.2670000000000002E+001",26,0,2392,"2.266E+001","1.137433E+002","0,26"
"1.146433E+002","2.266E+001",25,91,2391,"2.2649999999999999E+001","1.146533E+002","91,25"
"1.1463330000000001E+002","2.266E+001",25,90,2390,"2.2649999999999999E+001","1.146433E+002","90,25"
"1.142833E+002","2.243E+001",2,55,239,"2.2420000000000002E+001","1.142933E+002","55,2"
"1.146233E+002","2.266E+001",25,89,2389,"2.2649999999999999E+001","1.1463330000000001E+002","89,25"
"1.146133E+002","2.266E+001",25,88,2388,"2.2649999999999999E+001","1.146233E+002","88,25"
"1.146033E+002","2.266E+001",25,87,2387,"2.2649999999999999E+001","1.146133E+002","87,25"
"1.145933E+002","2.266E+001",25,86,2386,"2.2649999999999999E+001","1.146033E+002","86,25"
"1.1458329999999999E+002","2.266E+001",25,85,2385,"2.2649999999999999E+001","1.145933E+002","85,25"
"1.145733E+002","2.266E+001",25,84,2384,"2.2649999999999999E+001","1.1458329999999999E+002","84,25"
"1.145633E+002","2.266E+001",25,83,2383,"2.2649999999999999E+001","1.145733E+002","83,25"
"1.1455329999999999E+002","2.266E+001",25,82,2382,"2.2649999999999999E+001","1.145633E+002","82,25"
"1.145433E+002","2.266E+001",25,81,2381,"2.2649999999999999E+001","1.1455329999999999E+002","81,25"
"1.145333E+002","2.266E+001",25,80,2380,"2.2649999999999999E+001","1.145433E+002","80,25"
"1.1427330000000001E+002","2.243E+001",2,54,238,"2.2420000000000002E+001","1.142833E+002","54,2"
"1.1452330000000001E+002","2.266E+001",25,79,2379,"2.2649999999999999E+001","1.145333E+002","79,25"
"1.145133E+002","2.266E+001",25,78,2378,"2.2649999999999999E+001","1.1452330000000001E+002","78,25"
"1.145033E+002","2.266E+001",25,77,2377,"2.2649999999999999E+001","1.145133E+002","77,25"
"1.144933E+002","2.266E+001",25,76,2376,"2.2649999999999999E+001","1.145033E+002","76,25"
"1.144833E+002","2.266E+001",25,75,2375,"2.2649999999999999E+001","1.144933E+002","75,25"
"1.1447329999999999E+002","2.266E+001",25,74,2374,"2.2649999999999999E+001","1.144833E+002","74,25"
"1.144633E+002","2.266E+001",25,73,2373,"2.2649999999999999E+001","1.1447329999999999E+002","73,25"
"1.144533E+002","2.266E+001",25,72,2372,"2.2649999999999999E+001","1.144633E+002","72,25"
"1.1444329999999999E+002","2.266E+001",25,71,2371,"2.2649999999999999E+001","1.144533E+002","71,25"
"1.144333E+002","2.266E+001",25,70,2370,"2.2649999999999999E+001","1.1444329999999999E+002","70,25"
"1.142633E+002","2.243E+001",2,53,237,"2.2420000000000002E+001","1.1427330000000001E+002","53,2"
"1.144233E+002","2.266E+001",25,69,2369,"2.2649999999999999E+001","1.144333E+002","69,25"
"1.1441330000000001E+002","2.266E+001",25,68,2368,"2.2649999999999999E+001","1.144233E+002","68,25"
"1.144033E+002","2.266E+001",25,67,2367,"2.2649999999999999E+001","1.1441330000000001E+002","67,25"
"1.143933E+002","2.266E+001",25,66,2366,"2.2649999999999999E+001","1.144033E+002","66,25"
"1.1438330000000001E+002","2.266E+001",25,65,2365,"2.2649999999999999E+001","1.143933E+002","65,25"
"1.143733E+002","2.266E+001",25,64,2364,"2.2649999999999999E+001","1.1438330000000001E+002","64,25"
"1.143633E+002","2.266E+001",25,63,2363,"2.2649999999999999E+001","1.143733E+002","63,25"
"1.143533E+002","2.266E+001",25,62,2362,"2.2649999999999999E+001","1.143633E+002","62,25"
"1.143433E+002","2.266E+001",25,61,2361,"2.2649999999999999E+001","1.143533E+002","61,25"
"1.1433329999999999E+002","2.266E+001",25,60,2360,"2.2649999999999999E+001","1.143433E+002","60,25"
"1.142533E+002","2.243E+001",2,52,236,"2.2420000000000002E+001","1.142633E+002","52,2"
"1.143233E+002","2.266E+001",25,59,2359,"2.2649999999999999E+001","1.1433329999999999E+002","59,25"
"1.143133E+002","2.266E+001",25,58,2358,"2.2649999999999999E+001","1.143233E+002","58,25"
"1.1430329999999999E+002","2.266E+001",25,57,2357,"2.2649999999999999E+001","1.143133E+002","57,25"
"1.142933E+002","2.266E+001",25,56,2356,"2.2649999999999999E+001","1.1430329999999999E+002","56,25"
"1.142833E+002","2.266E+001",25,55,2355,"2.2649999999999999E+001","1.142933E+002","55,25"
"1.1427330000000001E+002","2.266E+001",25,54,2354,"2.2649999999999999E+001","1.142833E+002","54,25"
"1.142633E+002","2.266E+001",25,53,2353,"2.2649999999999999E+001","1.1427330000000001E+002","53,25"
"1.142533E+002","2.266E+001",25,52,2352,"2.2649999999999999E+001","1.142633E+002","52,25"
"1.142433E+002","2.266E+001",25,51,2351,"2.2649999999999999E+001","1.142533E+002","51,25"
"1.142333E+002","2.266E+001",25,50,2350,"2.2649999999999999E+001","1.142433E+002","50,25"
"1.142433E+002","2.243E+001",2,51,235,"2.2420000000000002E+001","1.142533E+002","51,2"
"1.1422329999999999E+002","2.266E+001",25,49,2349,"2.2649999999999999E+001","1.142333E+002","49,25"
"1.142133E+002","2.266E+001",25,48,2348,"2.2649999999999999E+001","1.1422329999999999E+002","48,25"
"1.142033E+002","2.266E+001",25,47,2347,"2.2649999999999999E+001","1.142133E+002","47,25"
"1.1419329999999999E+002","2.266E+001",25,46,2346,"2.2649999999999999E+001","1.142033E+002","46,25"
"1.141833E+002","2.266E+001",25,45,2345,"2.2649999999999999E+001","1.1419329999999999E+002","45,25"
"1.141733E+002","2.266E+001",25,44,2344,"2.2649999999999999E+001","1.141833E+002","44,25"
"1.1416330000000001E+002","2.266E+001",25,43,2343,"2.2649999999999999E+001","1.141733E+002","43,25"
"1.141533E+002","2.266E+001",25,42,2342,"2.2649999999999999E+001","1.1416330000000001E+002","42,25"
"1.141433E+002","2.266E+001",25,41,2341,"2.2649999999999999E+001","1.141533E+002","41,25"
"1.1413330000000001E+002","2.266E+001",25,40,2340,"2.2649999999999999E+001","1.141433E+002","40,25"
"1.142333E+002","2.243E+001",2,50,234,"2.2420000000000002E+001","1.142433E+002","50,2"
"1.141233E+002","2.266E+001",25,39,2339,"2.2649999999999999E+001","1.1413330000000001E+002","39,25"
"1.141133E+002","2.266E+001",25,38,2338,"2.2649999999999999E+001","1.141233E+002","38,25"
"1.141033E+002","2.266E+001",25,37,2337,"2.2649999999999999E+001","1.141133E+002","37,25"
"1.140933E+002","2.266E+001",25,36,2336,"2.2649999999999999E+001","1.141033E+002","36,25"
"1.1408329999999999E+002","2.266E+001",25,35,2335,"2.2649999999999999E+001","1.140933E+002","35,25"
"1.140733E+002","2.266E+001",25,34,2334,"2.2649999999999999E+001","1.1408329999999999E+002","34,25"
"1.140633E+002","2.266E+001",25,33,2333,"2.2649999999999999E+001","1.140733E+002","33,25"
"1.1408329999999999E+002","2.2620000000000001E+001",21,35,1967,"2.2609999999999999E+001","1.140933E+002","35,21"
"1.140733E+002","2.2620000000000001E+001",21,34,1966,"2.2609999999999999E+001","1.1408329999999999E+002","34,21"
"1.140633E+002","2.2620000000000001E+001",21,33,1965,"2.2609999999999999E+001","1.140733E+002","33,21"
"1.1405329999999999E+002","2.2620000000000001E+001",21,32,1964,"2.2609999999999999E+001","1.140633E+002","32,21"
"1.140433E+002","2.2620000000000001E+001",21,31,1963,"2.2609999999999999E+001","1.1405329999999999E+002","31,21"
"1.140333E+002","2.2620000000000001E+001",21,30,1962,"2.2609999999999999E+001","1.140433E+002","30,21"
"1.1402330000000001E+002","2.2620000000000001E+001",21,29,1961,"2.2609999999999999E+001","1.140333E+002","29,21"
"1.140133E+002","2.2620000000000001E+001",21,28,1960,"2.2609999999999999E+001","1.1402330000000001E+002","28,21"
"1.138533E+002","2.243E+001",2,12,196,"2.2420000000000002E+001","1.138633E+002","12,2"
"1.140033E+002","2.2620000000000001E+001",21,27,1959,"2.2609999999999999E+001","1.140133E+002","27,21"
"1.139933E+002","2.2620000000000001E+001",21,26,1958,"2.2609999999999999E+001","1.140033E+002","26,21"
"1.139833E+002","2.2620000000000001E+001",21,25,1957,"2.2609999999999999E+001","1.139933E+002","25,21"
"1.1397329999999999E+002","2.2620000000000001E+001",21,24,1956,"2.2609999999999999E+001","1.139833E+002","24,21"
"1.139633E+002","2.2620000000000001E+001",21,23,1955,"2.2609999999999999E+001","1.1397329999999999E+002","23,21"
"1.139533E+002","2.2620000000000001E+001",21,22,1954,"2.2609999999999999E+001","1.139633E+002","22,21"
"1.1394329999999999E+002","2.2620000000000001E+001",21,21,1953,"2.2609999999999999E+001","1.139533E+002","21,21"
"1.139333E+002","2.2620000000000001E+001",21,20,1952,"2.2609999999999999E+001","1.1394329999999999E+002","20,21"
"1.139233E+002","2.2620000000000001E+001",21,19,1951,"2.2609999999999999E+001","1.139333E+002","19,21"
"1.1391330000000001E+002","2.2620000000000001E+001",21,18,1950,"2.2609999999999999E+001","1.139233E+002","18,21"
"1.138433E+002","2.243E+001",2,11,195,"2.2420000000000002E+001","1.138533E+002","11,2"
"1.139033E+002","2.2620000000000001E+001",21,17,1949,"2.2609999999999999E+001","1.1391330000000001E+002","17,21"
"1.138933E+002","2.2620000000000001E+001",21,16,1948,"2.2609999999999999E+001","1.139033E+002","16,21"
"1.1388330000000001E+002","2.2620000000000001E+001",21,15,1947,"2.2609999999999999E+001","1.138933E+002","15,21"
"1.138733E+002","2.2620000000000001E+001",21,14,1946,"2.2609999999999999E+001","1.1388330000000001E+002","14,21"
"1.138633E+002","2.2620000000000001E+001",21,13,1945,"2.2609999999999999E+001","1.138733E+002","13,21"
"1.138533E+002","2.2620000000000001E+001",21,12,1944,"2.2609999999999999E+001","1.138633E+002","12,21"
"1.138433E+002","2.2620000000000001E+001",21,11,1943,"2.2609999999999999E+001","1.138533E+002","11,21"
"1.1383329999999999E+002","2.2620000000000001E+001",21,10,1942,"2.2609999999999999E+001","1.138433E+002","10,21"
"1.138233E+002","2.2620000000000001E+001",21,9,1941,"2.2609999999999999E+001","1.1383329999999999E+002","9,21"
"1.138133E+002","2.2620000000000001E+001",21,8,1940,"2.2609999999999999E+001","1.138233E+002","8,21"
"1.1383329999999999E+002","2.243E+001",2,10,194,"2.2420000000000002E+001","1.138433E+002","10,2"
"1.1380329999999999E+002","2.2620000000000001E+001",21,7,1939,"2.2609999999999999E+001","1.138133E+002","7,21"
"1.137933E+002","2.2620000000000001E+001",21,6,1938,"2.2609999999999999E+001","1.1380329999999999E+002","6,21"
"1.137833E+002","2.2620000000000001E+001",21,5,1937,"2.2609999999999999E+001","1.137933E+002","5,21"
"1.1377330000000001E+002","2.2620000000000001E+001",21,4,1936,"2.2609999999999999E+001","1.137833E+002","4,21"
"1.137633E+002","2.2620000000000001E+001",21,3,1935,"2.2609999999999999E+001","1.1377330000000001E+002","3,21"
"1.137533E+002","2.2620000000000001E+001",21,2,1934,"2.2609999999999999E+001","1.137633E+002","2,21"
"1.137433E+002","2.2620000000000001E+001",21,1,1933,"2.2609999999999999E+001","1.137533E+002","1,21"
"1.137333E+002","2.2620000000000001E+001",21,0,1932,"2.2609999999999999E+001","1.137433E+002","0,21"
"1.146433E+002","2.2609999999999999E+001",20,91,1931,"2.2600000000000001E+001","1.146533E+002","91,20"
"1.1463330000000001E+002","2.2609999999999999E+001",20,90,1930,"2.2600000000000001E+001","1.146433E+002","90,20"
"1.138233E+002","2.243E+001",2,9,193,"2.2420000000000002E+001","1.1383329999999999E+002","9,2"
"1.146233E+002","2.2609999999999999E+001",20,89,1929,"2.2600000000000001E+001","1.1463330000000001E+002","89,20"
"1.146133E+002","2.2609999999999999E+001",20,88,1928,"2.2600000000000001E+001","1.146233E+002","88,20"
"1.146033E+002","2.2609999999999999E+001",20,87,1927,"2.2600000000000001E+001","1.146133E+002","87,20"
"1.145933E+002","2.2609999999999999E+001",20,86,1926,"2.2600000000000001E+001","1.146033E+002","86,20"
"1.1458329999999999E+002","2.2609999999999999E+001",20,85,1925,"2.2600000000000001E+001","1.145933E+002","85,20"
"1.145733E+002","2.2609999999999999E+001",20,84,1924,"2.2600000000000001E+001","1.1458329999999999E+002","84,20"
"1.145633E+002","2.2609999999999999E+001",20,83,1923,"2.2600000000000001E+001","1.145733E+002","83,20"
"1.1455329999999999E+002","2.2609999999999999E+001",20,82,1922,"2.2600000000000001E+001","1.145633E+002","82,20"
"1.145433E+002","2.2609999999999999E+001",20,81,1921,"2.2600000000000001E+001","1.1455329999999999E+002","81,20"
"1.145333E+002","2.2609999999999999E+001",20,80,1920,"2.2600000000000001E+001","1.145433E+002","80,20"
"1.138133E+002","2.243E+001",2,8,192,"2.2420000000000002E+001","1.138233E+002","8,2"
"1.1452330000000001E+002","2.2609999999999999E+001",20,79,1919,"2.2600000000000001E+001","1.145333E+002","79,20"
"1.145133E+002","2.2609999999999999E+001",20,78,1918,"2.2600000000000001E+001","1.1452330000000001E+002","78,20"
"1.145033E+002","2.2609999999999999E+001",20,77,1917,"2.2600000000000001E+001","1.145133E+002","77,20"
"1.144933E+002","2.2609999999999999E+001",20,76,1916,"2.2600000000000001E+001","1.145033E+002","76,20"
"1.144833E+002","2.2609999999999999E+001",20,75,1915,"2.2600000000000001E+001","1.144933E+002","75,20"
"1.1447329999999999E+002","2.2609999999999999E+001",20,74,1914,"2.2600000000000001E+001","1.144833E+002","74,20"
"1.144633E+002","2.2609999999999999E+001",20,73,1913,"2.2600000000000001E+001","1.1447329999999999E+002","73,20"
"1.144533E+002","2.2609999999999999E+001",20,72,1912,"2.2600000000000001E+001","1.144633E+002","72,20"
"1.1444329999999999E+002","2.2609999999999999E+001",20,71,1911,"2.2600000000000001E+001","1.144533E+002","71,20"
"1.144333E+002","2.2609999999999999E+001",20,70,1910,"2.2600000000000001E+001","1.1444329999999999E+002","70,20"
"1.1380329999999999E+002","2.243E+001",2,7,191,"2.2420000000000002E+001","1.138133E+002","7,2"
"1.144233E+002","2.2609999999999999E+001",20,69,1909,"2.2600000000000001E+001","1.144333E+002","69,20"
"1.1441330000000001E+002","2.2609999999999999E+001",20,68,1908,"2.2600000000000001E+001","1.144233E+002","68,20"
"1.144033E+002","2.2609999999999999E+001",20,67,1907,"2.2600000000000001E+001","1.1441330000000001E+002","67,20"
"1.143933E+002","2.2609999999999999E+001",20,66,1906,"2.2600000000000001E+001","1.144033E+002","66,20"
"1.1438330000000001E+002","2.2609999999999999E+001",20,65,1905,"2.2600000000000001E+001","1.143933E+002","65,20"
"1.143733E+002","2.2609999999999999E+001",20,64,1904,"2.2600000000000001E+001","1.1438330000000001E+002","64,20"
"1.143633E+002","2.2609999999999999E+001",20,63,1903,"2.2600000000000001E+001","1.143733E+002","63,20"
"1.143533E+002","2.2609999999999999E+001",20,62,1902,"2.2600000000000001E+001","1.143633E+002","62,20"
"1.143433E+002","2.2609999999999999E+001",20,61,1901,"2.2600000000000001E+001","1.143533E+002","61,20"
"1.1433329999999999E+002","2.2609999999999999E+001",20,60,1900,"2.2600000000000001E+001","1.143433E+002","60,20"
"1.137933E+002","2.243E+001",2,6,190,"2.2420000000000002E+001","1.1380329999999999E+002","6,2"
"1.139233E+002","2.241E+001",0,19,19,"2.2399999999999999E+001","1.139333E+002","19,0"
"1.1380329999999999E+002","2.2710000000000001E+001",30,7,2767,"2.2699999999999999E+001","1.138133E+002","7,30"
"1.137933E+002","2.2710000000000001E+001",30,6,2766,"2.2699999999999999E+001","1.1380329999999999E+002","6,30"
"1.137833E+002","2.2710000000000001E+001",30,5,2765,"2.2699999999999999E+001","1.137933E+002","5,30"
"1.1377330000000001E+002","2.2710000000000001E+001",30,4,2764,"2.2699999999999999E+001","1.137833E+002","4,30"
"1.137633E+002","2.2710000000000001E+001",30,3,2763,"2.2699999999999999E+001","1.1377330000000001E+002","3,30"
"1.137533E+002","2.2710000000000001E+001",30,2,2762,"2.2699999999999999E+001","1.137633E+002","2,30"
"1.137433E+002","2.2710000000000001E+001",30,1,2761,"2.2699999999999999E+001","1.137533E+002","1,30"
"1.137333E+002","2.2710000000000001E+001",30,0,2760,"2.2699999999999999E+001","1.137433E+002","0,30"
"1.137333E+002","2.2440000000000001E+001",3,0,276,"2.243E+001","1.137433E+002","0,3"
"1.146433E+002","2.2699999999999999E+001",29,91,2759,"2.2690000000000001E+001","1.146533E+002","91,29"
"1.1463330000000001E+002","2.2699999999999999E+001",29,90,2758,"2.2690000000000001E+001","1.146433E+002","90,29"
"1.146233E+002","2.2699999999999999E+001",29,89,2757,"2.2690000000000001E+001","1.1463330000000001E+002","89,29"
"1.146133E+002","2.2699999999999999E+001",29,88,2756,"2.2690000000000001E+001","1.146233E+002","88,29"
"1.146033E+002","2.2699999999999999E+001",29,87,2755,"2.2690000000000001E+001","1.146133E+002","87,29"
"1.145933E+002","2.2699999999999999E+001",29,86,2754,"2.2690000000000001E+001","1.146033E+002","86,29"
"1.1458329999999999E+002","2.2699999999999999E+001",29,85,2753,"2.2690000000000001E+001","1.145933E+002","85,29"
"1.145733E+002","2.2699999999999999E+001",29,84,2752,"2.2690000000000001E+001","1.1458329999999999E+002","84,29"
"1.145633E+002","2.2699999999999999E+001",29,83,2751,"2.2690000000000001E+001","1.145733E+002","83,29"
"1.1455329999999999E+002","2.2699999999999999E+001",29,82,2750,"2.2690000000000001E+001","1.145633E+002","82,29"
"1.146433E+002","2.243E+001",2,91,275,"2.2420000000000002E+001","1.146533E+002","91,2"
"1.145433E+002","2.2699999999999999E+001",29,81,2749,"2.2690000000000001E+001","1.1455329999999999E+002","81,29"
"1.145333E+002","2.2699999999999999E+001",29,80,2748,"2.2690000000000001E+001","1.145433E+002","80,29"
"1.1452330000000001E+002","2.2699999999999999E+001",29,79,2747,"2.2690000000000001E+001","1.145333E+002","79,29"
"1.145133E+002","2.2699999999999999E+001",29,78,2746,"2.2690000000000001E+001","1.1452330000000001E+002","78,29"
"1.145033E+002","2.2699999999999999E+001",29,77,2745,"2.2690000000000001E+001","1.145133E+002","77,29"
"1.144933E+002","2.2699999999999999E+001",29,76,2744,"2.2690000000000001E+001","1.145033E+002","76,29"
"1.144833E+002","2.2699999999999999E+001",29,75,2743,"2.2690000000000001E+001","1.144933E+002","75,29"
"1.1447329999999999E+002","2.2699999999999999E+001",29,74,2742,"2.2690000000000001E+001","1.144833E+002","74,29"
"1.144633E+002","2.2699999999999999E+001",29,73,2741,"2.2690000000000001E+001","1.1447329999999999E+002","73,29"
"1.144533E+002","2.2699999999999999E+001",29,72,2740,"2.2690000000000001E+001","1.144633E+002","72,29"
"1.1463330000000001E+002","2.243E+001",2,90,274,"2.2420000000000002E+001","1.146433E+002","90,2"
"1.1444329999999999E+002","2.2699999999999999E+001",29,71,2739,"2.2690000000000001E+001","1.144533E+002","71,29"
"1.144333E+002","2.2699999999999999E+001",29,70,2738,"2.2690000000000001E+001","1.1444329999999999E+002","70,29"
"1.144233E+002","2.2699999999999999E+001",29,69,2737,"2.2690000000000001E+001","1.144333E+002","69,29"
"1.1441330000000001E+002","2.2699999999999999E+001",29,68,2736,"2.2690000000000001E+001","1.144233E+002","68,29"
"1.144033E+002","2.2699999999999999E+001",29,67,2735,"2.2690000000000001E+001","1.1441330000000001E+002","67,29"
"1.143933E+002","2.2699999999999999E+001",29,66,2734,"2.2690000000000001E+001","1.144033E+002","66,29"
"1.1438330000000001E+002","2.2699999999999999E+001",29,65,2733,"2.2690000000000001E+001","1.143933E+002","65,29"
"1.143733E+002","2.2699999999999999E+001",29,64,2732,"2.2690000000000001E+001","1.1438330000000001E+002","64,29"
"1.143633E+002","2.2699999999999999E+001",29,63,2731,"2.2690000000000001E+001","1.143733E+002","63,29"
"1.143533E+002","2.2699999999999999E+001",29,62,2730,"2.2690000000000001E+001","1.143633E+002","62,29"
"1.146233E+002","2.243E+001",2,89,273,"2.2420000000000002E+001","1.1463330000000001E+002","89,2"
"1.143433E+002","2.2699999999999999E+001",29,61,2729,"2.2690000000000001E+001","1.143533E+002","61,29"
"1.1433329999999999E+002","2.2699999999999999E+001",29,60,2728,"2.2690000000000001E+001","1.143433E+002","60,29"
"1.143233E+002","2.2699999999999999E+001",29,59,2727,"2.2690000000000001E+001","1.1433329999999999E+002","59,29"
"1.143133E+002","2.2699999999999999E+001",29,58,2726,"2.2690000000000001E+001","1.143233E+002","58,29"
"1.1430329999999999E+002","2.2699999999999999E+001",29,57,2725,"2.2690000000000001E+001","1.143133E+002","57,29"
"1.142933E+002","2.2699999999999999E+001",29,56,2724,"2.2690000000000001E+001","1.1430329999999999E+002","56,29"
"1.142833E+002","2.2699999999999999E+001",29,55,2723,"2.2690000000000001E+001","1.142933E+002","55,29"
"1.1427330000000001E+002","2.2699999999999999E+001",29,54,2722,"2.2690000000000001E+001","1.142833E+002","54,29"
"1.142633E+002","2.2699999999999999E+001",29,53,2721,"2.2690000000000001E+001","1.1427330000000001E+002","53,29"
"1.142533E+002","2.2699999999999999E+001",29,52,2720,"2.2690000000000001E+001","1.142633E+002","52,29"
"1.146133E+002","2.243E+001",2,88,272,"2.2420000000000002E+001","1.146233E+002","88,2"
"1.142433E+002","2.2699999999999999E+001",29,51,2719,"2.2690000000000001E+001","1.142533E+002","51,29"
"1.142333E+002","2.2699999999999999E+001",29,50,2718,"2.2690000000000001E+001","1.142433E+002","50,29"
"1.1422329999999999E+002","2.2699999999999999E+001",29,49,2717,"2.2690000000000001E+001","1.142333E+002","49,29"
"1.142133E+002","2.2699999999999999E+001",29,48,2716,"2.2690000000000001E+001","1.1422329999999999E+002","48,29"
"1.142033E+002","2.2699999999999999E+001",29,47,2715,"2.2690000000000001E+001","1.142133E+002","47,29"
"1.1419329999999999E+002","2.2699999999999999E+001",29,46,2714,"2.2690000000000001E+001","1.142033E+002","46,29"
"1.141833E+002","2.2699999999999999E+001",29,45,2713,"2.2690000000000001E+001","1.1419329999999999E+002","45,29"
"1.141733E+002","2.2699999999999999E+001",29,44,2712,"2.2690000000000001E+001","1.141833E+002","44,29"
"1.1416330000000001E+002","2.2699999999999999E+001",29,43,2711,"2.2690000000000001E+001","1.141733E+002","43,29"
"1.141533E+002","2.2699999999999999E+001",29,42,2710,"2.2690000000000001E+001","1.1416330000000001E+002","42,29"
"1.146033E+002","2.243E+001",2,87,271,"2.2420000000000002E+001","1.146133E+002","87,2"
"1.141433E+002","2.2699999999999999E+001",29,41,2709,"2.2690000000000001E+001","1.141533E+002","41,29"
"1.1413330000000001E+002","2.2699999999999999E+001",29,40,2708,"2.2690000000000001E+001","1.141433E+002","40,29"
"1.141233E+002","2.2699999999999999E+001",29,39,2707,"2.2690000000000001E+001","1.1413330000000001E+002","39,29"
"1.141133E+002","2.2699999999999999E+001",29,38,2706,"2.2690000000000001E+001","1.141233E+002","38,29"
"1.143733E+002","2.2629999999999999E+001",22,64,2088,"2.2620000000000001E+001","1.1438330000000001E+002","64,22"
"1.143633E+002","2.2629999999999999E+001",22,63,2087,"2.2620000000000001E+001","1.143733E+002","63,22"
"1.143533E+002","2.2629999999999999E+001",22,62,2086,"2.2620000000000001E+001","1.143633E+002","62,22"
"1.143433E+002","2.2629999999999999E+001",22,61,2085,"2.2620000000000001E+001","1.143533E+002","61,22"
"1.1433329999999999E+002","2.2629999999999999E+001",22,60,2084,"2.2620000000000001E+001","1.143433E+002","60,22"
"1.143233E+002","2.2629999999999999E+001",22,59,2083,"2.2620000000000001E+001","1.1433329999999999E+002","59,22"
"1.143133E+002","2.2629999999999999E+001",22,58,2082,"2.2620000000000001E+001","1.143233E+002","58,22"
"1.1430329999999999E+002","2.2629999999999999E+001",22,57,2081,"2.2620000000000001E+001","1.143133E+002","57,22"
"1.142933E+002","2.2629999999999999E+001",22,56,2080,"2.2620000000000001E+001","1.1430329999999999E+002","56,22"
"1.1397329999999999E+002","2.243E+001",2,24,208,"2.2420000000000002E+001","1.139833E+002","24,2"
"1.142833E+002","2.2629999999999999E+001",22,55,2079,"2.2620000000000001E+001","1.142933E+002","55,22"
"1.1427330000000001E+002","2.2629999999999999E+001",22,54,2078,"2.2620000000000001E+001","1.142833E+002","54,22"
"1.142633E+002","2.2629999999999999E+001",22,53,2077,"2.2620000000000001E+001","1.1427330000000001E+002","53,22"
"1.142533E+002","2.2629999999999999E+001",22,52,2076,"2.2620000000000001E+001","1.142633E+002","52,22"
"1.142433E+002","2.2629999999999999E+001",22,51,2075,"2.2620000000000001E+001","1.142533E+002","51,22"
"1.142333E+002","2.2629999999999999E+001",22,50,2074,"2.2620000000000001E+001","1.142433E+002","50,22"
"1.1422329999999999E+002","2.2629999999999999E+001",22,49,2073,"2.2620000000000001E+001","1.142333E+002","49,22"
"1.142133E+002","2.2629999999999999E+001",22,48,2072,"2.2620000000000001E+001","1.1422329999999999E+002","48,22"
"1.142033E+002","2.2629999999999999E+001",22,47,2071,"2.2620000000000001E+001","1.142133E+002","47,22"
"1.1419329999999999E+002","2.2629999999999999E+001",22,46,2070,"2.2620000000000001E+001","1.142033E+002","46,22"
"1.139633E+002","2.243E+001",2,23,207,"2.2420000000000002E+001","1.1397329999999999E+002","23,2"
"1.141833E+002","2.2629999999999999E+001",22,45,2069,"2.2620000000000001E+001","1.1419329999999999E+002","45,22"
"1.141733E+002","2.2629999999999999E+001",22,44,2068,"2.2620000000000001E+001","1.141833E+002","44,22"
"1.1416330000000001E+002","2.2629999999999999E+001",22,43,2067,"2.2620000000000001E+001","1.141733E+002","43,22"
"1.141533E+002","2.2629999999999999E+001",22,42,2066,"2.2620000000000001E+001","1.1416330000000001E+002","42,22"
"1.141433E+002","2.2629999999999999E+001",22,41,2065,"2.2620000000000001E+001","1.141533E+002","41,22"
"1.1413330000000001E+002","2.2629999999999999E+001",22,40,2064,"2.2620000000000001E+001","1.141433E+002","40,22"
"1.141233E+002","2.2629999999999999E+001",22,39,2063,"2.2620000000000001E+001","1.1413330000000001E+002","39,22"
"1.141133E+002","2.2629999999999999E+001",22,38,2062,"2.2620000000000001E+001","1.141233E+002","38,22"
"1.141033E+002","2.2629999999999999E+001",22,37,2061,"2.2620000000000001E+001","1.141133E+002","37,22"
"1.140933E+002","2.2629999999999999E+001",22,36,2060,"2.2620000000000001E+001","1.141033E+002","36,22"
"1.139533E+002","2.243E+001",2,22,206,"2.2420000000000002E+001","1.139633E+002","22,2"
"1.1408329999999999E+002","2.2629999999999999E+001",22,35,2059,"2.2620000000000001E+001","1.140933E+002","35,22"
"1.140733E+002","2.2629999999999999E+001",22,34,2058,"2.2620000000000001E+001","1.1408329999999999E+002","34,22"
"1.140633E+002","2.2629999999999999E+001",22,33,2057,"2.2620000000000001E+001","1.140733E+002","33,22"
"1.1405329999999999E+002","2.2629999999999999E+001",22,32,2056,"2.2620000000000001E+001","1.140633E+002","32,22"
"1.140433E+002","2.2629999999999999E+001",22,31,2055,"2.2620000000000001E+001","1.1405329999999999E+002","31,22"
"1.140333E+002","2.2629999999999999E+001",22,30,2054,"2.2620000000000001E+001","1.140433E+002","30,22"
"1.1402330000000001E+002","2.2629999999999999E+001",22,29,2053,"2.2620000000000001E+001","1.140333E+002","29,22"
"1.140133E+002","2.2629999999999999E+001",22,28,2052,"2.2620000000000001E+001","1.1402330000000001E+002","28,22"
"1.140033E+002","2.2629999999999999E+001",22,27,2051,"2.2620000000000001E+001","1.140133E+002","27,22"
"1.139933E+002","2.2629999999999999E+001",22,26,2050,"2.2620000000000001E+001","1.140033E+002","26,22"
"1.1394329999999999E+002","2.243E+001",2,21,205,"2.2420000000000002E+001","1.139533E+002","21,2"
"1.139833E+002","2.2629999999999999E+001",22,25,2049,"2.2620000000000001E+001","1.139933E+002","25,22"
"1.1397329999999999E+002","2.2629999999999999E+001",22,24,2048,"2.2620000000000001E+001","1.139833E+002","24,22"
"1.139633E+002","2.2629999999999999E+001",22,23,2047,"2.2620000000000001E+001","1.1397329999999999E+002","23,22"
"1.139533E+002","2.2629999999999999E+001",22,22,2046,"2.2620000000000001E+001","1.139633E+002","22,22"
"1.1394329999999999E+002","2.2629999999999999E+001",22,21,2045,"2.2620000000000001E+001","1.139533E+002","21,22"
"1.139333E+002","2.2629999999999999E+001",22,20,2044,"2.2620000000000001E+001","1.1394329999999999E+002","20,22"
"1.139233E+002","2.2629999999999999E+001",22,19,2043,"2.2620000000000001E+001","1.139333E+002","19,22"
"1.1391330000000001E+002","2.2629999999999999E+001",22,18,2042,"2.2620000000000001E+001","1.139233E+002","18,22"
"1.139033E+002","2.2629999999999999E+001",22,17,2041,"2.2620000000000001E+001","1.1391330000000001E+002","17,22"
"1.138933E+002","2.2629999999999999E+001",22,16,2040,"2.2620000000000001E+001","1.139033E+002","16,22"
"1.139333E+002","2.243E+001",2,20,204,"2.2420000000000002E+001","1.1394329999999999E+002","20,2"
"1.1388330000000001E+002","2.2629999999999999E+001",22,15,2039,"2.2620000000000001E+001","1.138933E+002","15,22"
"1.138733E+002","2.2629999999999999E+001",22,14,2038,"2.2620000000000001E+001","1.1388330000000001E+002","14,22"
"1.138633E+002","2.2629999999999999E+001",22,13,2037,"2.2620000000000001E+001","1.138733E+002","13,22"
"1.138533E+002","2.2629999999999999E+001",22,12,2036,"2.2620000000000001E+001","1.138633E+002","12,22"
"1.138433E+002","2.2629999999999999E+001",22,11,2035,"2.2620000000000001E+001","1.138533E+002","11,22"
"1.1383329999999999E+002","2.2629999999999999E+001",22,10,2034,"2.2620000000000001E+001","1.138433E+002","10,22"
"1.138233E+002","2.2629999999999999E+001",22,9,2033,"2.2620000000000001E+001","1.1383329999999999E+002","9,22"
"1.138133E+002","2.2629999999999999E+001",22,8,2032,"2.2620000000000001E+001","1.138233E+002","8,22"
"1.1380329999999999E+002","2.2629999999999999E+001",22,7,2031,"2.2620000000000001E+001","1.138133E+002","7,22"
"1.137933E+002","2.2629999999999999E+001",22,6,2030,"2.2620000000000001E+001","1.1380329999999999E+002","6,22"
"1.139233E+002","2.243E+001",2,19,203,"2.2420000000000002E+001","1.139333E+002","19,2"
"1.137833E+002","2.2629999999999999E+001",22,5,2029,"2.2620000000000001E+001","1.137933E+002","5,22"
"1.1377330000000001E+002","2.2629999999999999E+001",22,4,2028,"2.2620000000000001E+001","1.137833E+002","4,22"
"1.1447329999999999E+002","2.2550000000000001E+001",14,74,1362,"2.2539999999999999E+001","1.144833E+002","74,14"
"1.144633E+002","2.2550000000000001E+001",14,73,1361,"2.2539999999999999E+001","1.1447329999999999E+002","73,14"
"1.144533E+002","2.2550000000000001E+001",14,72,1360,"2.2539999999999999E+001","1.144633E+002","72,14"
"1.141733E+002","2.2420000000000002E+001",1,44,136,"2.241E+001","1.141833E+002","44,1"
"1.1444329999999999E+002","2.2550000000000001E+001",14,71,1359,"2.2539999999999999E+001","1.144533E+002","71,14"
"1.144333E+002","2.2550000000000001E+001",14,70,1358,"2.2539999999999999E+001","1.1444329999999999E+002","70,14"
"1.144233E+002","2.2550000000000001E+001",14,69,1357,"2.2539999999999999E+001","1.144333E+002","69,14"
"1.1441330000000001E+002","2.2550000000000001E+001",14,68,1356,"2.2539999999999999E+001","1.144233E+002","68,14"
"1.144033E+002","2.2550000000000001E+001",14,67,1355,"2.2539999999999999E+001","1.1441330000000001E+002","67,14"
"1.143933E+002","2.2550000000000001E+001",14,66,1354,"2.2539999999999999E+001","1.144033E+002","66,14"
"1.1438330000000001E+002","2.2550000000000001E+001",14,65,1353,"2.2539999999999999E+001","1.143933E+002","65,14"
"1.143733E+002","2.2550000000000001E+001",14,64,1352,"2.2539999999999999E+001","1.1438330000000001E+002","64,14"
"1.143633E+002","2.2550000000000001E+001",14,63,1351,"2.2539999999999999E+001","1.143733E+002","63,14"
"1.143533E+002","2.2550000000000001E+001",14,62,1350,"2.2539999999999999E+001","1.143633E+002","62,14"
"1.1416330000000001E+002","2.2420000000000002E+001",1,43,135,"2.241E+001","1.141733E+002","43,1"
"1.143433E+002","2.2550000000000001E+001",14,61,1349,"2.2539999999999999E+001","1.143533E+002","61,14"
"1.1433329999999999E+002","2.2550000000000001E+001",14,60,1348,"2.2539999999999999E+001","1.143433E+002","60,14"
"1.143233E+002","2.2550000000000001E+001",14,59,1347,"2.2539999999999999E+001","1.1433329999999999E+002","59,14"
"1.143133E+002","2.2550000000000001E+001",14,58,1346,"2.2539999999999999E+001","1.143233E+002","58,14"
"1.1430329999999999E+002","2.2550000000000001E+001",14,57,1345,"2.2539999999999999E+001","1.143133E+002","57,14"
"1.142933E+002","2.2550000000000001E+001",14,56,1344,"2.2539999999999999E+001","1.1430329999999999E+002","56,14"
"1.142833E+002","2.2550000000000001E+001",14,55,1343,"2.2539999999999999E+001","1.142933E+002","55,14"
"1.1427330000000001E+002","2.2550000000000001E+001",14,54,1342,"2.2539999999999999E+001","1.142833E+002","54,14"
"1.142633E+002","2.2550000000000001E+001",14,53,1341,"2.2539999999999999E+001","1.1427330000000001E+002","53,14"
"1.142533E+002","2.2550000000000001E+001",14,52,1340,"2.2539999999999999E+001","1.142633E+002","52,14"
"1.141533E+002","2.2420000000000002E+001",1,42,134,"2.241E+001","1.1416330000000001E+002","42,1"
"1.142433E+002","2.2550000000000001E+001",14,51,1339,"2.2539999999999999E+001","1.142533E+002","51,14"
"1.142333E+002","2.2550000000000001E+001",14,50,1338,"2.2539999999999999E+001","1.142433E+002","50,14"
"1.1422329999999999E+002","2.2550000000000001E+001",14,49,1337,"2.2539999999999999E+001","1.142333E+002","49,14"
"1.142133E+002","2.2550000000000001E+001",14,48,1336,"2.2539999999999999E+001","1.1422329999999999E+002","48,14"
"1.142033E+002","2.2550000000000001E+001",14,47,1335,"2.2539999999999999E+001","1.142133E+002","47,14"
"1.1419329999999999E+002","2.2550000000000001E+001",14,46,1334,"2.2539999999999999E+001","1.142033E+002","46,14"
"1.141833E+002","2.2550000000000001E+001",14,45,1333,"2.2539999999999999E+001","1.1419329999999999E+002","45,14"
"1.141733E+002","2.2550000000000001E+001",14,44,1332,"2.2539999999999999E+001","1.141833E+002","44,14"
"1.1416330000000001E+002","2.2550000000000001E+001",14,43,1331,"2.2539999999999999E+001","1.141733E+002","43,14"
"1.141533E+002","2.2550000000000001E+001",14,42,1330,"2.2539999999999999E+001","1.1416330000000001E+002","42,14"
"1.141433E+002","2.2420000000000002E+001",1,41,133,"2.241E+001","1.141533E+002","41,1"
"1.141433E+002","2.2550000000000001E+001",14,41,1329,"2.2539999999999999E+001","1.141533E+002","41,14"
"1.1413330000000001E+002","2.2550000000000001E+001",14,40,1328,"2.2539999999999999E+001","1.141433E+002","40,14"
"1.141233E+002","2.2550000000000001E+001",14,39,1327,"2.2539999999999999E+001","1.1413330000000001E+002","39,14"
"1.141133E+002","2.2550000000000001E+001",14,38,1326,"2.2539999999999999E+001","1.141233E+002","38,14"
"1.141033E+002","2.2550000000000001E+001",14,37,1325,"2.2539999999999999E+001","1.141133E+002","37,14"
"1.140933E+002","2.2550000000000001E+001",14,36,1324,"2.2539999999999999E+001","1.141033E+002","36,14"
"1.1408329999999999E+002","2.2550000000000001E+001",14,35,1323,"2.2539999999999999E+001","1.140933E+002","35,14"
"1.140733E+002","2.2550000000000001E+001",14,34,1322,"2.2539999999999999E+001","1.1408329999999999E+002","34,14"
"1.140633E+002","2.2550000000000001E+001",14,33,1321,"2.2539999999999999E+001","1.140733E+002","33,14"
"1.1405329999999999E+002","2.2550000000000001E+001",14,32,1320,"2.2539999999999999E+001","1.140633E+002","32,14"
"1.1413330000000001E+002","2.2420000000000002E+001",1,40,132,"2.241E+001","1.141433E+002","40,1"
"1.140433E+002","2.2550000000000001E+001",14,31,1319,"2.2539999999999999E+001","1.1405329999999999E+002","31,14"
"1.140333E+002","2.2550000000000001E+001",14,30,1318,"2.2539999999999999E+001","1.140433E+002","30,14"
"1.1402330000000001E+002","2.2550000000000001E+001",14,29,1317,"2.2539999999999999E+001","1.140333E+002","29,14"
"1.140133E+002","2.2550000000000001E+001",14,28,1316,"2.2539999999999999E+001","1.1402330000000001E+002","28,14"
"1.140033E+002","2.2550000000000001E+001",14,27,1315,"2.2539999999999999E+001","1.140133E+002","27,14"
"1.139933E+002","2.2550000000000001E+001",14,26,1314,"2.2539999999999999E+001","1.140033E+002","26,14"
"1.139833E+002","2.2550000000000001E+001",14,25,1313,"2.2539999999999999E+001","1.139933E+002","25,14"
"1.1397329999999999E+002","2.2550000000000001E+001",14,24,1312,"2.2539999999999999E+001","1.139833E+002","24,14"
"1.139633E+002","2.2550000000000001E+001",14,23,1311,"2.2539999999999999E+001","1.1397329999999999E+002","23,14"
"1.139533E+002","2.2550000000000001E+001",14,22,1310,"2.2539999999999999E+001","1.139633E+002","22,14"
"1.141233E+002","2.2420000000000002E+001",1,39,131,"2.241E+001","1.1413330000000001E+002","39,1"
"1.1394329999999999E+002","2.2550000000000001E+001",14,21,1309,"2.2539999999999999E+001","1.139533E+002","21,14"
"1.139333E+002","2.2550000000000001E+001",14,20,1308,"2.2539999999999999E+001","1.1394329999999999E+002","20,14"
"1.139233E+002","2.2550000000000001E+001",14,19,1307,"2.2539999999999999E+001","1.139333E+002","19,14"
"1.1391330000000001E+002","2.2550000000000001E+001",14,18,1306,"2.2539999999999999E+001","1.139233E+002","18,14"
"1.139033E+002","2.2550000000000001E+001",14,17,1305,"2.2539999999999999E+001","1.1391330000000001E+002","17,14"
"1.138933E+002","2.2550000000000001E+001",14,16,1304,"2.2539999999999999E+001","1.139033E+002","16,14"
"1.1388330000000001E+002","2.2550000000000001E+001",14,15,1303,"2.2539999999999999E+001","1.138933E+002","15,14"
"1.138733E+002","2.2550000000000001E+001",14,14,1302,"2.2539999999999999E+001","1.1388330000000001E+002","14,14"
"1.138633E+002","2.2440000000000001E+001",3,13,289,"2.243E+001","1.138733E+002","13,3"
"1.141033E+002","2.2719999999999999E+001",31,37,2889,"2.2710000000000001E+001","1.141133E+002","37,31"
"1.140933E+002","2.2719999999999999E+001",31,36,2888,"2.2710000000000001E+001","1.141033E+002","36,31"
"1.1408329999999999E+002","2.2719999999999999E+001",31,35,2887,"2.2710000000000001E+001","1.140933E+002","35,31"
"1.140733E+002","2.2719999999999999E+001",31,34,2886,"2.2710000000000001E+001","1.1408329999999999E+002","34,31"
"1.140633E+002","2.2719999999999999E+001",31,33,2885,"2.2710000000000001E+001","1.140733E+002","33,31"
"1.1405329999999999E+002","2.2719999999999999E+001",31,32,2884,"2.2710000000000001E+001","1.140633E+002","32,31"
"1.140433E+002","2.2719999999999999E+001",31,31,2883,"2.2710000000000001E+001","1.1405329999999999E+002","31,31"
"1.140333E+002","2.2719999999999999E+001",31,30,2882,"2.2710000000000001E+001","1.140433E+002","30,31"
"1.1402330000000001E+002","2.2719999999999999E+001",31,29,2881,"2.2710000000000001E+001","1.140333E+002","29,31"
"1.140133E+002","2.2719999999999999E+001",31,28,2880,"2.2710000000000001E+001","1.1402330000000001E+002","28,31"
"1.138533E+002","2.2440000000000001E+001",3,12,288,"2.243E+001","1.138633E+002","12,3"
"1.140033E+002","2.2719999999999999E+001",31,27,2879,"2.2710000000000001E+001","1.140133E+002","27,31"
"1.139933E+002","2.2719999999999999E+001",31,26,2878,"2.2710000000000001E+001","1.140033E+002","26,31"
"1.139833E+002","2.2719999999999999E+001",31,25,2877,"2.2710000000000001E+001","1.139933E+002","25,31"
"1.1397329999999999E+002","2.2719999999999999E+001",31,24,2876,"2.2710000000000001E+001","1.139833E+002","24,31"
"1.139633E+002","2.2719999999999999E+001",31,23,2875,"2.2710000000000001E+001","1.1397329999999999E+002","23,31"
"1.139533E+002","2.2719999999999999E+001",31,22,2874,"2.2710000000000001E+001","1.139633E+002","22,31"
"1.1394329999999999E+002","2.2719999999999999E+001",31,21,2873,"2.2710000000000001E+001","1.139533E+002","21,31"
"1.139333E+002","2.2719999999999999E+001",31,20,2872,"2.2710000000000001E+001","1.1394329999999999E+002","20,31"
"1.139233E+002","2.2719999999999999E+001",31,19,2871,"2.2710000000000001E+001","1.139333E+002","19,31"
"1.1391330000000001E+002","2.2719999999999999E+001",31,18,2870,"2.2710000000000001E+001","1.139233E+002","18,31"
"1.138433E+002","2.2440000000000001E+001",3,11,287,"2.243E+001","1.138533E+002","11,3"
"1.139033E+002","2.2719999999999999E+001",31,17,2869,"2.2710000000000001E+001","1.1391330000000001E+002","17,31"
"1.138933E+002","2.2719999999999999E+001",31,16,2868,"2.2710000000000001E+001","1.139033E+002","16,31"
"1.1388330000000001E+002","2.2719999999999999E+001",31,15,2867,"2.2710000000000001E+001","1.138933E+002","15,31"
"1.138733E+002","2.2719999999999999E+001",31,14,2866,"2.2710000000000001E+001","1.1388330000000001E+002","14,31"
"1.138633E+002","2.2719999999999999E+001",31,13,2865,"2.2710000000000001E+001","1.138733E+002","13,31"
"1.138533E+002","2.2719999999999999E+001",31,12,2864,"2.2710000000000001E+001","1.138633E+002","12,31"
"1.138433E+002","2.2719999999999999E+001",31,11,2863,"2.2710000000000001E+001","1.138533E+002","11,31"
"1.1383329999999999E+002","2.2719999999999999E+001",31,10,2862,"2.2710000000000001E+001","1.138433E+002","10,31"
"1.138233E+002","2.2719999999999999E+001",31,9,2861,"2.2710000000000001E+001","1.1383329999999999E+002","9,31"
"1.138133E+002","2.2719999999999999E+001",31,8,2860,"2.2710000000000001E+001","1.138233E+002","8,31"
"1.1383329999999999E+002","2.2440000000000001E+001",3,10,286,"2.243E+001","1.138433E+002","10,3"
"1.1380329999999999E+002","2.2719999999999999E+001",31,7,2859,"2.2710000000000001E+001","1.138133E+002","7,31"
"1.137933E+002","2.2719999999999999E+001",31,6,2858,"2.2710000000000001E+001","1.1380329999999999E+002","6,31"
"1.137833E+002","2.2719999999999999E+001",31,5,2857,"2.2710000000000001E+001","1.137933E+002","5,31"
"1.1377330000000001E+002","2.2719999999999999E+001",31,4,2856,"2.2710000000000001E+001","1.137833E+002","4,31"
"1.137633E+002","2.2719999999999999E+001",31,3,2855,"2.2710000000000001E+001","1.1377330000000001E+002","3,31"
"1.137533E+002","2.2719999999999999E+001",31,2,2854,"2.2710000000000001E+001","1.137633E+002","2,31"
"1.137433E+002","2.2719999999999999E+001",31,1,2853,"2.2710000000000001E+001","1.137533E+002","1,31"
"1.137333E+002","2.2719999999999999E+001",31,0,2852,"2.2710000000000001E+001","1.137433E+002","0,31"
"1.146433E+002","2.2710000000000001E+001",30,91,2851,"2.2699999999999999E+001","1.146533E+002","91,30"
"1.1463330000000001E+002","2.2710000000000001E+001",30,90,2850,"2.2699999999999999E+001","1.146433E+002","90,30"
"1.138233E+002","2.2440000000000001E+001",3,9,285,"2.243E+001","1.1383329999999999E+002","9,3"
"1.146233E+002","2.2710000000000001E+001",30,89,2849,"2.2699999999999999E+001","1.1463330000000001E+002","89,30"
"1.146133E+002","2.2710000000000001E+001",30,88,2848,"2.2699999999999999E+001","1.146233E+002","88,30"
"1.146033E+002","2.2710000000000001E+001",30,87,2847,"2.2699999999999999E+001","1.146133E+002","87,30"
"1.145933E+002","2.2710000000000001E+001",30,86,2846,"2.2699999999999999E+001","1.146033E+002","86,30"
"1.1458329999999999E+002","2.2710000000000001E+001",30,85,2845,"2.2699999999999999E+001","1.145933E+002","85,30"
"1.145733E+002","2.2710000000000001E+001",30,84,2844,"2.2699999999999999E+001","1.1458329999999999E+002","84,30"
"1.145633E+002","2.2710000000000001E+001",30,83,2843,"2.2699999999999999E+001","1.145733E+002","83,30"
"1.1455329999999999E+002","2.2710000000000001E+001",30,82,2842,"2.2699999999999999E+001","1.145633E+002","82,30"
"1.145433E+002","2.2710000000000001E+001",30,81,2841,"2.2699999999999999E+001","1.1455329999999999E+002","81,30"
"1.145333E+002","2.2710000000000001E+001",30,80,2840,"2.2699999999999999E+001","1.145433E+002","80,30"
"1.138133E+002","2.2440000000000001E+001",3,8,284,"2.243E+001","1.138233E+002","8,3"
"1.1452330000000001E+002","2.2710000000000001E+001",30,79,2839,"2.2699999999999999E+001","1.145333E+002","79,30"
"1.145133E+002","2.2710000000000001E+001",30,78,2838,"2.2699999999999999E+001","1.1452330000000001E+002","78,30"
"1.145033E+002","2.2710000000000001E+001",30,77,2837,"2.2699999999999999E+001","1.145133E+002","77,30"
"1.144933E+002","2.2710000000000001E+001",30,76,2836,"2.2699999999999999E+001","1.145033E+002","76,30"
"1.144833E+002","2.2710000000000001E+001",30,75,2835,"2.2699999999999999E+001","1.144933E+002","75,30"
"1.1447329999999999E+002","2.2710000000000001E+001",30,74,2834,"2.2699999999999999E+001","1.144833E+002","74,30"
"1.144633E+002","2.2710000000000001E+001",30,73,2833,"2.2699999999999999E+001","1.1447329999999999E+002","73,30"
"1.144533E+002","2.2710000000000001E+001",30,72,2832,"2.2699999999999999E+001","1.144633E+002","72,30"
"1.1444329999999999E+002","2.2710000000000001E+001",30,71,2831,"2.2699999999999999E+001","1.144533E+002","71,30"
"1.144333E+002","2.2710000000000001E+001",30,70,2830,"2.2699999999999999E+001","1.1444329999999999E+002","70,30"
"1.1380329999999999E+002","2.2440000000000001E+001",3,7,283,"2.243E+001","1.138133E+002","7,3"
"1.144233E+002","2.2710000000000001E+001",30,69,2829,"2.2699999999999999E+001","1.144333E+002","69,30"
"1.1377330000000001E+002","2.275E+001",34,4,3132,"2.2739999999999998E+001","1.137833E+002","4,34"
"1.137633E+002","2.275E+001",34,3,3131,"2.2739999999999998E+001","1.1377330000000001E+002","3,34"
"1.137533E+002","2.275E+001",34,2,3130,"2.2739999999999998E+001","1.137633E+002","2,34"
"1.141033E+002","2.2440000000000001E+001",3,37,313,"2.243E+001","1.141133E+002","37,3"
"1.137433E+002","2.275E+001",34,1,3129,"2.2739999999999998E+001","1.137533E+002","1,34"
"1.137333E+002","2.275E+001",34,0,3128,"2.2739999999999998E+001","1.137433E+002","0,34"
"1.146433E+002","2.2739999999999998E+001",33,91,3127,"2.273E+001","1.146533E+002","91,33"
"1.1463330000000001E+002","2.2739999999999998E+001",33,90,3126,"2.273E+001","1.146433E+002","90,33"
"1.146233E+002","2.2739999999999998E+001",33,89,3125,"2.273E+001","1.1463330000000001E+002","89,33"
"1.146133E+002","2.2739999999999998E+001",33,88,3124,"2.273E+001","1.146233E+002","88,33"
"1.146033E+002","2.2739999999999998E+001",33,87,3123,"2.273E+001","1.146133E+002","87,33"
"1.145933E+002","2.2739999999999998E+001",33,86,3122,"2.273E+001","1.146033E+002","86,33"
"1.1458329999999999E+002","2.2739999999999998E+001",33,85,3121,"2.273E+001","1.145933E+002","85,33"
"1.145733E+002","2.2739999999999998E+001",33,84,3120,"2.273E+001","1.1458329999999999E+002","84,33"
"1.140933E+002","2.2440000000000001E+001",3,36,312,"2.243E+001","1.141033E+002","36,3"
"1.145633E+002","2.2739999999999998E+001",33,83,3119,"2.273E+001","1.145733E+002","83,33"
"1.1455329999999999E+002","2.2739999999999998E+001",33,82,3118,"2.273E+001","1.145633E+002","82,33"
"1.145433E+002","2.2739999999999998E+001",33,81,3117,"2.273E+001","1.1455329999999999E+002","81,33"
"1.145333E+002","2.2739999999999998E+001",33,80,3116,"2.273E+001","1.145433E+002","80,33"
"1.1452330000000001E+002","2.2739999999999998E+001",33,79,3115,"2.273E+001","1.145333E+002","79,33"
"1.145133E+002","2.2739999999999998E+001",33,78,3114,"2.273E+001","1.1452330000000001E+002","78,33"
"1.145033E+002","2.2739999999999998E+001",33,77,3113,"2.273E+001","1.145133E+002","77,33"
"1.144933E+002","2.2739999999999998E+001",33,76,3112,"2.273E+001","1.145033E+002","76,33"
"1.144833E+002","2.2739999999999998E+001",33,75,3111,"2.273E+001","1.144933E+002","75,33"
"1.1447329999999999E+002","2.2739999999999998E+001",33,74,3110,"2.273E+001","1.144833E+002","74,33"
"1.1408329999999999E+002","2.2440000000000001E+001",3,35,311,"2.243E+001","1.140933E+002","35,3"
"1.144633E+002","2.2739999999999998E+001",33,73,3109,"2.273E+001","1.1447329999999999E+002","73,33"
"1.144533E+002","2.2739999999999998E+001",33,72,3108,"2.273E+001","1.144633E+002","72,33"
"1.1444329999999999E+002","2.2739999999999998E+001",33,71,3107,"2.273E+001","1.144533E+002","71,33"
"1.144333E+002","2.2739999999999998E+001",33,70,3106,"2.273E+001","1.1444329999999999E+002","70,33"
"1.144233E+002","2.2739999999999998E+001",33,69,3105,"2.273E+001","1.144333E+002","69,33"
"1.1441330000000001E+002","2.2739999999999998E+001",33,68,3104,"2.273E+001","1.144233E+002","68,33"
"1.144033E+002","2.2739999999999998E+001",33,67,3103,"2.273E+001","1.1441330000000001E+002","67,33"
"1.143933E+002","2.2739999999999998E+001",33,66,3102,"2.273E+001","1.144033E+002","66,33"
"1.1438330000000001E+002","2.2739999999999998E+001",33,65,3101,"2.273E+001","1.143933E+002","65,33"
"1.143733E+002","2.2739999999999998E+001",33,64,3100,"2.273E+001","1.1438330000000001E+002","64,33"
"1.140733E+002","2.2440000000000001E+001",3,34,310,"2.243E+001","1.1408329999999999E+002","34,3"
"1.140433E+002","2.241E+001",0,31,31,"2.2399999999999999E+001","1.1405329999999999E+002","31,0"
"1.143633E+002","2.2739999999999998E+001",33,63,3099,"2.273E+001","1.143733E+002","63,33"
"1.143533E+002","2.2739999999999998E+001",33,62,3098,"2.273E+001","1.143633E+002","62,33"
"1.143433E+002","2.2739999999999998E+001",33,61,3097,"2.273E+001","1.143533E+002","61,33"
"1.1433329999999999E+002","2.2739999999999998E+001",33,60,3096,"2.273E+001","1.143433E+002","60,33"
"1.143233E+002","2.2739999999999998E+001",33,59,3095,"2.273E+001","1.1433329999999999E+002","59,33"
"1.143133E+002","2.2739999999999998E+001",33,58,3094,"2.273E+001","1.143233E+002","58,33"
"1.1430329999999999E+002","2.2739999999999998E+001",33,57,3093,"2.273E+001","1.143133E+002","57,33"
"1.142933E+002","2.2739999999999998E+001",33,56,3092,"2.273E+001","1.1430329999999999E+002","56,33"
"1.142833E+002","2.2739999999999998E+001",33,55,3091,"2.273E+001","1.142933E+002","55,33"
"1.1427330000000001E+002","2.2739999999999998E+001",33,54,3090,"2.273E+001","1.142833E+002","54,33"
"1.140633E+002","2.2440000000000001E+001",3,33,309,"2.243E+001","1.140733E+002","33,3"
"1.142633E+002","2.2739999999999998E+001",33,53,3089,"2.273E+001","1.1427330000000001E+002","53,33"
"1.142533E+002","2.2739999999999998E+001",33,52,3088,"2.273E+001","1.142633E+002","52,33"
"1.142433E+002","2.2739999999999998E+001",33,51,3087,"2.273E+001","1.142533E+002","51,33"
"1.142333E+002","2.2739999999999998E+001",33,50,3086,"2.273E+001","1.142433E+002","50,33"
"1.1422329999999999E+002","2.2739999999999998E+001",33,49,3085,"2.273E+001","1.142333E+002","49,33"
"1.142133E+002","2.2739999999999998E+001",33,48,3084,"2.273E+001","1.1422329999999999E+002","48,33"
"1.142033E+002","2.2739999999999998E+001",33,47,3083,"2.273E+001","1.142133E+002","47,33"
"1.1419329999999999E+002","2.2739999999999998E+001",33,46,3082,"2.273E+001","1.142033E+002","46,33"
"1.141833E+002","2.2739999999999998E+001",33,45,3081,"2.273E+001","1.1419329999999999E+002","45,33"
"1.141733E+002","2.2739999999999998E+001",33,44,3080,"2.273E+001","1.141833E+002","44,33"
"1.1405329999999999E+002","2.2440000000000001E+001",3,32,308,"2.243E+001","1.140633E+002","32,3"
"1.1416330000000001E+002","2.2739999999999998E+001",33,43,3079,"2.273E+001","1.141733E+002","43,33"
"1.141533E+002","2.2739999999999998E+001",33,42,3078,"2.273E+001","1.1416330000000001E+002","42,33"
"1.141433E+002","2.2739999999999998E+001",33,41,3077,"2.273E+001","1.141533E+002","41,33"
"1.1413330000000001E+002","2.2739999999999998E+001",33,40,3076,"2.273E+001","1.141433E+002","40,33"
"1.141233E+002","2.2739999999999998E+001",33,39,3075,"2.273E+001","1.1413330000000001E+002","39,33"
"1.141133E+002","2.2739999999999998E+001",33,38,3074,"2.273E+001","1.141233E+002","38,33"
"1.141033E+002","2.2739999999999998E+001",33,37,3073,"2.273E+001","1.141133E+002","37,33"
"1.140933E+002","2.2739999999999998E+001",33,36,3072,"2.273E+001","1.141033E+002","36,33"
"1.1452330000000001E+002","2.259E+001",18,79,1735,"2.2579999999999998E+001","1.145333E+002","79,18"
"1.145133E+002","2.259E+001",18,78,1734,"2.2579999999999998E+001","1.1452330000000001E+002","78,18"
"1.145033E+002","2.259E+001",18,77,1733,"2.2579999999999998E+001","1.145133E+002","77,18"
"1.144933E+002","2.259E+001",18,76,1732,"2.2579999999999998E+001","1.145033E+002","76,18"
"1.144833E+002","2.259E+001",18,75,1731,"2.2579999999999998E+001","1.144933E+002","75,18"
"1.1447329999999999E+002","2.259E+001",18,74,1730,"2.2579999999999998E+001","1.144833E+002","74,18"
"1.145433E+002","2.2420000000000002E+001",1,81,173,"2.241E+001","1.1455329999999999E+002","81,1"
"1.144633E+002","2.259E+001",18,73,1729,"2.2579999999999998E+001","1.1447329999999999E+002","73,18"
"1.144533E+002","2.259E+001",18,72,1728,"2.2579999999999998E+001","1.144633E+002","72,18"
"1.1444329999999999E+002","2.259E+001",18,71,1727,"2.2579999999999998E+001","1.144533E+002","71,18"
"1.144333E+002","2.259E+001",18,70,1726,"2.2579999999999998E+001","1.1444329999999999E+002","70,18"
"1.144233E+002","2.259E+001",18,69,1725,"2.2579999999999998E+001","1.144333E+002","69,18"
"1.1441330000000001E+002","2.259E+001",18,68,1724,"2.2579999999999998E+001","1.144233E+002","68,18"
"1.144033E+002","2.259E+001",18,67,1723,"2.2579999999999998E+001","1.1441330000000001E+002","67,18"
"1.143933E+002","2.259E+001",18,66,1722,"2.2579999999999998E+001","1.144033E+002","66,18"
"1.1438330000000001E+002","2.259E+001",18,65,1721,"2.2579999999999998E+001","1.143933E+002","65,18"
"1.143733E+002","2.259E+001",18,64,1720,"2.2579999999999998E+001","1.1438330000000001E+002","64,18"
"1.145333E+002","2.2420000000000002E+001",1,80,172,"2.241E+001","1.145433E+002","80,1"
"1.143633E+002","2.259E+001",18,63,1719,"2.2579999999999998E+001","1.143733E+002","63,18"
"1.143533E+002","2.259E+001",18,62,1718,"2.2579999999999998E+001","1.143633E+002","62,18"
"1.143433E+002","2.259E+001",18,61,1717,"2.2579999999999998E+001","1.143533E+002","61,18"
"1.1433329999999999E+002","2.259E+001",18,60,1716,"2.2579999999999998E+001","1.143433E+002","60,18"
"1.143233E+002","2.259E+001",18,59,1715,"2.2579999999999998E+001","1.1433329999999999E+002","59,18"
"1.143133E+002","2.259E+001",18,58,1714,"2.2579999999999998E+001","1.143233E+002","58,18"
"1.1430329999999999E+002","2.259E+001",18,57,1713,"2.2579999999999998E+001","1.143133E+002","57,18"
"1.142933E+002","2.259E+001",18,56,1712,"2.2579999999999998E+001","1.1430329999999999E+002","56,18"
"1.142833E+002","2.259E+001",18,55,1711,"2.2579999999999998E+001","1.142933E+002","55,18"
"1.1427330000000001E+002","2.259E+001",18,54,1710,"2.2579999999999998E+001","1.142833E+002","54,18"
"1.1452330000000001E+002","2.2420000000000002E+001",1,79,171,"2.241E+001","1.145333E+002","79,1"
"1.142633E+002","2.259E+001",18,53,1709,"2.2579999999999998E+001","1.1427330000000001E+002","53,18"
"1.142533E+002","2.259E+001",18,52,1708,"2.2579999999999998E+001","1.142633E+002","52,18"
"1.142433E+002","2.259E+001",18,51,1707,"2.2579999999999998E+001","1.142533E+002","51,18"
"1.142333E+002","2.259E+001",18,50,1706,"2.2579999999999998E+001","1.142433E+002","50,18"
"1.1422329999999999E+002","2.259E+001",18,49,1705,"2.2579999999999998E+001","1.142333E+002","49,18"
"1.142133E+002","2.259E+001",18,48,1704,"2.2579999999999998E+001","1.1422329999999999E+002","48,18"
"1.142033E+002","2.259E+001",18,47,1703,"2.2579999999999998E+001","1.142133E+002","47,18"
"1.1419329999999999E+002","2.259E+001",18,46,1702,"2.2579999999999998E+001","1.142033E+002","46,18"
"1.141833E+002","2.259E+001",18,45,1701,"2.2579999999999998E+001","1.1419329999999999E+002","45,18"
"1.141733E+002","2.259E+001",18,44,1700,"2.2579999999999998E+001","1.141833E+002","44,18"
"1.145133E+002","2.2420000000000002E+001",1,78,170,"2.241E+001","1.1452330000000001E+002","78,1"
"1.139033E+002","2.241E+001",0,17,17,"2.2399999999999999E+001","1.1391330000000001E+002","17,0"
"1.1416330000000001E+002","2.259E+001",18,43,1699,"2.2579999999999998E+001","1.141733E+002","43,18"
"1.141533E+002","2.259E+001",18,42,1698,"2.2579999999999998E+001","1.1416330000000001E+002","42,18"
"1.141433E+002","2.259E+001",18,41,1697,"2.2579999999999998E+001","1.141533E+002","41,18"
"1.1413330000000001E+002","2.259E+001",18,40,1696,"2.2579999999999998E+001","1.141433E+002","40,18"
"1.141233E+002","2.259E+001",18,39,1695,"2.2579999999999998E+001","1.1413330000000001E+002","39,18"
"1.141133E+002","2.259E+001",18,38,1694,"2.2579999999999998E+001","1.141233E+002","38,18"
"1.141033E+002","2.259E+001",18,37,1693,"2.2579999999999998E+001","1.141133E+002","37,18"
"1.140933E+002","2.259E+001",18,36,1692,"2.2579999999999998E+001","1.141033E+002","36,18"
"1.1408329999999999E+002","2.259E+001",18,35,1691,"2.2579999999999998E+001","1.140933E+002","35,18"
"1.140733E+002","2.259E+001",18,34,1690,"2.2579999999999998E+001","1.1408329999999999E+002","34,18"
"1.145033E+002","2.2420000000000002E+001",1,77,169,"2.241E+001","1.145133E+002","77,1"
"1.140633E+002","2.259E+001",18,33,1689,"2.2579999999999998E+001","1.140733E+002","33,18"
"1.1405329999999999E+002","2.259E+001",18,32,1688,"2.2579999999999998E+001","1.140633E+002","32,18"
"1.140433E+002","2.259E+001",18,31,1687,"2.2579999999999998E+001","1.1405329999999999E+002","31,18"
"1.140333E+002","2.259E+001",18,30,1686,"2.2579999999999998E+001","1.140433E+002","30,18"
"1.1402330000000001E+002","2.259E+001",18,29,1685,"2.2579999999999998E+001","1.140333E+002","29,18"
"1.140133E+002","2.259E+001",18,28,1684,"2.2579999999999998E+001","1.1402330000000001E+002","28,18"
"1.140033E+002","2.259E+001",18,27,1683,"2.2579999999999998E+001","1.140133E+002","27,18"
"1.139933E+002","2.259E+001",18,26,1682,"2.2579999999999998E+001","1.140033E+002","26,18"
"1.139833E+002","2.259E+001",18,25,1681,"2.2579999999999998E+001","1.139933E+002","25,18"
"1.1397329999999999E+002","2.259E+001",18,24,1680,"2.2579999999999998E+001","1.139833E+002","24,18"
"1.144933E+002","2.2420000000000002E+001",1,76,168,"2.241E+001","1.145033E+002","76,1"
"1.139633E+002","2.259E+001",18,23,1679,"2.2579999999999998E+001","1.1397329999999999E+002","23,18"
"1.139533E+002","2.259E+001",18,22,1678,"2.2579999999999998E+001","1.139633E+002","22,18"
"1.1394329999999999E+002","2.259E+001",18,21,1677,"2.2579999999999998E+001","1.139533E+002","21,18"
"1.139333E+002","2.259E+001",18,20,1676,"2.2579999999999998E+001","1.1394329999999999E+002","20,18"
"1.1427330000000001E+002","2.282E+001",41,54,3826,"2.2809999999999999E+001","1.142833E+002","54,41"
"1.142633E+002","2.282E+001",41,53,3825,"2.2809999999999999E+001","1.1427330000000001E+002","53,41"
"1.142533E+002","2.282E+001",41,52,3824,"2.2809999999999999E+001","1.142633E+002","52,41"
"1.142433E+002","2.282E+001",41,51,3823,"2.2809999999999999E+001","1.142533E+002","51,41"
"1.142333E+002","2.282E+001",41,50,3822,"2.2809999999999999E+001","1.142433E+002","50,41"
"1.1422329999999999E+002","2.282E+001",41,49,3821,"2.2809999999999999E+001","1.142333E+002","49,41"
"1.142133E+002","2.282E+001",41,48,3820,"2.2809999999999999E+001","1.1422329999999999E+002","48,41"
"1.138733E+002","2.2449999999999999E+001",4,14,382,"2.2440000000000001E+001","1.1388330000000001E+002","14,4"
"1.142033E+002","2.282E+001",41,47,3819,"2.2809999999999999E+001","1.142133E+002","47,41"
"1.1419329999999999E+002","2.282E+001",41,46,3818,"2.2809999999999999E+001","1.142033E+002","46,41"
"1.141833E+002","2.282E+001",41,45,3817,"2.2809999999999999E+001","1.1419329999999999E+002","45,41"
"1.141733E+002","2.282E+001",41,44,3816,"2.2809999999999999E+001","1.141833E+002","44,41"
"1.1416330000000001E+002","2.282E+001",41,43,3815,"2.2809999999999999E+001","1.141733E+002","43,41"
"1.141533E+002","2.282E+001",41,42,3814,"2.2809999999999999E+001","1.1416330000000001E+002","42,41"
"1.141433E+002","2.282E+001",41,41,3813,"2.2809999999999999E+001","1.141533E+002","41,41"
"1.1413330000000001E+002","2.282E+001",41,40,3812,"2.2809999999999999E+001","1.141433E+002","40,41"
"1.141233E+002","2.282E+001",41,39,3811,"2.2809999999999999E+001","1.1413330000000001E+002","39,41"
"1.141133E+002","2.282E+001",41,38,3810,"2.2809999999999999E+001","1.141233E+002","38,41"
"1.138633E+002","2.2449999999999999E+001",4,13,381,"2.2440000000000001E+001","1.138733E+002","13,4"
"1.141033E+002","2.282E+001",41,37,3809,"2.2809999999999999E+001","1.141133E+002","37,41"
"1.140933E+002","2.282E+001",41,36,3808,"2.2809999999999999E+001","1.141033E+002","36,41"
"1.1408329999999999E+002","2.282E+001",41,35,3807,"2.2809999999999999E+001","1.140933E+002","35,41"
"1.140733E+002","2.282E+001",41,34,3806,"2.2809999999999999E+001","1.1408329999999999E+002","34,41"
"1.140633E+002","2.282E+001",41,33,3805,"2.2809999999999999E+001","1.140733E+002","33,41"
"1.1405329999999999E+002","2.282E+001",41,32,3804,"2.2809999999999999E+001","1.140633E+002","32,41"
"1.140433E+002","2.282E+001",41,31,3803,"2.2809999999999999E+001","1.1405329999999999E+002","31,41"
"1.140333E+002","2.282E+001",41,30,3802,"2.2809999999999999E+001","1.140433E+002","30,41"
"1.1402330000000001E+002","2.282E+001",41,29,3801,"2.2809999999999999E+001","1.140333E+002","29,41"
"1.140133E+002","2.282E+001",41,28,3800,"2.2809999999999999E+001","1.1402330000000001E+002","28,41"
"1.138533E+002","2.2449999999999999E+001",4,12,380,"2.2440000000000001E+001","1.138633E+002","12,4"
"1.141133E+002","2.241E+001",0,38,38,"2.2399999999999999E+001","1.141233E+002","38,0"
"1.140033E+002","2.282E+001",41,27,3799,"2.2809999999999999E+001","1.140133E+002","27,41"
"1.139933E+002","2.282E+001",41,26,3798,"2.2809999999999999E+001","1.140033E+002","26,41"
"1.139833E+002","2.282E+001",41,25,3797,"2.2809999999999999E+001","1.139933E+002","25,41"
"1.1397329999999999E+002","2.282E+001",41,24,3796,"2.2809999999999999E+001","1.139833E+002","24,41"
"1.139633E+002","2.282E+001",41,23,3795,"2.2809999999999999E+001","1.1397329999999999E+002","23,41"
"1.139533E+002","2.282E+001",41,22,3794,"2.2809999999999999E+001","1.139633E+002","22,41"
"1.1394329999999999E+002","2.282E+001",41,21,3793,"2.2809999999999999E+001","1.139533E+002","21,41"
"1.139333E+002","2.282E+001",41,20,3792,"2.2809999999999999E+001","1.1394329999999999E+002","20,41"
"1.139233E+002","2.282E+001",41,19,3791,"2.2809999999999999E+001","1.139333E+002","19,41"
"1.1391330000000001E+002","2.282E+001",41,18,3790,"2.2809999999999999E+001","1.139233E+002","18,41"
"1.138433E+002","2.2449999999999999E+001",4,11,379,"2.2440000000000001E+001","1.138533E+002","11,4"
"1.139033E+002","2.282E+001",41,17,3789,"2.2809999999999999E+001","1.1391330000000001E+002","17,41"
"1.138933E+002","2.282E+001",41,16,3788,"2.2809999999999999E+001","1.139033E+002","16,41"
"1.1388330000000001E+002","2.282E+001",41,15,3787,"2.2809999999999999E+001","1.138933E+002","15,41"
"1.138733E+002","2.282E+001",41,14,3786,"2.2809999999999999E+001","1.1388330000000001E+002","14,41"
"1.138633E+002","2.282E+001",41,13,3785,"2.2809999999999999E+001","1.138733E+002","13,41"
"1.138533E+002","2.282E+001",41,12,3784,"2.2809999999999999E+001","1.138633E+002","12,41"
"1.138433E+002","2.282E+001",41,11,3783,"2.2809999999999999E+001","1.138533E+002","11,41"
"1.1383329999999999E+002","2.282E+001",41,10,3782,"2.2809999999999999E+001","1.138433E+002","10,41"
"1.138233E+002","2.282E+001",41,9,3781,"2.2809999999999999E+001","1.1383329999999999E+002","9,41"
"1.138133E+002","2.282E+001",41,8,3780,"2.2809999999999999E+001","1.138233E+002","8,41"
"1.1383329999999999E+002","2.2449999999999999E+001",4,10,378,"2.2440000000000001E+001","1.138433E+002","10,4"
"1.1380329999999999E+002","2.282E+001",41,7,3779,"2.2809999999999999E+001","1.138133E+002","7,41"
"1.137933E+002","2.282E+001",41,6,3778,"2.2809999999999999E+001","1.1380329999999999E+002","6,41"
"1.137833E+002","2.282E+001",41,5,3777,"2.2809999999999999E+001","1.137933E+002","5,41"
"1.1377330000000001E+002","2.282E+001",41,4,3776,"2.2809999999999999E+001","1.137833E+002","4,41"
"1.137633E+002","2.282E+001",41,3,3775,"2.2809999999999999E+001","1.1377330000000001E+002","3,41"
"1.137533E+002","2.282E+001",41,2,3774,"2.2809999999999999E+001","1.137633E+002","2,41"
"1.137433E+002","2.282E+001",41,1,3773,"2.2809999999999999E+001","1.137533E+002","1,41"
"1.137333E+002","2.282E+001",41,0,3772,"2.2809999999999999E+001","1.137433E+002","0,41"
"1.146433E+002","2.2809999999999999E+001",40,91,3771,"2.2800000000000001E+001","1.146533E+002","91,40"
"1.1463330000000001E+002","2.2809999999999999E+001",40,90,3770,"2.2800000000000001E+001","1.146433E+002","90,40"
"1.138233E+002","2.2449999999999999E+001",4,9,377,"2.2440000000000001E+001","1.1383329999999999E+002","9,4"
"1.146233E+002","2.2809999999999999E+001",40,89,3769,"2.2800000000000001E+001","1.1463330000000001E+002","89,40"
"1.146133E+002","2.2809999999999999E+001",40,88,3768,"2.2800000000000001E+001","1.146233E+002","88,40"
"1.146033E+002","2.2809999999999999E+001",40,87,3767,"2.2800000000000001E+001","1.146133E+002","87,40"
"1.145933E+002","2.2809999999999999E+001",40,86,3766,"2.2800000000000001E+001","1.146033E+002","86,40"
"1.141233E+002","2.2449999999999999E+001",4,39,407,"2.2440000000000001E+001","1.1413330000000001E+002","39,4"
"1.1394329999999999E+002","2.2850000000000001E+001",44,21,4069,"2.284E+001","1.139533E+002","21,44"
"1.139333E+002","2.2850000000000001E+001",44,20,4068,"2.284E+001","1.1394329999999999E+002","20,44"
"1.139233E+002","2.2850000000000001E+001",44,19,4067,"2.284E+001","1.139333E+002","19,44"
"1.1391330000000001E+002","2.2850000000000001E+001",44,18,4066,"2.284E+001","1.139233E+002","18,44"
"1.139033E+002","2.2850000000000001E+001",44,17,4065,"2.284E+001","1.1391330000000001E+002","17,44"
"1.138933E+002","2.2850000000000001E+001",44,16,4064,"2.284E+001","1.139033E+002","16,44"
"1.1388330000000001E+002","2.2850000000000001E+001",44,15,4063,"2.284E+001","1.138933E+002","15,44"
"1.138733E+002","2.2850000000000001E+001",44,14,4062,"2.284E+001","1.1388330000000001E+002","14,44"
"1.138633E+002","2.2850000000000001E+001",44,13,4061,"2.284E+001","1.138733E+002","13,44"
"1.138533E+002","2.2850000000000001E+001",44,12,4060,"2.284E+001","1.138633E+002","12,44"
"1.141133E+002","2.2449999999999999E+001",4,38,406,"2.2440000000000001E+001","1.141233E+002","38,4"
"1.138433E+002","2.2850000000000001E+001",44,11,4059,"2.284E+001","1.138533E+002","11,44"
"1.1383329999999999E+002","2.2850000000000001E+001",44,10,4058,"2.284E+001","1.138433E+002","10,44"
"1.138233E+002","2.2850000000000001E+001",44,9,4057,"2.284E+001","1.1383329999999999E+002","9,44"
"1.138133E+002","2.2850000000000001E+001",44,8,4056,"2.284E+001","1.138233E+002","8,44"
"1.1380329999999999E+002","2.2850000000000001E+001",44,7,4055,"2.284E+001","1.138133E+002","7,44"
"1.137933E+002","2.2850000000000001E+001",44,6,4054,"2.284E+001","1.1380329999999999E+002","6,44"
"1.137833E+002","2.2850000000000001E+001",44,5,4053,"2.284E+001","1.137933E+002","5,44"
"1.1377330000000001E+002","2.2850000000000001E+001",44,4,4052,"2.284E+001","1.137833E+002","4,44"
"1.137633E+002","2.2850000000000001E+001",44,3,4051,"2.284E+001","1.1377330000000001E+002","3,44"
"1.137533E+002","2.2850000000000001E+001",44,2,4050,"2.284E+001","1.137633E+002","2,44"
"1.141033E+002","2.2449999999999999E+001",4,37,405,"2.2440000000000001E+001","1.141133E+002","37,4"
"1.137433E+002","2.2850000000000001E+001",44,1,4049,"2.284E+001","1.137533E+002","1,44"
"1.137333E+002","2.2850000000000001E+001",44,0,4048,"2.284E+001","1.137433E+002","0,44"
"1.146433E+002","2.284E+001",43,91,4047,"2.2829999999999998E+001","1.146533E+002","91,43"
"1.1463330000000001E+002","2.284E+001",43,90,4046,"2.2829999999999998E+001","1.146433E+002","90,43"
"1.146233E+002","2.284E+001",43,89,4045,"2.2829999999999998E+001","1.1463330000000001E+002","89,43"
"1.146133E+002","2.284E+001",43,88,4044,"2.2829999999999998E+001","1.146233E+002","88,43"
"1.146033E+002","2.284E+001",43,87,4043,"2.2829999999999998E+001","1.146133E+002","87,43"
"1.145933E+002","2.284E+001",43,86,4042,"2.2829999999999998E+001","1.146033E+002","86,43"
"1.1458329999999999E+002","2.284E+001",43,85,4041,"2.2829999999999998E+001","1.145933E+002","85,43"
"1.145733E+002","2.284E+001",43,84,4040,"2.2829999999999998E+001","1.1458329999999999E+002","84,43"
"1.140933E+002","2.2449999999999999E+001",4,36,404,"2.2440000000000001E+001","1.141033E+002","36,4"
"1.145633E+002","2.284E+001",43,83,4039,"2.2829999999999998E+001","1.145733E+002","83,43"
"1.1455329999999999E+002","2.284E+001",43,82,4038,"2.2829999999999998E+001","1.145633E+002","82,43"
"1.145433E+002","2.284E+001",43,81,4037,"2.2829999999999998E+001","1.1455329999999999E+002","81,43"
"1.145333E+002","2.284E+001",43,80,4036,"2.2829999999999998E+001","1.145433E+002","80,43"
"1.1452330000000001E+002","2.284E+001",43,79,4035,"2.2829999999999998E+001","1.145333E+002","79,43"
"1.145133E+002","2.284E+001",43,78,4034,"2.2829999999999998E+001","1.1452330000000001E+002","78,43"
"1.145033E+002","2.284E+001",43,77,4033,"2.2829999999999998E+001","1.145133E+002","77,43"
"1.144933E+002","2.284E+001",43,76,4032,"2.2829999999999998E+001","1.145033E+002","76,43"
"1.144833E+002","2.284E+001",43,75,4031,"2.2829999999999998E+001","1.144933E+002","75,43"
"1.1447329999999999E+002","2.284E+001",43,74,4030,"2.2829999999999998E+001","1.144833E+002","74,43"
"1.1408329999999999E+002","2.2449999999999999E+001",4,35,403,"2.2440000000000001E+001","1.140933E+002","35,4"
"1.144633E+002","2.284E+001",43,73,4029,"2.2829999999999998E+001","1.1447329999999999E+002","73,43"
"1.144533E+002","2.284E+001",43,72,4028,"2.2829999999999998E+001","1.144633E+002","72,43"
"1.1444329999999999E+002","2.284E+001",43,71,4027,"2.2829999999999998E+001","1.144533E+002","71,43"
"1.144333E+002","2.284E+001",43,70,4026,"2.2829999999999998E+001","1.1444329999999999E+002","70,43"
"1.144233E+002","2.284E+001",43,69,4025,"2.2829999999999998E+001","1.144333E+002","69,43"
"1.1441330000000001E+002","2.284E+001",43,68,4024,"2.2829999999999998E+001","1.144233E+002","68,43"
"1.144033E+002","2.284E+001",43,67,4023,"2.2829999999999998E+001","1.1441330000000001E+002","67,43"
"1.143933E+002","2.284E+001",43,66,4022,"2.2829999999999998E+001","1.144033E+002","66,43"
"1.1438330000000001E+002","2.284E+001",43,65,4021,"2.2829999999999998E+001","1.143933E+002","65,43"
"1.143733E+002","2.284E+001",43,64,4020,"2.2829999999999998E+001","1.1438330000000001E+002","64,43"
"1.140733E+002","2.2449999999999999E+001",4,34,402,"2.2440000000000001E+001","1.1408329999999999E+002","34,4"
"1.143633E+002","2.284E+001",43,63,4019,"2.2829999999999998E+001","1.143733E+002","63,43"
"1.143533E+002","2.284E+001",43,62,4018,"2.2829999999999998E+001","1.143633E+002","62,43"
"1.143433E+002","2.284E+001",43,61,4017,"2.2829999999999998E+001","1.143533E+002","61,43"
"1.1433329999999999E+002","2.284E+001",43,60,4016,"2.2829999999999998E+001","1.143433E+002","60,43"
"1.143233E+002","2.284E+001",43,59,4015,"2.2829999999999998E+001","1.1433329999999999E+002","59,43"
"1.143133E+002","2.284E+001",43,58,4014,"2.2829999999999998E+001","1.143233E+002","58,43"
"1.1430329999999999E+002","2.284E+001",43,57,4013,"2.2829999999999998E+001","1.143133E+002","57,43"
"1.142933E+002","2.284E+001",43,56,4012,"2.2829999999999998E+001","1.1430329999999999E+002","56,43"
"1.142833E+002","2.284E+001",43,55,4011,"2.2829999999999998E+001","1.142933E+002","55,43"
"1.1427330000000001E+002","2.284E+001",43,54,4010,"2.2829999999999998E+001","1.142833E+002","54,43"
"1.140633E+002","2.2449999999999999E+001",4,33,401,"2.2440000000000001E+001","1.140733E+002","33,4"
"1.142633E+002","2.284E+001",43,53,4009,"2.2829999999999998E+001","1.1427330000000001E+002","53,43"
"1.1377330000000001E+002","2.277E+001",36,4,3316,"2.2760000000000002E+001","1.137833E+002","4,36"
"1.137633E+002","2.277E+001",36,3,3315,"2.2760000000000002E+001","1.1377330000000001E+002","3,36"
"1.137533E+002","2.277E+001",36,2,3314,"2.2760000000000002E+001","1.137633E+002","2,36"
"1.137433E+002","2.277E+001",36,1,3313,"2.2760000000000002E+001","1.137533E+002","1,36"
"1.137333E+002","2.277E+001",36,0,3312,"2.2760000000000002E+001","1.137433E+002","0,36"
"1.146433E+002","2.2760000000000002E+001",35,91,3311,"2.275E+001","1.146533E+002","91,35"
"1.1463330000000001E+002","2.2760000000000002E+001",35,90,3310,"2.275E+001","1.146433E+002","90,35"
"1.142833E+002","2.2440000000000001E+001",3,55,331,"2.243E+001","1.142933E+002","55,3"
"1.146233E+002","2.2760000000000002E+001",35,89,3309,"2.275E+001","1.1463330000000001E+002","89,35"
"1.146133E+002","2.2760000000000002E+001",35,88,3308,"2.275E+001","1.146233E+002","88,35"
"1.146033E+002","2.2760000000000002E+001",35,87,3307,"2.275E+001","1.146133E+002","87,35"
"1.145933E+002","2.2760000000000002E+001",35,86,3306,"2.275E+001","1.146033E+002","86,35"
"1.1458329999999999E+002","2.2760000000000002E+001",35,85,3305,"2.275E+001","1.145933E+002","85,35"
"1.145733E+002","2.2760000000000002E+001",35,84,3304,"2.275E+001","1.1458329999999999E+002","84,35"
"1.145633E+002","2.2760000000000002E+001",35,83,3303,"2.275E+001","1.145733E+002","83,35"
"1.1455329999999999E+002","2.2760000000000002E+001",35,82,3302,"2.275E+001","1.145633E+002","82,35"
"1.145433E+002","2.2760000000000002E+001",35,81,3301,"2.275E+001","1.1455329999999999E+002","81,35"
"1.145333E+002","2.2760000000000002E+001",35,80,3300,"2.275E+001","1.145433E+002","80,35"
"1.1427330000000001E+002","2.2440000000000001E+001",3,54,330,"2.243E+001","1.142833E+002","54,3"
"1.140633E+002","2.241E+001",0,33,33,"2.2399999999999999E+001","1.140733E+002","33,0"
"1.1452330000000001E+002","2.2760000000000002E+001",35,79,3299,"2.275E+001","1.145333E+002","79,35"
"1.145133E+002","2.2760000000000002E+001",35,78,3298,"2.275E+001","1.1452330000000001E+002","78,35"
"1.145033E+002","2.2760000000000002E+001",35,77,3297,"2.275E+001","1.145133E+002","77,35"
"1.144933E+002","2.2760000000000002E+001",35,76,3296,"2.275E+001","1.145033E+002","76,35"
"1.144833E+002","2.2760000000000002E+001",35,75,3295,"2.275E+001","1.144933E+002","75,35"
"1.1447329999999999E+002","2.2760000000000002E+001",35,74,3294,"2.275E+001","1.144833E+002","74,35"
"1.144633E+002","2.2760000000000002E+001",35,73,3293,"2.275E+001","1.1447329999999999E+002","73,35"
"1.144533E+002","2.2760000000000002E+001",35,72,3292,"2.275E+001","1.144633E+002","72,35"
"1.1444329999999999E+002","2.2760000000000002E+001",35,71,3291,"2.275E+001","1.144533E+002","71,35"
"1.144333E+002","2.2760000000000002E+001",35,70,3290,"2.275E+001","1.1444329999999999E+002","70,35"
"1.142633E+002","2.2440000000000001E+001",3,53,329,"2.243E+001","1.1427330000000001E+002","53,3"
"1.144233E+002","2.2760000000000002E+001",35,69,3289,"2.275E+001","1.144333E+002","69,35"
"1.1441330000000001E+002","2.2760000000000002E+001",35,68,3288,"2.275E+001","1.144233E+002","68,35"
"1.144033E+002","2.2760000000000002E+001",35,67,3287,"2.275E+001","1.1441330000000001E+002","67,35"
"1.143933E+002","2.2760000000000002E+001",35,66,3286,"2.275E+001","1.144033E+002","66,35"
"1.1438330000000001E+002","2.2760000000000002E+001",35,65,3285,"2.275E+001","1.143933E+002","65,35"
"1.143733E+002","2.2760000000000002E+001",35,64,3284,"2.275E+001","1.1438330000000001E+002","64,35"
"1.143633E+002","2.2760000000000002E+001",35,63,3283,"2.275E+001","1.143733E+002","63,35"
"1.143533E+002","2.2760000000000002E+001",35,62,3282,"2.275E+001","1.143633E+002","62,35"
"1.143433E+002","2.2760000000000002E+001",35,61,3281,"2.275E+001","1.143533E+002","61,35"
"1.1433329999999999E+002","2.2760000000000002E+001",35,60,3280,"2.275E+001","1.143433E+002","60,35"
"1.142533E+002","2.2440000000000001E+001",3,52,328,"2.243E+001","1.142633E+002","52,3"
"1.143233E+002","2.2760000000000002E+001",35,59,3279,"2.275E+001","1.1433329999999999E+002","59,35"
"1.143133E+002","2.2760000000000002E+001",35,58,3278,"2.275E+001","1.143233E+002","58,35"
"1.1430329999999999E+002","2.2760000000000002E+001",35,57,3277,"2.275E+001","1.143133E+002","57,35"
"1.142933E+002","2.2760000000000002E+001",35,56,3276,"2.275E+001","1.1430329999999999E+002","56,35"
"1.142833E+002","2.2760000000000002E+001",35,55,3275,"2.275E+001","1.142933E+002","55,35"
"1.1427330000000001E+002","2.2760000000000002E+001",35,54,3274,"2.275E+001","1.142833E+002","54,35"
"1.142633E+002","2.2760000000000002E+001",35,53,3273,"2.275E+001","1.1427330000000001E+002","53,35"
"1.142533E+002","2.2760000000000002E+001",35,52,3272,"2.275E+001","1.142633E+002","52,35"
"1.142433E+002","2.2760000000000002E+001",35,51,3271,"2.275E+001","1.142533E+002","51,35"
"1.142333E+002","2.2760000000000002E+001",35,50,3270,"2.275E+001","1.142433E+002","50,35"
"1.142433E+002","2.2440000000000001E+001",3,51,327,"2.243E+001","1.142533E+002","51,3"
"1.1422329999999999E+002","2.2760000000000002E+001",35,49,3269,"2.275E+001","1.142333E+002","49,35"
"1.142133E+002","2.2760000000000002E+001",35,48,3268,"2.275E+001","1.1422329999999999E+002","48,35"
"1.142033E+002","2.2760000000000002E+001",35,47,3267,"2.275E+001","1.142133E+002","47,35"
"1.1419329999999999E+002","2.2760000000000002E+001",35,46,3266,"2.275E+001","1.142033E+002","46,35"
"1.141833E+002","2.2760000000000002E+001",35,45,3265,"2.275E+001","1.1419329999999999E+002","45,35"
"1.141733E+002","2.2760000000000002E+001",35,44,3264,"2.275E+001","1.141833E+002","44,35"
"1.1416330000000001E+002","2.2760000000000002E+001",35,43,3263,"2.275E+001","1.141733E+002","43,35"
"1.141533E+002","2.2760000000000002E+001",35,42,3262,"2.275E+001","1.1416330000000001E+002","42,35"
"1.141433E+002","2.2760000000000002E+001",35,41,3261,"2.275E+001","1.141533E+002","41,35"
"1.1413330000000001E+002","2.2760000000000002E+001",35,40,3260,"2.275E+001","1.141433E+002","40,35"
"1.142333E+002","2.2440000000000001E+001",3,50,326,"2.243E+001","1.142433E+002","50,3"
"1.141233E+002","2.2760000000000002E+001",35,39,3259,"2.275E+001","1.1413330000000001E+002","39,35"
"1.141133E+002","2.2760000000000002E+001",35,38,3258,"2.275E+001","1.141233E+002","38,35"
"1.141033E+002","2.2760000000000002E+001",35,37,3257,"2.275E+001","1.141133E+002","37,35"
"1.140933E+002","2.2760000000000002E+001",35,36,3256,"2.275E+001","1.141033E+002","36,35"
"1.139833E+002","2.2440000000000001E+001",3,25,301,"2.243E+001","1.139933E+002","25,3"
"1.1438330000000001E+002","2.273E+001",32,65,3009,"2.2719999999999999E+001","1.143933E+002","65,32"
"1.143733E+002","2.273E+001",32,64,3008,"2.2719999999999999E+001","1.1438330000000001E+002","64,32"
"1.143633E+002","2.273E+001",32,63,3007,"2.2719999999999999E+001","1.143733E+002","63,32"
"1.143533E+002","2.273E+001",32,62,3006,"2.2719999999999999E+001","1.143633E+002","62,32"
"1.143433E+002","2.273E+001",32,61,3005,"2.2719999999999999E+001","1.143533E+002","61,32"
"1.1433329999999999E+002","2.273E+001",32,60,3004,"2.2719999999999999E+001","1.143433E+002","60,32"
"1.143233E+002","2.273E+001",32,59,3003,"2.2719999999999999E+001","1.1433329999999999E+002","59,32"
"1.143133E+002","2.273E+001",32,58,3002,"2.2719999999999999E+001","1.143233E+002","58,32"
"1.1430329999999999E+002","2.273E+001",32,57,3001,"2.2719999999999999E+001","1.143133E+002","57,32"
"1.142933E+002","2.273E+001",32,56,3000,"2.2719999999999999E+001","1.1430329999999999E+002","56,32"
"1.1397329999999999E+002","2.2440000000000001E+001",3,24,300,"2.243E+001","1.139833E+002","24,3"
"1.140333E+002","2.241E+001",0,30,30,"2.2399999999999999E+001","1.140433E+002","30,0"
"1.137633E+002","2.241E+001",0,3,3,"2.2399999999999999E+001","1.1377330000000001E+002","3,0"
"1.142833E+002","2.273E+001",32,55,2999,"2.2719999999999999E+001","1.142933E+002","55,32"
"1.1427330000000001E+002","2.273E+001",32,54,2998,"2.2719999999999999E+001","1.142833E+002","54,32"
"1.142633E+002","2.273E+001",32,53,2997,"2.2719999999999999E+001","1.1427330000000001E+002","53,32"
"1.142533E+002","2.273E+001",32,52,2996,"2.2719999999999999E+001","1.142633E+002","52,32"
"1.142433E+002","2.273E+001",32,51,2995,"2.2719999999999999E+001","1.142533E+002","51,32"
"1.142333E+002","2.273E+001",32,50,2994,"2.2719999999999999E+001","1.142433E+002","50,32"
"1.1422329999999999E+002","2.273E+001",32,49,2993,"2.2719999999999999E+001","1.142333E+002","49,32"
"1.142133E+002","2.273E+001",32,48,2992,"2.2719999999999999E+001","1.1422329999999999E+002","48,32"
"1.142033E+002","2.273E+001",32,47,2991,"2.2719999999999999E+001","1.142133E+002","47,32"
"1.1419329999999999E+002","2.273E+001",32,46,2990,"2.2719999999999999E+001","1.142033E+002","46,32"
"1.139633E+002","2.2440000000000001E+001",3,23,299,"2.243E+001","1.1397329999999999E+002","23,3"
"1.141833E+002","2.273E+001",32,45,2989,"2.2719999999999999E+001","1.1419329999999999E+002","45,32"
"1.141733E+002","2.273E+001",32,44,2988,"2.2719999999999999E+001","1.141833E+002","44,32"
"1.1416330000000001E+002","2.273E+001",32,43,2987,"2.2719999999999999E+001","1.141733E+002","43,32"
"1.141533E+002","2.273E+001",32,42,2986,"2.2719999999999999E+001","1.1416330000000001E+002","42,32"
"1.141433E+002","2.273E+001",32,41,2985,"2.2719999999999999E+001","1.141533E+002","41,32"
"1.1413330000000001E+002","2.273E+001",32,40,2984,"2.2719999999999999E+001","1.141433E+002","40,32"
"1.141233E+002","2.273E+001",32,39,2983,"2.2719999999999999E+001","1.1413330000000001E+002","39,32"
"1.141133E+002","2.273E+001",32,38,2982,"2.2719999999999999E+001","1.141233E+002","38,32"
"1.141033E+002","2.273E+001",32,37,2981,"2.2719999999999999E+001","1.141133E+002","37,32"
"1.140933E+002","2.273E+001",32,36,2980,"2.2719999999999999E+001","1.141033E+002","36,32"
"1.139533E+002","2.2440000000000001E+001",3,22,298,"2.243E+001","1.139633E+002","22,3"
"1.1408329999999999E+002","2.273E+001",32,35,2979,"2.2719999999999999E+001","1.140933E+002","35,32"
"1.140733E+002","2.273E+001",32,34,2978,"2.2719999999999999E+001","1.1408329999999999E+002","34,32"
"1.140633E+002","2.273E+001",32,33,2977,"2.2719999999999999E+001","1.140733E+002","33,32"
"1.1405329999999999E+002","2.273E+001",32,32,2976,"2.2719999999999999E+001","1.140633E+002","32,32"
"1.140433E+002","2.273E+001",32,31,2975,"2.2719999999999999E+001","1.1405329999999999E+002","31,32"
"1.140333E+002","2.273E+001",32,30,2974,"2.2719999999999999E+001","1.140433E+002","30,32"
"1.1402330000000001E+002","2.273E+001",32,29,2973,"2.2719999999999999E+001","1.140333E+002","29,32"
"1.140133E+002","2.273E+001",32,28,2972,"2.2719999999999999E+001","1.1402330000000001E+002","28,32"
"1.140033E+002","2.273E+001",32,27,2971,"2.2719999999999999E+001","1.140133E+002","27,32"
"1.139933E+002","2.273E+001",32,26,2970,"2.2719999999999999E+001","1.140033E+002","26,32"
"1.1394329999999999E+002","2.2440000000000001E+001",3,21,297,"2.243E+001","1.139533E+002","21,3"
"1.139833E+002","2.273E+001",32,25,2969,"2.2719999999999999E+001","1.139933E+002","25,32"
"1.1397329999999999E+002","2.273E+001",32,24,2968,"2.2719999999999999E+001","1.139833E+002","24,32"
"1.139633E+002","2.273E+001",32,23,2967,"2.2719999999999999E+001","1.1397329999999999E+002","23,32"
"1.139533E+002","2.273E+001",32,22,2966,"2.2719999999999999E+001","1.139633E+002","22,32"
"1.1394329999999999E+002","2.273E+001",32,21,2965,"2.2719999999999999E+001","1.139533E+002","21,32"
"1.139333E+002","2.273E+001",32,20,2964,"2.2719999999999999E+001","1.1394329999999999E+002","20,32"
"1.139233E+002","2.273E+001",32,19,2963,"2.2719999999999999E+001","1.139333E+002","19,32"
"1.1391330000000001E+002","2.273E+001",32,18,2962,"2.2719999999999999E+001","1.139233E+002","18,32"
"1.139033E+002","2.273E+001",32,17,2961,"2.2719999999999999E+001","1.1391330000000001E+002","17,32"
"1.138933E+002","2.273E+001",32,16,2960,"2.2719999999999999E+001","1.139033E+002","16,32"
"1.139333E+002","2.2440000000000001E+001",3,20,296,"2.243E+001","1.1394329999999999E+002","20,3"
"1.1388330000000001E+002","2.273E+001",32,15,2959,"2.2719999999999999E+001","1.138933E+002","15,32"
"1.138733E+002","2.273E+001",32,14,2958,"2.2719999999999999E+001","1.1388330000000001E+002","14,32"
"1.138633E+002","2.273E+001",32,13,2957,"2.2719999999999999E+001","1.138733E+002","13,32"
"1.138533E+002","2.273E+001",32,12,2956,"2.2719999999999999E+001","1.138633E+002","12,32"
"1.138433E+002","2.273E+001",32,11,2955,"2.2719999999999999E+001","1.138533E+002","11,32"
"1.1383329999999999E+002","2.273E+001",32,10,2954,"2.2719999999999999E+001","1.138433E+002","10,32"
"1.138233E+002","2.273E+001",32,9,2953,"2.2719999999999999E+001","1.1383329999999999E+002","9,32"
"1.138133E+002","2.273E+001",32,8,2952,"2.2719999999999999E+001","1.138233E+002","8,32"
"1.1380329999999999E+002","2.273E+001",32,7,2951,"2.2719999999999999E+001","1.138133E+002","7,32"
"1.138633E+002","2.2550000000000001E+001",14,13,1301,"2.2539999999999999E+001","1.138733E+002","13,14"
"1.138533E+002","2.2550000000000001E+001",14,12,1300,"2.2539999999999999E+001","1.138633E+002","12,14"
"1.141133E+002","2.2420000000000002E+001",1,38,130,"2.241E+001","1.141233E+002","38,1"
"1.138633E+002","2.241E+001",0,13,13,"2.2399999999999999E+001","1.138733E+002","13,0"
"1.138433E+002","2.2550000000000001E+001",14,11,1299,"2.2539999999999999E+001","1.138533E+002","11,14"
"1.1383329999999999E+002","2.2550000000000001E+001",14,10,1298,"2.2539999999999999E+001","1.138433E+002","10,14"
"1.138233E+002","2.2550000000000001E+001",14,9,1297,"2.2539999999999999E+001","1.1383329999999999E+002","9,14"
"1.138133E+002","2.2550000000000001E+001",14,8,1296,"2.2539999999999999E+001","1.138233E+002","8,14"
"1.1380329999999999E+002","2.2550000000000001E+001",14,7,1295,"2.2539999999999999E+001","1.138133E+002","7,14"
"1.137933E+002","2.2550000000000001E+001",14,6,1294,"2.2539999999999999E+001","1.1380329999999999E+002","6,14"
"1.137833E+002","2.2550000000000001E+001",14,5,1293,"2.2539999999999999E+001","1.137933E+002","5,14"
"1.1377330000000001E+002","2.2550000000000001E+001",14,4,1292,"2.2539999999999999E+001","1.137833E+002","4,14"
"1.137633E+002","2.2550000000000001E+001",14,3,1291,"2.2539999999999999E+001","1.1377330000000001E+002","3,14"
"1.137533E+002","2.2550000000000001E+001",14,2,1290,"2.2539999999999999E+001","1.137633E+002","2,14"
"1.141033E+002","2.2420000000000002E+001",1,37,129,"2.241E+001","1.141133E+002","37,1"
"1.137433E+002","2.2550000000000001E+001",14,1,1289,"2.2539999999999999E+001","1.137533E+002","1,14"
"1.137333E+002","2.2550000000000001E+001",14,0,1288,"2.2539999999999999E+001","1.137433E+002","0,14"
"1.146433E+002","2.2539999999999999E+001",13,91,1287,"2.2530000000000001E+001","1.146533E+002","91,13"
"1.1463330000000001E+002","2.2539999999999999E+001",13,90,1286,"2.2530000000000001E+001","1.146433E+002","90,13"
"1.146233E+002","2.2539999999999999E+001",13,89,1285,"2.2530000000000001E+001","1.1463330000000001E+002","89,13"
"1.146133E+002","2.2539999999999999E+001",13,88,1284,"2.2530000000000001E+001","1.146233E+002","88,13"
"1.146033E+002","2.2539999999999999E+001",13,87,1283,"2.2530000000000001E+001","1.146133E+002","87,13"
"1.145933E+002","2.2539999999999999E+001",13,86,1282,"2.2530000000000001E+001","1.146033E+002","86,13"
"1.1458329999999999E+002","2.2539999999999999E+001",13,85,1281,"2.2530000000000001E+001","1.145933E+002","85,13"
"1.145733E+002","2.2539999999999999E+001",13,84,1280,"2.2530000000000001E+001","1.1458329999999999E+002","84,13"
"1.140933E+002","2.2420000000000002E+001",1,36,128,"2.241E+001","1.141033E+002","36,1"
"1.145633E+002","2.2539999999999999E+001",13,83,1279,"2.2530000000000001E+001","1.145733E+002","83,13"
"1.1455329999999999E+002","2.2539999999999999E+001",13,82,1278,"2.2530000000000001E+001","1.145633E+002","82,13"
"1.145433E+002","2.2539999999999999E+001",13,81,1277,"2.2530000000000001E+001","1.1455329999999999E+002","81,13"
"1.145333E+002","2.2539999999999999E+001",13,80,1276,"2.2530000000000001E+001","1.145433E+002","80,13"
"1.1452330000000001E+002","2.2539999999999999E+001",13,79,1275,"2.2530000000000001E+001","1.145333E+002","79,13"
"1.145133E+002","2.2539999999999999E+001",13,78,1274,"2.2530000000000001E+001","1.1452330000000001E+002","78,13"
"1.145033E+002","2.2539999999999999E+001",13,77,1273,"2.2530000000000001E+001","1.145133E+002","77,13"
"1.144933E+002","2.2539999999999999E+001",13,76,1272,"2.2530000000000001E+001","1.145033E+002","76,13"
"1.144833E+002","2.2539999999999999E+001",13,75,1271,"2.2530000000000001E+001","1.144933E+002","75,13"
"1.1447329999999999E+002","2.2539999999999999E+001",13,74,1270,"2.2530000000000001E+001","1.144833E+002","74,13"
"1.1408329999999999E+002","2.2420000000000002E+001",1,35,127,"2.241E+001","1.140933E+002","35,1"
"1.144633E+002","2.2539999999999999E+001",13,73,1269,"2.2530000000000001E+001","1.1447329999999999E+002","73,13"
"1.144533E+002","2.2539999999999999E+001",13,72,1268,"2.2530000000000001E+001","1.144633E+002","72,13"
"1.1444329999999999E+002","2.2539999999999999E+001",13,71,1267,"2.2530000000000001E+001","1.144533E+002","71,13"
"1.144333E+002","2.2539999999999999E+001",13,70,1266,"2.2530000000000001E+001","1.1444329999999999E+002","70,13"
"1.144233E+002","2.2539999999999999E+001",13,69,1265,"2.2530000000000001E+001","1.144333E+002","69,13"
"1.1441330000000001E+002","2.2539999999999999E+001",13,68,1264,"2.2530000000000001E+001","1.144233E+002","68,13"
"1.144033E+002","2.2539999999999999E+001",13,67,1263,"2.2530000000000001E+001","1.1441330000000001E+002","67,13"
"1.143933E+002","2.2539999999999999E+001",13,66,1262,"2.2530000000000001E+001","1.144033E+002","66,13"
"1.1438330000000001E+002","2.2539999999999999E+001",13,65,1261,"2.2530000000000001E+001","1.143933E+002","65,13"
"1.143733E+002","2.2539999999999999E+001",13,64,1260,"2.2530000000000001E+001","1.1438330000000001E+002","64,13"
"1.140733E+002","2.2420000000000002E+001",1,34,126,"2.241E+001","1.1408329999999999E+002","34,1"
"1.143633E+002","2.2539999999999999E+001",13,63,1259,"2.2530000000000001E+001","1.143733E+002","63,13"
"1.143533E+002","2.2539999999999999E+001",13,62,1258,"2.2530000000000001E+001","1.143633E+002","62,13"
"1.143433E+002","2.2539999999999999E+001",13,61,1257,"2.2530000000000001E+001","1.143533E+002","61,13"
"1.1433329999999999E+002","2.2539999999999999E+001",13,60,1256,"2.2530000000000001E+001","1.143433E+002","60,13"
"1.143233E+002","2.2539999999999999E+001",13,59,1255,"2.2530000000000001E+001","1.1433329999999999E+002","59,13"
"1.143133E+002","2.2539999999999999E+001",13,58,1254,"2.2530000000000001E+001","1.143233E+002","58,13"
"1.1430329999999999E+002","2.2539999999999999E+001",13,57,1253,"2.2530000000000001E+001","1.143133E+002","57,13"
"1.142933E+002","2.2539999999999999E+001",13,56,1252,"2.2530000000000001E+001","1.1430329999999999E+002","56,13"
"1.142833E+002","2.2539999999999999E+001",13,55,1251,"2.2530000000000001E+001","1.142933E+002","55,13"
"1.1427330000000001E+002","2.2539999999999999E+001",13,54,1250,"2.2530000000000001E+001","1.142833E+002","54,13"
"1.140633E+002","2.2420000000000002E+001",1,33,125,"2.241E+001","1.140733E+002","33,1"
"1.142633E+002","2.2539999999999999E+001",13,53,1249,"2.2530000000000001E+001","1.1427330000000001E+002","53,13"
"1.142533E+002","2.2539999999999999E+001",13,52,1248,"2.2530000000000001E+001","1.142633E+002","52,13"
"1.142433E+002","2.2539999999999999E+001",13,51,1247,"2.2530000000000001E+001","1.142533E+002","51,13"
"1.142333E+002","2.2539999999999999E+001",13,50,1246,"2.2530000000000001E+001","1.142433E+002","50,13"
"1.1422329999999999E+002","2.2539999999999999E+001",13,49,1245,"2.2530000000000001E+001","1.142333E+002","49,13"
"1.142133E+002","2.2539999999999999E+001",13,48,1244,"2.2530000000000001E+001","1.1422329999999999E+002","48,13"
"1.142033E+002","2.2539999999999999E+001",13,47,1243,"2.2530000000000001E+001","1.142133E+002","47,13"
"1.1419329999999999E+002","2.2539999999999999E+001",13,46,1242,"2.2530000000000001E+001","1.142033E+002","46,13"
"1.141833E+002","2.2539999999999999E+001",13,45,1241,"2.2530000000000001E+001","1.1419329999999999E+002","45,13"
"1.144233E+002","2.2670000000000002E+001",26,69,2461,"2.266E+001","1.144333E+002","69,26"
"1.1441330000000001E+002","2.2670000000000002E+001",26,68,2460,"2.266E+001","1.144233E+002","68,26"
"1.143533E+002","2.243E+001",2,62,246,"2.2420000000000002E+001","1.143633E+002","62,2"
"1.144033E+002","2.2670000000000002E+001",26,67,2459,"2.266E+001","1.1441330000000001E+002","67,26"
"1.143933E+002","2.2670000000000002E+001",26,66,2458,"2.266E+001","1.144033E+002","66,26"
"1.1438330000000001E+002","2.2670000000000002E+001",26,65,2457,"2.266E+001","1.143933E+002","65,26"
"1.143733E+002","2.2670000000000002E+001",26,64,2456,"2.266E+001","1.1438330000000001E+002","64,26"
"1.143633E+002","2.2670000000000002E+001",26,63,2455,"2.266E+001","1.143733E+002","63,26"
"1.143533E+002","2.2670000000000002E+001",26,62,2454,"2.266E+001","1.143633E+002","62,26"
"1.143433E+002","2.2670000000000002E+001",26,61,2453,"2.266E+001","1.143533E+002","61,26"
"1.1433329999999999E+002","2.2670000000000002E+001",26,60,2452,"2.266E+001","1.143433E+002","60,26"
"1.143233E+002","2.2670000000000002E+001",26,59,2451,"2.266E+001","1.1433329999999999E+002","59,26"
"1.143133E+002","2.2670000000000002E+001",26,58,2450,"2.266E+001","1.143233E+002","58,26"
"1.143433E+002","2.243E+001",2,61,245,"2.2420000000000002E+001","1.143533E+002","61,2"
"1.1430329999999999E+002","2.2670000000000002E+001",26,57,2449,"2.266E+001","1.143133E+002","57,26"
"1.142933E+002","2.2670000000000002E+001",26,56,2448,"2.266E+001","1.1430329999999999E+002","56,26"
"1.142833E+002","2.2670000000000002E+001",26,55,2447,"2.266E+001","1.142933E+002","55,26"
"1.1427330000000001E+002","2.2670000000000002E+001",26,54,2446,"2.266E+001","1.142833E+002","54,26"
"1.142633E+002","2.2670000000000002E+001",26,53,2445,"2.266E+001","1.1427330000000001E+002","53,26"
"1.142533E+002","2.2670000000000002E+001",26,52,2444,"2.266E+001","1.142633E+002","52,26"
"1.142433E+002","2.2670000000000002E+001",26,51,2443,"2.266E+001","1.142533E+002","51,26"
"1.142333E+002","2.2670000000000002E+001",26,50,2442,"2.266E+001","1.142433E+002","50,26"
"1.1422329999999999E+002","2.2670000000000002E+001",26,49,2441,"2.266E+001","1.142333E+002","49,26"
"1.142133E+002","2.2670000000000002E+001",26,48,2440,"2.266E+001","1.1422329999999999E+002","48,26"
"1.1433329999999999E+002","2.243E+001",2,60,244,"2.2420000000000002E+001","1.143433E+002","60,2"
"1.142033E+002","2.2670000000000002E+001",26,47,2439,"2.266E+001","1.142133E+002","47,26"
"1.1419329999999999E+002","2.2670000000000002E+001",26,46,2438,"2.266E+001","1.142033E+002","46,26"
"1.141833E+002","2.2670000000000002E+001",26,45,2437,"2.266E+001","1.1419329999999999E+002","45,26"
"1.141733E+002","2.2670000000000002E+001",26,44,2436,"2.266E+001","1.141833E+002","44,26"
"1.1416330000000001E+002","2.2670000000000002E+001",26,43,2435,"2.266E+001","1.141733E+002","43,26"
"1.141533E+002","2.2670000000000002E+001",26,42,2434,"2.266E+001","1.1416330000000001E+002","42,26"
"1.141433E+002","2.2670000000000002E+001",26,41,2433,"2.266E+001","1.141533E+002","41,26"
"1.1413330000000001E+002","2.2670000000000002E+001",26,40,2432,"2.266E+001","1.141433E+002","40,26"
"1.141233E+002","2.2670000000000002E+001",26,39,2431,"2.266E+001","1.1413330000000001E+002","39,26"
"1.141133E+002","2.2670000000000002E+001",26,38,2430,"2.266E+001","1.141233E+002","38,26"
"1.143233E+002","2.243E+001",2,59,243,"2.2420000000000002E+001","1.1433329999999999E+002","59,2"
"1.141033E+002","2.2670000000000002E+001",26,37,2429,"2.266E+001","1.141133E+002","37,26"
"1.140933E+002","2.2670000000000002E+001",26,36,2428,"2.266E+001","1.141033E+002","36,26"
"1.1408329999999999E+002","2.2670000000000002E+001",26,35,2427,"2.266E+001","1.140933E+002","35,26"
"1.140733E+002","2.2670000000000002E+001",26,34,2426,"2.266E+001","1.1408329999999999E+002","34,26"
"1.140633E+002","2.2670000000000002E+001",26,33,2425,"2.266E+001","1.140733E+002","33,26"
"1.1405329999999999E+002","2.2670000000000002E+001",26,32,2424,"2.266E+001","1.140633E+002","32,26"
"1.140433E+002","2.2670000000000002E+001",26,31,2423,"2.266E+001","1.1405329999999999E+002","31,26"
"1.140333E+002","2.2670000000000002E+001",26,30,2422,"2.266E+001","1.140433E+002","30,26"
"1.1402330000000001E+002","2.2670000000000002E+001",26,29,2421,"2.266E+001","1.140333E+002","29,26"
"1.140133E+002","2.2670000000000002E+001",26,28,2420,"2.266E+001","1.1402330000000001E+002","28,26"
"1.143133E+002","2.243E+001",2,58,242,"2.2420000000000002E+001","1.143233E+002","58,2"
"1.140033E+002","2.2670000000000002E+001",26,27,2419,"2.266E+001","1.140133E+002","27,26"
"1.139933E+002","2.2670000000000002E+001",26,26,2418,"2.266E+001","1.140033E+002","26,26"
"1.139833E+002","2.2670000000000002E+001",26,25,2417,"2.266E+001","1.139933E+002","25,26"
"1.1397329999999999E+002","2.2670000000000002E+001",26,24,2416,"2.266E+001","1.139833E+002","24,26"
"1.139633E+002","2.2670000000000002E+001",26,23,2415,"2.266E+001","1.1397329999999999E+002","23,26"
"1.139533E+002","2.2670000000000002E+001",26,22,2414,"2.266E+001","1.139633E+002","22,26"
"1.1394329999999999E+002","2.2670000000000002E+001",26,21,2413,"2.266E+001","1.139533E+002","21,26"
"1.139333E+002","2.2670000000000002E+001",26,20,2412,"2.266E+001","1.1394329999999999E+002","20,26"
"1.139233E+002","2.2670000000000002E+001",26,19,2411,"2.266E+001","1.139333E+002","19,26"
"1.1391330000000001E+002","2.2670000000000002E+001",26,18,2410,"2.266E+001","1.139233E+002","18,26"
"1.1430329999999999E+002","2.243E+001",2,57,241,"2.2420000000000002E+001","1.143133E+002","57,2"
"1.139033E+002","2.2670000000000002E+001",26,17,2409,"2.266E+001","1.1391330000000001E+002","17,26"
"1.138933E+002","2.2670000000000002E+001",26,16,2408,"2.266E+001","1.139033E+002","16,26"
"1.1388330000000001E+002","2.2670000000000002E+001",26,15,2407,"2.266E+001","1.138933E+002","15,26"
"1.138733E+002","2.2670000000000002E+001",26,14,2406,"2.266E+001","1.1388330000000001E+002","14,26"
"1.138633E+002","2.2670000000000002E+001",26,13,2405,"2.266E+001","1.138733E+002","13,26"
"1.138533E+002","2.2670000000000002E+001",26,12,2404,"2.266E+001","1.138633E+002","12,26"
"1.138433E+002","2.2670000000000002E+001",26,11,2403,"2.266E+001","1.138533E+002","11,26"
"1.1383329999999999E+002","2.2670000000000002E+001",26,10,2402,"2.266E+001","1.138433E+002","10,26"
"1.138233E+002","2.2670000000000002E+001",26,9,2401,"2.266E+001","1.1383329999999999E+002","9,26"
"1.145633E+002","2.2469999999999999E+001",6,83,635,"2.2460000000000001E+001","1.145733E+002","83,6"
"1.1455329999999999E+002","2.2469999999999999E+001",6,82,634,"2.2460000000000001E+001","1.145633E+002","82,6"
"1.145433E+002","2.2469999999999999E+001",6,81,633,"2.2460000000000001E+001","1.1455329999999999E+002","81,6"
"1.145333E+002","2.2469999999999999E+001",6,80,632,"2.2460000000000001E+001","1.145433E+002","80,6"
"1.1452330000000001E+002","2.2469999999999999E+001",6,79,631,"2.2460000000000001E+001","1.145333E+002","79,6"
"1.145133E+002","2.2469999999999999E+001",6,78,630,"2.2460000000000001E+001","1.1452330000000001E+002","78,6"
"1.143633E+002","2.241E+001",0,63,63,"2.2399999999999999E+001","1.143733E+002","63,0"
"1.145033E+002","2.2469999999999999E+001",6,77,629,"2.2460000000000001E+001","1.145133E+002","77,6"
"1.144933E+002","2.2469999999999999E+001",6,76,628,"2.2460000000000001E+001","1.145033E+002","76,6"
"1.144833E+002","2.2469999999999999E+001",6,75,627,"2.2460000000000001E+001","1.144933E+002","75,6"
"1.1447329999999999E+002","2.2469999999999999E+001",6,74,626,"2.2460000000000001E+001","1.144833E+002","74,6"
"1.144633E+002","2.2469999999999999E+001",6,73,625,"2.2460000000000001E+001","1.1447329999999999E+002","73,6"
"1.144533E+002","2.2469999999999999E+001",6,72,624,"2.2460000000000001E+001","1.144633E+002","72,6"
"1.1444329999999999E+002","2.2469999999999999E+001",6,71,623,"2.2460000000000001E+001","1.144533E+002","71,6"
"1.144333E+002","2.2469999999999999E+001",6,70,622,"2.2460000000000001E+001","1.1444329999999999E+002","70,6"
"1.144233E+002","2.2469999999999999E+001",6,69,621,"2.2460000000000001E+001","1.144333E+002","69,6"
"1.1441330000000001E+002","2.2469999999999999E+001",6,68,620,"2.2460000000000001E+001","1.144233E+002","68,6"
"1.143533E+002","2.241E+001",0,62,62,"2.2399999999999999E+001","1.143633E+002","62,0"
"1.144033E+002","2.2469999999999999E+001",6,67,619,"2.2460000000000001E+001","1.1441330000000001E+002","67,6"
"1.143933E+002","2.2469999999999999E+001",6,66,618,"2.2460000000000001E+001","1.144033E+002","66,6"
"1.1438330000000001E+002","2.2469999999999999E+001",6,65,617,"2.2460000000000001E+001","1.143933E+002","65,6"
"1.143733E+002","2.2469999999999999E+001",6,64,616,"2.2460000000000001E+001","1.1438330000000001E+002","64,6"
"1.143633E+002","2.2469999999999999E+001",6,63,615,"2.2460000000000001E+001","1.143733E+002","63,6"
"1.143533E+002","2.2469999999999999E+001",6,62,614,"2.2460000000000001E+001","1.143633E+002","62,6"
"1.143433E+002","2.2469999999999999E+001",6,61,613,"2.2460000000000001E+001","1.143533E+002","61,6"
"1.1433329999999999E+002","2.2469999999999999E+001",6,60,612,"2.2460000000000001E+001","1.143433E+002","60,6"
"1.143233E+002","2.2469999999999999E+001",6,59,611,"2.2460000000000001E+001","1.1433329999999999E+002","59,6"
"1.143133E+002","2.2469999999999999E+001",6,58,610,"2.2460000000000001E+001","1.143233E+002","58,6"
"1.143433E+002","2.241E+001",0,61,61,"2.2399999999999999E+001","1.143533E+002","61,0"
"1.1430329999999999E+002","2.2469999999999999E+001",6,57,609,"2.2460000000000001E+001","1.143133E+002","57,6"
"1.142933E+002","2.2469999999999999E+001",6,56,608,"2.2460000000000001E+001","1.1430329999999999E+002","56,6"
"1.142833E+002","2.2469999999999999E+001",6,55,607,"2.2460000000000001E+001","1.142933E+002","55,6"
"1.1427330000000001E+002","2.2469999999999999E+001",6,54,606,"2.2460000000000001E+001","1.142833E+002","54,6"
"1.142633E+002","2.2469999999999999E+001",6,53,605,"2.2460000000000001E+001","1.1427330000000001E+002","53,6"
"1.142533E+002","2.2469999999999999E+001",6,52,604,"2.2460000000000001E+001","1.142633E+002","52,6"
"1.142433E+002","2.2469999999999999E+001",6,51,603,"2.2460000000000001E+001","1.142533E+002","51,6"
"1.142333E+002","2.2469999999999999E+001",6,50,602,"2.2460000000000001E+001","1.142433E+002","50,6"
"1.1422329999999999E+002","2.2469999999999999E+001",6,49,601,"2.2460000000000001E+001","1.142333E+002","49,6"
"1.142133E+002","2.2469999999999999E+001",6,48,600,"2.2460000000000001E+001","1.1422329999999999E+002","48,6"
"1.1433329999999999E+002","2.241E+001",0,60,60,"2.2399999999999999E+001","1.143433E+002","60,0"
"1.137933E+002","2.241E+001",0,6,6,"2.2399999999999999E+001","1.1380329999999999E+002","6,0"
"1.142033E+002","2.2469999999999999E+001",6,47,599,"2.2460000000000001E+001","1.142133E+002","47,6"
"1.1419329999999999E+002","2.2469999999999999E+001",6,46,598,"2.2460000000000001E+001","1.142033E+002","46,6"
"1.141833E+002","2.2469999999999999E+001",6,45,597,"2.2460000000000001E+001","1.1419329999999999E+002","45,6"
"1.141733E+002","2.2469999999999999E+001",6,44,596,"2.2460000000000001E+001","1.141833E+002","44,6"
"1.1416330000000001E+002","2.2469999999999999E+001",6,43,595,"2.2460000000000001E+001","1.141733E+002","43,6"
"1.141533E+002","2.2469999999999999E+001",6,42,594,"2.2460000000000001E+001","1.1416330000000001E+002","42,6"
"1.141433E+002","2.2469999999999999E+001",6,41,593,"2.2460000000000001E+001","1.141533E+002","41,6"
"1.1413330000000001E+002","2.2469999999999999E+001",6,40,592,"2.2460000000000001E+001","1.141433E+002","40,6"
"1.141233E+002","2.2469999999999999E+001",6,39,591,"2.2460000000000001E+001","1.1413330000000001E+002","39,6"
"1.141133E+002","2.2469999999999999E+001",6,38,590,"2.2460000000000001E+001","1.141233E+002","38,6"
"1.143233E+002","2.241E+001",0,59,59,"2.2399999999999999E+001","1.1433329999999999E+002","59,0"
"1.141033E+002","2.2469999999999999E+001",6,37,589,"2.2460000000000001E+001","1.141133E+002","37,6"
"1.140933E+002","2.2469999999999999E+001",6,36,588,"2.2460000000000001E+001","1.141033E+002","36,6"
"1.1408329999999999E+002","2.2469999999999999E+001",6,35,587,"2.2460000000000001E+001","1.140933E+002","35,6"
"1.140733E+002","2.2469999999999999E+001",6,34,586,"2.2460000000000001E+001","1.1408329999999999E+002","34,6"
"1.140633E+002","2.2469999999999999E+001",6,33,585,"2.2460000000000001E+001","1.140733E+002","33,6"
"1.1405329999999999E+002","2.2469999999999999E+001",6,32,584,"2.2460000000000001E+001","1.140633E+002","32,6"
"1.140433E+002","2.2469999999999999E+001",6,31,583,"2.2460000000000001E+001","1.1405329999999999E+002","31,6"
"1.140333E+002","2.2469999999999999E+001",6,30,582,"2.2460000000000001E+001","1.140433E+002","30,6"
"1.1402330000000001E+002","2.2469999999999999E+001",6,29,581,"2.2460000000000001E+001","1.140333E+002","29,6"
"1.140133E+002","2.2469999999999999E+001",6,28,580,"2.2460000000000001E+001","1.1402330000000001E+002","28,6"
"1.143133E+002","2.241E+001",0,58,58,"2.2399999999999999E+001","1.143233E+002","58,0"
"1.140033E+002","2.2469999999999999E+001",6,27,579,"2.2460000000000001E+001","1.140133E+002","27,6"
"1.139933E+002","2.2469999999999999E+001",6,26,578,"2.2460000000000001E+001","1.140033E+002","26,6"
"1.139833E+002","2.2469999999999999E+001",6,25,577,"2.2460000000000001E+001","1.139933E+002","25,6"
"1.1397329999999999E+002","2.2469999999999999E+001",6,24,576,"2.2460000000000001E+001","1.139833E+002","24,6"
"1.139633E+002","2.2469999999999999E+001",6,23,575,"2.2460000000000001E+001","1.1397329999999999E+002","23,6"
"1.139533E+002","2.2469999999999999E+001",6,22,574,"2.2460000000000001E+001","1.139633E+002","22,6"
"1.1394329999999999E+002","2.2469999999999999E+001",6,21,573,"2.2460000000000001E+001","1.139533E+002","21,6"
"1.144933E+002","2.2449999999999999E+001",4,76,444,"2.2440000000000001E+001","1.145033E+002","76,4"
"1.144833E+002","2.2449999999999999E+001",4,75,443,"2.2440000000000001E+001","1.144933E+002","75,4"
"1.1447329999999999E+002","2.2449999999999999E+001",4,74,442,"2.2440000000000001E+001","1.144833E+002","74,4"
"1.144633E+002","2.2449999999999999E+001",4,73,441,"2.2440000000000001E+001","1.1447329999999999E+002","73,4"
"1.144533E+002","2.2449999999999999E+001",4,72,440,"2.2440000000000001E+001","1.144633E+002","72,4"
"1.141733E+002","2.241E+001",0,44,44,"2.2399999999999999E+001","1.141833E+002","44,0"
"1.1444329999999999E+002","2.2449999999999999E+001",4,71,439,"2.2440000000000001E+001","1.144533E+002","71,4"
"1.144333E+002","2.2449999999999999E+001",4,70,438,"2.2440000000000001E+001","1.1444329999999999E+002","70,4"
"1.144233E+002","2.2449999999999999E+001",4,69,437,"2.2440000000000001E+001","1.144333E+002","69,4"
"1.1441330000000001E+002","2.2449999999999999E+001",4,68,436,"2.2440000000000001E+001","1.144233E+002","68,4"
"1.144033E+002","2.2449999999999999E+001",4,67,435,"2.2440000000000001E+001","1.1441330000000001E+002","67,4"
"1.143933E+002","2.2449999999999999E+001",4,66,434,"2.2440000000000001E+001","1.144033E+002","66,4"
"1.1438330000000001E+002","2.2449999999999999E+001",4,65,433,"2.2440000000000001E+001","1.143933E+002","65,4"
"1.143733E+002","2.2449999999999999E+001",4,64,432,"2.2440000000000001E+001","1.1438330000000001E+002","64,4"
"1.143633E+002","2.2449999999999999E+001",4,63,431,"2.2440000000000001E+001","1.143733E+002","63,4"
"1.143533E+002","2.2449999999999999E+001",4,62,430,"2.2440000000000001E+001","1.143633E+002","62,4"
"1.1416330000000001E+002","2.241E+001",0,43,43,"2.2399999999999999E+001","1.141733E+002","43,0"
"1.143433E+002","2.2449999999999999E+001",4,61,429,"2.2440000000000001E+001","1.143533E+002","61,4"
"1.1433329999999999E+002","2.2449999999999999E+001",4,60,428,"2.2440000000000001E+001","1.143433E+002","60,4"
"1.143233E+002","2.2449999999999999E+001",4,59,427,"2.2440000000000001E+001","1.1433329999999999E+002","59,4"
"1.143133E+002","2.2449999999999999E+001",4,58,426,"2.2440000000000001E+001","1.143233E+002","58,4"
"1.1430329999999999E+002","2.2449999999999999E+001",4,57,425,"2.2440000000000001E+001","1.143133E+002","57,4"
"1.142933E+002","2.2449999999999999E+001",4,56,424,"2.2440000000000001E+001","1.1430329999999999E+002","56,4"
"1.146433E+002","2.2859999999999999E+001",45,91,4231,"2.2850000000000001E+001","1.146533E+002","91,45"
"1.1463330000000001E+002","2.2859999999999999E+001",45,90,4230,"2.2850000000000001E+001","1.146433E+002","90,45"
"1.142833E+002","2.2449999999999999E+001",4,55,423,"2.2440000000000001E+001","1.142933E+002","55,4"
"1.146233E+002","2.2859999999999999E+001",45,89,4229,"2.2850000000000001E+001","1.1463330000000001E+002","89,45"
"1.146133E+002","2.2859999999999999E+001",45,88,4228,"2.2850000000000001E+001","1.146233E+002","88,45"
"1.146033E+002","2.2859999999999999E+001",45,87,4227,"2.2850000000000001E+001","1.146133E+002","87,45"
"1.145933E+002","2.2859999999999999E+001",45,86,4226,"2.2850000000000001E+001","1.146033E+002","86,45"
"1.1458329999999999E+002","2.2859999999999999E+001",45,85,4225,"2.2850000000000001E+001","1.145933E+002","85,45"
"1.145733E+002","2.2859999999999999E+001",45,84,4224,"2.2850000000000001E+001","1.1458329999999999E+002","84,45"
"1.145633E+002","2.2859999999999999E+001",45,83,4223,"2.2850000000000001E+001","1.145733E+002","83,45"
"1.1455329999999999E+002","2.2859999999999999E+001",45,82,4222,"2.2850000000000001E+001","1.145633E+002","82,45"
"1.145433E+002","2.2859999999999999E+001",45,81,4221,"2.2850000000000001E+001","1.1455329999999999E+002","81,45"
"1.145333E+002","2.2859999999999999E+001",45,80,4220,"2.2850000000000001E+001","1.145433E+002","80,45"
"1.1427330000000001E+002","2.2449999999999999E+001",4,54,422,"2.2440000000000001E+001","1.142833E+002","54,4"
"1.1452330000000001E+002","2.2859999999999999E+001",45,79,4219,"2.2850000000000001E+001","1.145333E+002","79,45"
"1.145133E+002","2.2859999999999999E+001",45,78,4218,"2.2850000000000001E+001","1.1452330000000001E+002","78,45"
"1.145033E+002","2.2859999999999999E+001",45,77,4217,"2.2850000000000001E+001","1.145133E+002","77,45"
"1.144933E+002","2.2859999999999999E+001",45,76,4216,"2.2850000000000001E+001","1.145033E+002","76,45"
"1.144833E+002","2.2859999999999999E+001",45,75,4215,"2.2850000000000001E+001","1.144933E+002","75,45"
"1.1447329999999999E+002","2.2859999999999999E+001",45,74,4214,"2.2850000000000001E+001","1.144833E+002","74,45"
"1.144633E+002","2.2859999999999999E+001",45,73,4213,"2.2850000000000001E+001","1.1447329999999999E+002","73,45"
"1.144533E+002","2.2859999999999999E+001",45,72,4212,"2.2850000000000001E+001","1.144633E+002","72,45"
"1.1444329999999999E+002","2.2859999999999999E+001",45,71,4211,"2.2850000000000001E+001","1.144533E+002","71,45"
"1.144333E+002","2.2859999999999999E+001",45,70,4210,"2.2850000000000001E+001","1.1444329999999999E+002","70,45"
"1.142633E+002","2.2449999999999999E+001",4,53,421,"2.2440000000000001E+001","1.1427330000000001E+002","53,4"
"1.144233E+002","2.2859999999999999E+001",45,69,4209,"2.2850000000000001E+001","1.144333E+002","69,45"
"1.1441330000000001E+002","2.2859999999999999E+001",45,68,4208,"2.2850000000000001E+001","1.144233E+002","68,45"
"1.144033E+002","2.2859999999999999E+001",45,67,4207,"2.2850000000000001E+001","1.1441330000000001E+002","67,45"
"1.143933E+002","2.2859999999999999E+001",45,66,4206,"2.2850000000000001E+001","1.144033E+002","66,45"
"1.1438330000000001E+002","2.2859999999999999E+001",45,65,4205,"2.2850000000000001E+001","1.143933E+002","65,45"
"1.143733E+002","2.2859999999999999E+001",45,64,4204,"2.2850000000000001E+001","1.1438330000000001E+002","64,45"
"1.143633E+002","2.2859999999999999E+001",45,63,4203,"2.2850000000000001E+001","1.143733E+002","63,45"
"1.143533E+002","2.2859999999999999E+001",45,62,4202,"2.2850000000000001E+001","1.143633E+002","62,45"
"1.143433E+002","2.2859999999999999E+001",45,61,4201,"2.2850000000000001E+001","1.143533E+002","61,45"
"1.1433329999999999E+002","2.2859999999999999E+001",45,60,4200,"2.2850000000000001E+001","1.143433E+002","60,45"
"1.142533E+002","2.2449999999999999E+001",4,52,420,"2.2440000000000001E+001","1.142633E+002","52,4"
"1.141533E+002","2.241E+001",0,42,42,"2.2399999999999999E+001","1.1416330000000001E+002","42,0"
"1.143233E+002","2.2859999999999999E+001",45,59,4199,"2.2850000000000001E+001","1.1433329999999999E+002","59,45"
"1.143133E+002","2.2859999999999999E+001",45,58,4198,"2.2850000000000001E+001","1.143233E+002","58,45"
"1.1430329999999999E+002","2.2859999999999999E+001",45,57,4197,"2.2850000000000001E+001","1.143133E+002","57,45"
"1.142933E+002","2.2859999999999999E+001",45,56,4196,"2.2850000000000001E+001","1.1430329999999999E+002","56,45"
"1.142833E+002","2.2859999999999999E+001",45,55,4195,"2.2850000000000001E+001","1.142933E+002","55,45"
"1.1427330000000001E+002","2.2859999999999999E+001",45,54,4194,"2.2850000000000001E+001","1.142833E+002","54,45"
"1.142633E+002","2.2859999999999999E+001",45,53,4193,"2.2850000000000001E+001","1.1427330000000001E+002","53,45"
"1.142533E+002","2.2859999999999999E+001",45,52,4192,"2.2850000000000001E+001","1.142633E+002","52,45"
"1.141033E+002","2.2699999999999999E+001",29,37,2705,"2.2690000000000001E+001","1.141133E+002","37,29"
"1.140933E+002","2.2699999999999999E+001",29,36,2704,"2.2690000000000001E+001","1.141033E+002","36,29"
"1.1408329999999999E+002","2.2699999999999999E+001",29,35,2703,"2.2690000000000001E+001","1.140933E+002","35,29"
"1.140733E+002","2.2699999999999999E+001",29,34,2702,"2.2690000000000001E+001","1.1408329999999999E+002","34,29"
"1.140633E+002","2.2699999999999999E+001",29,33,2701,"2.2690000000000001E+001","1.140733E+002","33,29"
"1.1405329999999999E+002","2.2699999999999999E+001",29,32,2700,"2.2690000000000001E+001","1.140633E+002","32,29"
"1.145933E+002","2.243E+001",2,86,270,"2.2420000000000002E+001","1.146033E+002","86,2"
"1.140033E+002","2.241E+001",0,27,27,"2.2399999999999999E+001","1.140133E+002","27,0"
"1.140433E+002","2.2699999999999999E+001",29,31,2699,"2.2690000000000001E+001","1.1405329999999999E+002","31,29"
"1.140333E+002","2.2699999999999999E+001",29,30,2698,"2.2690000000000001E+001","1.140433E+002","30,29"
"1.1402330000000001E+002","2.2699999999999999E+001",29,29,2697,"2.2690000000000001E+001","1.140333E+002","29,29"
"1.140133E+002","2.2699999999999999E+001",29,28,2696,"2.2690000000000001E+001","1.1402330000000001E+002","28,29"
"1.140033E+002","2.2699999999999999E+001",29,27,2695,"2.2690000000000001E+001","1.140133E+002","27,29"
"1.139933E+002","2.2699999999999999E+001",29,26,2694,"2.2690000000000001E+001","1.140033E+002","26,29"
"1.139833E+002","2.2699999999999999E+001",29,25,2693,"2.2690000000000001E+001","1.139933E+002","25,29"
"1.1397329999999999E+002","2.2699999999999999E+001",29,24,2692,"2.2690000000000001E+001","1.139833E+002","24,29"
"1.139633E+002","2.2699999999999999E+001",29,23,2691,"2.2690000000000001E+001","1.1397329999999999E+002","23,29"
"1.139533E+002","2.2699999999999999E+001",29,22,2690,"2.2690000000000001E+001","1.139633E+002","22,29"
"1.1458329999999999E+002","2.243E+001",2,85,269,"2.2420000000000002E+001","1.145933E+002","85,2"
"1.1394329999999999E+002","2.2699999999999999E+001",29,21,2689,"2.2690000000000001E+001","1.139533E+002","21,29"
"1.139333E+002","2.2699999999999999E+001",29,20,2688,"2.2690000000000001E+001","1.1394329999999999E+002","20,29"
"1.139233E+002","2.2699999999999999E+001",29,19,2687,"2.2690000000000001E+001","1.139333E+002","19,29"
"1.1391330000000001E+002","2.2699999999999999E+001",29,18,2686,"2.2690000000000001E+001","1.139233E+002","18,29"
"1.139033E+002","2.2699999999999999E+001",29,17,2685,"2.2690000000000001E+001","1.1391330000000001E+002","17,29"
"1.138933E+002","2.2699999999999999E+001",29,16,2684,"2.2690000000000001E+001","1.139033E+002","16,29"
"1.1388330000000001E+002","2.2699999999999999E+001",29,15,2683,"2.2690000000000001E+001","1.138933E+002","15,29"
"1.138733E+002","2.2699999999999999E+001",29,14,2682,"2.2690000000000001E+001","1.1388330000000001E+002","14,29"
"1.138633E+002","2.2699999999999999E+001",29,13,2681,"2.2690000000000001E+001","1.138733E+002","13,29"
"1.138533E+002","2.2699999999999999E+001",29,12,2680,"2.2690000000000001E+001","1.138633E+002","12,29"
"1.145733E+002","2.243E+001",2,84,268,"2.2420000000000002E+001","1.1458329999999999E+002","84,2"
"1.138433E+002","2.2699999999999999E+001",29,11,2679,"2.2690000000000001E+001","1.138533E+002","11,29"
"1.1383329999999999E+002","2.2699999999999999E+001",29,10,2678,"2.2690000000000001E+001","1.138433E+002","10,29"
"1.138233E+002","2.2699999999999999E+001",29,9,2677,"2.2690000000000001E+001","1.1383329999999999E+002","9,29"
"1.138133E+002","2.2699999999999999E+001",29,8,2676,"2.2690000000000001E+001","1.138233E+002","8,29"
"1.1380329999999999E+002","2.2699999999999999E+001",29,7,2675,"2.2690000000000001E+001","1.138133E+002","7,29"
"1.137933E+002","2.2699999999999999E+001",29,6,2674,"2.2690000000000001E+001","1.1380329999999999E+002","6,29"
"1.137833E+002","2.2699999999999999E+001",29,5,2673,"2.2690000000000001E+001","1.137933E+002","5,29"
"1.1377330000000001E+002","2.2699999999999999E+001",29,4,2672,"2.2690000000000001E+001","1.137833E+002","4,29"
"1.137633E+002","2.2699999999999999E+001",29,3,2671,"2.2690000000000001E+001","1.1377330000000001E+002","3,29"
"1.137533E+002","2.2699999999999999E+001",29,2,2670,"2.2690000000000001E+001","1.137633E+002","2,29"
"1.145633E+002","2.243E+001",2,83,267,"2.2420000000000002E+001","1.145733E+002","83,2"
"1.137433E+002","2.2699999999999999E+001",29,1,2669,"2.2690000000000001E+001","1.137533E+002","1,29"
"1.137333E+002","2.2699999999999999E+001",29,0,2668,"2.2690000000000001E+001","1.137433E+002","0,29"
"1.146433E+002","2.2690000000000001E+001",28,91,2667,"2.268E+001","1.146533E+002","91,28"
"1.1463330000000001E+002","2.2690000000000001E+001",28,90,2666,"2.268E+001","1.146433E+002","90,28"
"1.146233E+002","2.2690000000000001E+001",28,89,2665,"2.268E+001","1.1463330000000001E+002","89,28"
"1.146133E+002","2.2690000000000001E+001",28,88,2664,"2.268E+001","1.146233E+002","88,28"
"1.146033E+002","2.2690000000000001E+001",28,87,2663,"2.268E+001","1.146133E+002","87,28"
"1.145933E+002","2.2690000000000001E+001",28,86,2662,"2.268E+001","1.146033E+002","86,28"
"1.1458329999999999E+002","2.2690000000000001E+001",28,85,2661,"2.268E+001","1.145933E+002","85,28"
"1.145733E+002","2.2690000000000001E+001",28,84,2660,"2.268E+001","1.1458329999999999E+002","84,28"
"1.1455329999999999E+002","2.243E+001",2,82,266,"2.2420000000000002E+001","1.145633E+002","82,2"
"1.145633E+002","2.2690000000000001E+001",28,83,2659,"2.268E+001","1.145733E+002","83,28"
"1.1455329999999999E+002","2.2690000000000001E+001",28,82,2658,"2.268E+001","1.145633E+002","82,28"
"1.145433E+002","2.2690000000000001E+001",28,81,2657,"2.268E+001","1.1455329999999999E+002","81,28"
"1.145333E+002","2.2690000000000001E+001",28,80,2656,"2.268E+001","1.145433E+002","80,28"
"1.1452330000000001E+002","2.2690000000000001E+001",28,79,2655,"2.268E+001","1.145333E+002","79,28"
"1.145133E+002","2.2690000000000001E+001",28,78,2654,"2.268E+001","1.1452330000000001E+002","78,28"
"1.145033E+002","2.2690000000000001E+001",28,77,2653,"2.268E+001","1.145133E+002","77,28"
"1.144933E+002","2.2690000000000001E+001",28,76,2652,"2.268E+001","1.145033E+002","76,28"
"1.144833E+002","2.2690000000000001E+001",28,75,2651,"2.268E+001","1.144933E+002","75,28"
"1.1447329999999999E+002","2.2690000000000001E+001",28,74,2650,"2.268E+001","1.144833E+002","74,28"
"1.145433E+002","2.243E+001",2,81,265,"2.2420000000000002E+001","1.1455329999999999E+002","81,2"
"1.144633E+002","2.2690000000000001E+001",28,73,2649,"2.268E+001","1.1447329999999999E+002","73,28"
"1.144533E+002","2.2690000000000001E+001",28,72,2648,"2.268E+001","1.144633E+002","72,28"
"1.1444329999999999E+002","2.2690000000000001E+001",28,71,2647,"2.268E+001","1.144533E+002","71,28"
"1.144333E+002","2.2690000000000001E+001",28,70,2646,"2.268E+001","1.1444329999999999E+002","70,28"
"1.144233E+002","2.2690000000000001E+001",28,69,2645,"2.268E+001","1.144333E+002","69,28"
"1.139233E+002","2.259E+001",18,19,1675,"2.2579999999999998E+001","1.139333E+002","19,18"
"1.1391330000000001E+002","2.259E+001",18,18,1674,"2.2579999999999998E+001","1.139233E+002","18,18"
"1.139033E+002","2.259E+001",18,17,1673,"2.2579999999999998E+001","1.1391330000000001E+002","17,18"
"1.138933E+002","2.259E+001",18,16,1672,"2.2579999999999998E+001","1.139033E+002","16,18"
"1.1388330000000001E+002","2.259E+001",18,15,1671,"2.2579999999999998E+001","1.138933E+002","15,18"
"1.138733E+002","2.259E+001",18,14,1670,"2.2579999999999998E+001","1.1388330000000001E+002","14,18"
"1.144833E+002","2.2420000000000002E+001",1,75,167,"2.241E+001","1.144933E+002","75,1"
"1.138633E+002","2.259E+001",18,13,1669,"2.2579999999999998E+001","1.138733E+002","13,18"
"1.138533E+002","2.259E+001",18,12,1668,"2.2579999999999998E+001","1.138633E+002","12,18"
"1.138433E+002","2.259E+001",18,11,1667,"2.2579999999999998E+001","1.138533E+002","11,18"
"1.1383329999999999E+002","2.259E+001",18,10,1666,"2.2579999999999998E+001","1.138433E+002","10,18"
"1.138233E+002","2.259E+001",18,9,1665,"2.2579999999999998E+001","1.1383329999999999E+002","9,18"
"1.138133E+002","2.259E+001",18,8,1664,"2.2579999999999998E+001","1.138233E+002","8,18"
"1.1380329999999999E+002","2.259E+001",18,7,1663,"2.2579999999999998E+001","1.138133E+002","7,18"
"1.137933E+002","2.259E+001",18,6,1662,"2.2579999999999998E+001","1.1380329999999999E+002","6,18"
"1.137833E+002","2.259E+001",18,5,1661,"2.2579999999999998E+001","1.137933E+002","5,18"
"1.1377330000000001E+002","2.259E+001",18,4,1660,"2.2579999999999998E+001","1.137833E+002","4,18"
"1.1447329999999999E+002","2.2420000000000002E+001",1,74,166,"2.241E+001","1.144833E+002","74,1"
"1.137633E+002","2.259E+001",18,3,1659,"2.2579999999999998E+001","1.1377330000000001E+002","3,18"
"1.137533E+002","2.259E+001",18,2,1658,"2.2579999999999998E+001","1.137633E+002","2,18"
"1.137433E+002","2.259E+001",18,1,1657,"2.2579999999999998E+001","1.137533E+002","1,18"
"1.137333E+002","2.259E+001",18,0,1656,"2.2579999999999998E+001","1.137433E+002","0,18"
"1.146433E+002","2.2579999999999998E+001",17,91,1655,"2.257E+001","1.146533E+002","91,17"
"1.1463330000000001E+002","2.2579999999999998E+001",17,90,1654,"2.257E+001","1.146433E+002","90,17"
"1.146233E+002","2.2579999999999998E+001",17,89,1653,"2.257E+001","1.1463330000000001E+002","89,17"
"1.146133E+002","2.2579999999999998E+001",17,88,1652,"2.257E+001","1.146233E+002","88,17"
"1.146033E+002","2.2579999999999998E+001",17,87,1651,"2.257E+001","1.146133E+002","87,17"
"1.145933E+002","2.2579999999999998E+001",17,86,1650,"2.257E+001","1.146033E+002","86,17"
"1.144633E+002","2.2420000000000002E+001",1,73,165,"2.241E+001","1.1447329999999999E+002","73,1"
"1.1458329999999999E+002","2.2579999999999998E+001",17,85,1649,"2.257E+001","1.145933E+002","85,17"
"1.145733E+002","2.2579999999999998E+001",17,84,1648,"2.257E+001","1.1458329999999999E+002","84,17"
"1.145633E+002","2.2579999999999998E+001",17,83,1647,"2.257E+001","1.145733E+002","83,17"
"1.1455329999999999E+002","2.2579999999999998E+001",17,82,1646,"2.257E+001","1.145633E+002","82,17"
"1.145433E+002","2.2579999999999998E+001",17,81,1645,"2.257E+001","1.1455329999999999E+002","81,17"
"1.145333E+002","2.2579999999999998E+001",17,80,1644,"2.257E+001","1.145433E+002","80,17"
"1.1452330000000001E+002","2.2579999999999998E+001",17,79,1643,"2.257E+001","1.145333E+002","79,17"
"1.145133E+002","2.2579999999999998E+001",17,78,1642,"2.257E+001","1.1452330000000001E+002","78,17"
"1.145033E+002","2.2579999999999998E+001",17,77,1641,"2.257E+001","1.145133E+002","77,17"
"1.144933E+002","2.2579999999999998E+001",17,76,1640,"2.257E+001","1.145033E+002","76,17"
"1.144533E+002","2.2420000000000002E+001",1,72,164,"2.241E+001","1.144633E+002","72,1"
"1.144833E+002","2.2579999999999998E+001",17,75,1639,"2.257E+001","1.144933E+002","75,17"
"1.1447329999999999E+002","2.2579999999999998E+001",17,74,1638,"2.257E+001","1.144833E+002","74,17"
"1.144633E+002","2.2579999999999998E+001",17,73,1637,"2.257E+001","1.1447329999999999E+002","73,17"
"1.144533E+002","2.2579999999999998E+001",17,72,1636,"2.257E+001","1.144633E+002","72,17"
"1.1444329999999999E+002","2.2579999999999998E+001",17,71,1635,"2.257E+001","1.144533E+002","71,17"
"1.144333E+002","2.2579999999999998E+001",17,70,1634,"2.257E+001","1.1444329999999999E+002","70,17"
"1.144233E+002","2.2579999999999998E+001",17,69,1633,"2.257E+001","1.144333E+002","69,17"
"1.1441330000000001E+002","2.2579999999999998E+001",17,68,1632,"2.257E+001","1.144233E+002","68,17"
"1.144033E+002","2.2579999999999998E+001",17,67,1631,"2.257E+001","1.1441330000000001E+002","67,17"
"1.143933E+002","2.2579999999999998E+001",17,66,1630,"2.257E+001","1.144033E+002","66,17"
"1.1444329999999999E+002","2.2420000000000002E+001",1,71,163,"2.241E+001","1.144533E+002","71,1"
"1.1438330000000001E+002","2.2579999999999998E+001",17,65,1629,"2.257E+001","1.143933E+002","65,17"
"1.143733E+002","2.2579999999999998E+001",17,64,1628,"2.257E+001","1.1438330000000001E+002","64,17"
"1.143633E+002","2.2579999999999998E+001",17,63,1627,"2.257E+001","1.143733E+002","63,17"
"1.143533E+002","2.2579999999999998E+001",17,62,1626,"2.257E+001","1.143633E+002","62,17"
"1.143433E+002","2.2579999999999998E+001",17,61,1625,"2.257E+001","1.143533E+002","61,17"
"1.1433329999999999E+002","2.2579999999999998E+001",17,60,1624,"2.257E+001","1.143433E+002","60,17"
"1.143233E+002","2.2579999999999998E+001",17,59,1623,"2.257E+001","1.1433329999999999E+002","59,17"
"1.143133E+002","2.2579999999999998E+001",17,58,1622,"2.257E+001","1.143233E+002","58,17"
"1.1430329999999999E+002","2.2579999999999998E+001",17,57,1621,"2.257E+001","1.143133E+002","57,17"
"1.142933E+002","2.2579999999999998E+001",17,56,1620,"2.257E+001","1.1430329999999999E+002","56,17"
"1.144333E+002","2.2420000000000002E+001",1,70,162,"2.241E+001","1.1444329999999999E+002","70,1"
"1.142833E+002","2.2579999999999998E+001",17,55,1619,"2.257E+001","1.142933E+002","55,17"
"1.1427330000000001E+002","2.2579999999999998E+001",17,54,1618,"2.257E+001","1.142833E+002","54,17"
"1.142633E+002","2.2579999999999998E+001",17,53,1617,"2.257E+001","1.1427330000000001E+002","53,17"
"1.142533E+002","2.2579999999999998E+001",17,52,1616,"2.257E+001","1.142633E+002","52,17"
"1.142433E+002","2.2579999999999998E+001",17,51,1615,"2.257E+001","1.142533E+002","51,17"
"1.142333E+002","2.2579999999999998E+001",17,50,1614,"2.257E+001","1.142433E+002","50,17"
"1.137933E+002","2.273E+001",32,6,2950,"2.2719999999999999E+001","1.1380329999999999E+002","6,32"
"1.139233E+002","2.2440000000000001E+001",3,19,295,"2.243E+001","1.139333E+002","19,3"
"1.137833E+002","2.273E+001",32,5,2949,"2.2719999999999999E+001","1.137933E+002","5,32"
"1.1377330000000001E+002","2.273E+001",32,4,2948,"2.2719999999999999E+001","1.137833E+002","4,32"
"1.137633E+002","2.273E+001",32,3,2947,"2.2719999999999999E+001","1.1377330000000001E+002","3,32"
"1.137533E+002","2.273E+001",32,2,2946,"2.2719999999999999E+001","1.137633E+002","2,32"
"1.137433E+002","2.273E+001",32,1,2945,"2.2719999999999999E+001","1.137533E+002","1,32"
"1.137333E+002","2.273E+001",32,0,2944,"2.2719999999999999E+001","1.137433E+002","0,32"
"1.146433E+002","2.2719999999999999E+001",31,91,2943,"2.2710000000000001E+001","1.146533E+002","91,31"
"1.1463330000000001E+002","2.2719999999999999E+001",31,90,2942,"2.2710000000000001E+001","1.146433E+002","90,31"
"1.146233E+002","2.2719999999999999E+001",31,89,2941,"2.2710000000000001E+001","1.1463330000000001E+002","89,31"
"1.146133E+002","2.2719999999999999E+001",31,88,2940,"2.2710000000000001E+001","1.146233E+002","88,31"
"1.1391330000000001E+002","2.2440000000000001E+001",3,18,294,"2.243E+001","1.139233E+002","18,3"
"1.146033E+002","2.2719999999999999E+001",31,87,2939,"2.2710000000000001E+001","1.146133E+002","87,31"
"1.145933E+002","2.2719999999999999E+001",31,86,2938,"2.2710000000000001E+001","1.146033E+002","86,31"
"1.1458329999999999E+002","2.2719999999999999E+001",31,85,2937,"2.2710000000000001E+001","1.145933E+002","85,31"
"1.145733E+002","2.2719999999999999E+001",31,84,2936,"2.2710000000000001E+001","1.1458329999999999E+002","84,31"
"1.145633E+002","2.2719999999999999E+001",31,83,2935,"2.2710000000000001E+001","1.145733E+002","83,31"
"1.1455329999999999E+002","2.2719999999999999E+001",31,82,2934,"2.2710000000000001E+001","1.145633E+002","82,31"
"1.145433E+002","2.2719999999999999E+001",31,81,2933,"2.2710000000000001E+001","1.1455329999999999E+002","81,31"
"1.145333E+002","2.2719999999999999E+001",31,80,2932,"2.2710000000000001E+001","1.145433E+002","80,31"
"1.1452330000000001E+002","2.2719999999999999E+001",31,79,2931,"2.2710000000000001E+001","1.145333E+002","79,31"
"1.145133E+002","2.2719999999999999E+001",31,78,2930,"2.2710000000000001E+001","1.1452330000000001E+002","78,31"
"1.139033E+002","2.2440000000000001E+001",3,17,293,"2.243E+001","1.1391330000000001E+002","17,3"
"1.145033E+002","2.2719999999999999E+001",31,77,2929,"2.2710000000000001E+001","1.145133E+002","77,31"
"1.144933E+002","2.2719999999999999E+001",31,76,2928,"2.2710000000000001E+001","1.145033E+002","76,31"
"1.144833E+002","2.2719999999999999E+001",31,75,2927,"2.2710000000000001E+001","1.144933E+002","75,31"
"1.1447329999999999E+002","2.2719999999999999E+001",31,74,2926,"2.2710000000000001E+001","1.144833E+002","74,31"
"1.144633E+002","2.2719999999999999E+001",31,73,2925,"2.2710000000000001E+001","1.1447329999999999E+002","73,31"
"1.144533E+002","2.2719999999999999E+001",31,72,2924,"2.2710000000000001E+001","1.144633E+002","72,31"
"1.1444329999999999E+002","2.2719999999999999E+001",31,71,2923,"2.2710000000000001E+001","1.144533E+002","71,31"
"1.144333E+002","2.2719999999999999E+001",31,70,2922,"2.2710000000000001E+001","1.1444329999999999E+002","70,31"
"1.144233E+002","2.2719999999999999E+001",31,69,2921,"2.2710000000000001E+001","1.144333E+002","69,31"
"1.1441330000000001E+002","2.2719999999999999E+001",31,68,2920,"2.2710000000000001E+001","1.144233E+002","68,31"
"1.138933E+002","2.2440000000000001E+001",3,16,292,"2.243E+001","1.139033E+002","16,3"
"1.144033E+002","2.2719999999999999E+001",31,67,2919,"2.2710000000000001E+001","1.1441330000000001E+002","67,31"
"1.143933E+002","2.2719999999999999E+001",31,66,2918,"2.2710000000000001E+001","1.144033E+002","66,31"
"1.1438330000000001E+002","2.2719999999999999E+001",31,65,2917,"2.2710000000000001E+001","1.143933E+002","65,31"
"1.143733E+002","2.2719999999999999E+001",31,64,2916,"2.2710000000000001E+001","1.1438330000000001E+002","64,31"
"1.143633E+002","2.2719999999999999E+001",31,63,2915,"2.2710000000000001E+001","1.143733E+002","63,31"
"1.143533E+002","2.2719999999999999E+001",31,62,2914,"2.2710000000000001E+001","1.143633E+002","62,31"
"1.143433E+002","2.2719999999999999E+001",31,61,2913,"2.2710000000000001E+001","1.143533E+002","61,31"
"1.1433329999999999E+002","2.2719999999999999E+001",31,60,2912,"2.2710000000000001E+001","1.143433E+002","60,31"
"1.143233E+002","2.2719999999999999E+001",31,59,2911,"2.2710000000000001E+001","1.1433329999999999E+002","59,31"
"1.143133E+002","2.2719999999999999E+001",31,58,2910,"2.2710000000000001E+001","1.143233E+002","58,31"
"1.1388330000000001E+002","2.2440000000000001E+001",3,15,291,"2.243E+001","1.138933E+002","15,3"
"1.1430329999999999E+002","2.2719999999999999E+001",31,57,2909,"2.2710000000000001E+001","1.143133E+002","57,31"
"1.142933E+002","2.2719999999999999E+001",31,56,2908,"2.2710000000000001E+001","1.1430329999999999E+002","56,31"
"1.142833E+002","2.2719999999999999E+001",31,55,2907,"2.2710000000000001E+001","1.142933E+002","55,31"
"1.1427330000000001E+002","2.2719999999999999E+001",31,54,2906,"2.2710000000000001E+001","1.142833E+002","54,31"
"1.142633E+002","2.2719999999999999E+001",31,53,2905,"2.2710000000000001E+001","1.1427330000000001E+002","53,31"
"1.142533E+002","2.2719999999999999E+001",31,52,2904,"2.2710000000000001E+001","1.142633E+002","52,31"
"1.142433E+002","2.2719999999999999E+001",31,51,2903,"2.2710000000000001E+001","1.142533E+002","51,31"
"1.142333E+002","2.2719999999999999E+001",31,50,2902,"2.2710000000000001E+001","1.142433E+002","50,31"
"1.1422329999999999E+002","2.2719999999999999E+001",31,49,2901,"2.2710000000000001E+001","1.142333E+002","49,31"
"1.142133E+002","2.2719999999999999E+001",31,48,2900,"2.2710000000000001E+001","1.1422329999999999E+002","48,31"
"1.138733E+002","2.2440000000000001E+001",3,14,290,"2.243E+001","1.1388330000000001E+002","14,3"
"1.1402330000000001E+002","2.241E+001",0,29,29,"2.2399999999999999E+001","1.140333E+002","29,0"
"1.142033E+002","2.2719999999999999E+001",31,47,2899,"2.2710000000000001E+001","1.142133E+002","47,31"
"1.1419329999999999E+002","2.2719999999999999E+001",31,46,2898,"2.2710000000000001E+001","1.142033E+002","46,31"
"1.141833E+002","2.2719999999999999E+001",31,45,2897,"2.2710000000000001E+001","1.1419329999999999E+002","45,31"
"1.141733E+002","2.2719999999999999E+001",31,44,2896,"2.2710000000000001E+001","1.141833E+002","44,31"
"1.1416330000000001E+002","2.2719999999999999E+001",31,43,2895,"2.2710000000000001E+001","1.141733E+002","43,31"
"1.141533E+002","2.2719999999999999E+001",31,42,2894,"2.2710000000000001E+001","1.1416330000000001E+002","42,31"
"1.141433E+002","2.2719999999999999E+001",31,41,2893,"2.2710000000000001E+001","1.141533E+002","41,31"
"1.1413330000000001E+002","2.2719999999999999E+001",31,40,2892,"2.2710000000000001E+001","1.141433E+002","40,31"
"1.141233E+002","2.2719999999999999E+001",31,39,2891,"2.2710000000000001E+001","1.1413330000000001E+002","39,31"
"1.141133E+002","2.2719999999999999E+001",31,38,2890,"2.2710000000000001E+001","1.141233E+002","38,31"
"1.143933E+002","2.277E+001",36,66,3378,"2.2760000000000002E+001","1.144033E+002","66,36"
"1.1438330000000001E+002","2.277E+001",36,65,3377,"2.2760000000000002E+001","1.143933E+002","65,36"
"1.143733E+002","2.277E+001",36,64,3376,"2.2760000000000002E+001","1.1438330000000001E+002","64,36"
"1.143633E+002","2.277E+001",36,63,3375,"2.2760000000000002E+001","1.143733E+002","63,36"
"1.143533E+002","2.277E+001",36,62,3374,"2.2760000000000002E+001","1.143633E+002","62,36"
"1.143433E+002","2.277E+001",36,61,3373,"2.2760000000000002E+001","1.143533E+002","61,36"
"1.1433329999999999E+002","2.277E+001",36,60,3372,"2.2760000000000002E+001","1.143433E+002","60,36"
"1.143233E+002","2.277E+001",36,59,3371,"2.2760000000000002E+001","1.1433329999999999E+002","59,36"
"1.143133E+002","2.277E+001",36,58,3370,"2.2760000000000002E+001","1.143233E+002","58,36"
"1.143433E+002","2.2440000000000001E+001",3,61,337,"2.243E+001","1.143533E+002","61,3"
"1.1430329999999999E+002","2.277E+001",36,57,3369,"2.2760000000000002E+001","1.143133E+002","57,36"
"1.142933E+002","2.277E+001",36,56,3368,"2.2760000000000002E+001","1.1430329999999999E+002","56,36"
"1.142833E+002","2.277E+001",36,55,3367,"2.2760000000000002E+001","1.142933E+002","55,36"
"1.1427330000000001E+002","2.277E+001",36,54,3366,"2.2760000000000002E+001","1.142833E+002","54,36"
"1.142633E+002","2.277E+001",36,53,3365,"2.2760000000000002E+001","1.1427330000000001E+002","53,36"
"1.142533E+002","2.277E+001",36,52,3364,"2.2760000000000002E+001","1.142633E+002","52,36"
"1.142433E+002","2.277E+001",36,51,3363,"2.2760000000000002E+001","1.142533E+002","51,36"
"1.142333E+002","2.277E+001",36,50,3362,"2.2760000000000002E+001","1.142433E+002","50,36"
"1.1422329999999999E+002","2.277E+001",36,49,3361,"2.2760000000000002E+001","1.142333E+002","49,36"
"1.142133E+002","2.277E+001",36,48,3360,"2.2760000000000002E+001","1.1422329999999999E+002","48,36"
"1.1433329999999999E+002","2.2440000000000001E+001",3,60,336,"2.243E+001","1.143433E+002","60,3"
"1.142033E+002","2.277E+001",36,47,3359,"2.2760000000000002E+001","1.142133E+002","47,36"
"1.1419329999999999E+002","2.277E+001",36,46,3358,"2.2760000000000002E+001","1.142033E+002","46,36"
"1.141833E+002","2.277E+001",36,45,3357,"2.2760000000000002E+001","1.1419329999999999E+002","45,36"
"1.141733E+002","2.277E+001",36,44,3356,"2.2760000000000002E+001","1.141833E+002","44,36"
"1.1416330000000001E+002","2.277E+001",36,43,3355,"2.2760000000000002E+001","1.141733E+002","43,36"
"1.141533E+002","2.277E+001",36,42,3354,"2.2760000000000002E+001","1.1416330000000001E+002","42,36"
"1.141433E+002","2.277E+001",36,41,3353,"2.2760000000000002E+001","1.141533E+002","41,36"
"1.1413330000000001E+002","2.277E+001",36,40,3352,"2.2760000000000002E+001","1.141433E+002","40,36"
"1.141233E+002","2.277E+001",36,39,3351,"2.2760000000000002E+001","1.1413330000000001E+002","39,36"
"1.141133E+002","2.277E+001",36,38,3350,"2.2760000000000002E+001","1.141233E+002","38,36"
"1.143233E+002","2.2440000000000001E+001",3,59,335,"2.243E+001","1.1433329999999999E+002","59,3"
"1.141033E+002","2.277E+001",36,37,3349,"2.2760000000000002E+001","1.141133E+002","37,36"
"1.140933E+002","2.277E+001",36,36,3348,"2.2760000000000002E+001","1.141033E+002","36,36"
"1.1408329999999999E+002","2.277E+001",36,35,3347,"2.2760000000000002E+001","1.140933E+002","35,36"
"1.140733E+002","2.277E+001",36,34,3346,"2.2760000000000002E+001","1.1408329999999999E+002","34,36"
"1.140633E+002","2.277E+001",36,33,3345,"2.2760000000000002E+001","1.140733E+002","33,36"
"1.1405329999999999E+002","2.277E+001",36,32,3344,"2.2760000000000002E+001","1.140633E+002","32,36"
"1.140433E+002","2.277E+001",36,31,3343,"2.2760000000000002E+001","1.1405329999999999E+002","31,36"
"1.140333E+002","2.277E+001",36,30,3342,"2.2760000000000002E+001","1.140433E+002","30,36"
"1.1402330000000001E+002","2.277E+001",36,29,3341,"2.2760000000000002E+001","1.140333E+002","29,36"
"1.140133E+002","2.277E+001",36,28,3340,"2.2760000000000002E+001","1.1402330000000001E+002","28,36"
"1.143133E+002","2.2440000000000001E+001",3,58,334,"2.243E+001","1.143233E+002","58,3"
"1.140033E+002","2.277E+001",36,27,3339,"2.2760000000000002E+001","1.140133E+002","27,36"
"1.139933E+002","2.277E+001",36,26,3338,"2.2760000000000002E+001","1.140033E+002","26,36"
"1.139833E+002","2.277E+001",36,25,3337,"2.2760000000000002E+001","1.139933E+002","25,36"
"1.1397329999999999E+002","2.277E+001",36,24,3336,"2.2760000000000002E+001","1.139833E+002","24,36"
"1.139633E+002","2.277E+001",36,23,3335,"2.2760000000000002E+001","1.1397329999999999E+002","23,36"
"1.139533E+002","2.277E+001",36,22,3334,"2.2760000000000002E+001","1.139633E+002","22,36"
"1.1394329999999999E+002","2.277E+001",36,21,3333,"2.2760000000000002E+001","1.139533E+002","21,36"
"1.139333E+002","2.277E+001",36,20,3332,"2.2760000000000002E+001","1.1394329999999999E+002","20,36"
"1.139233E+002","2.277E+001",36,19,3331,"2.2760000000000002E+001","1.139333E+002","19,36"
"1.1391330000000001E+002","2.277E+001",36,18,3330,"2.2760000000000002E+001","1.139233E+002","18,36"
"1.1430329999999999E+002","2.2440000000000001E+001",3,57,333,"2.243E+001","1.143133E+002","57,3"
"1.139033E+002","2.277E+001",36,17,3329,"2.2760000000000002E+001","1.1391330000000001E+002","17,36"
"1.138933E+002","2.277E+001",36,16,3328,"2.2760000000000002E+001","1.139033E+002","16,36"
"1.1388330000000001E+002","2.277E+001",36,15,3327,"2.2760000000000002E+001","1.138933E+002","15,36"
"1.138733E+002","2.277E+001",36,14,3326,"2.2760000000000002E+001","1.1388330000000001E+002","14,36"
"1.138633E+002","2.277E+001",36,13,3325,"2.2760000000000002E+001","1.138733E+002","13,36"
"1.138533E+002","2.277E+001",36,12,3324,"2.2760000000000002E+001","1.138633E+002","12,36"
"1.138433E+002","2.277E+001",36,11,3323,"2.2760000000000002E+001","1.138533E+002","11,36"
"1.1383329999999999E+002","2.277E+001",36,10,3322,"2.2760000000000002E+001","1.138433E+002","10,36"
"1.138233E+002","2.277E+001",36,9,3321,"2.2760000000000002E+001","1.1383329999999999E+002","9,36"
"1.138133E+002","2.277E+001",36,8,3320,"2.2760000000000002E+001","1.138233E+002","8,36"
"1.142933E+002","2.2440000000000001E+001",3,56,332,"2.243E+001","1.1430329999999999E+002","56,3"
"1.1380329999999999E+002","2.277E+001",36,7,3319,"2.2760000000000002E+001","1.138133E+002","7,36"
"1.137933E+002","2.277E+001",36,6,3318,"2.2760000000000002E+001","1.1380329999999999E+002","6,36"
"1.137833E+002","2.277E+001",36,5,3317,"2.2760000000000002E+001","1.137933E+002","5,36"
"1.141733E+002","2.2539999999999999E+001",13,44,1240,"2.2530000000000001E+001","1.141833E+002","44,13"
"1.1405329999999999E+002","2.2420000000000002E+001",1,32,124,"2.241E+001","1.140633E+002","32,1"
"1.1416330000000001E+002","2.2539999999999999E+001",13,43,1239,"2.2530000000000001E+001","1.141733E+002","43,13"
"1.141533E+002","2.2539999999999999E+001",13,42,1238,"2.2530000000000001E+001","1.1416330000000001E+002","42,13"
"1.141433E+002","2.2539999999999999E+001",13,41,1237,"2.2530000000000001E+001","1.141533E+002","41,13"
"1.1413330000000001E+002","2.2539999999999999E+001",13,40,1236,"2.2530000000000001E+001","1.141433E+002","40,13"
"1.141233E+002","2.2539999999999999E+001",13,39,1235,"2.2530000000000001E+001","1.1413330000000001E+002","39,13"
"1.141133E+002","2.2539999999999999E+001",13,38,1234,"2.2530000000000001E+001","1.141233E+002","38,13"
"1.141033E+002","2.2539999999999999E+001",13,37,1233,"2.2530000000000001E+001","1.141133E+002","37,13"
"1.140933E+002","2.2539999999999999E+001",13,36,1232,"2.2530000000000001E+001","1.141033E+002","36,13"
"1.1408329999999999E+002","2.2539999999999999E+001",13,35,1231,"2.2530000000000001E+001","1.140933E+002","35,13"
"1.140733E+002","2.2539999999999999E+001",13,34,1230,"2.2530000000000001E+001","1.1408329999999999E+002","34,13"
"1.140433E+002","2.2420000000000002E+001",1,31,123,"2.241E+001","1.1405329999999999E+002","31,1"
"1.140633E+002","2.2539999999999999E+001",13,33,1229,"2.2530000000000001E+001","1.140733E+002","33,13"
"1.1405329999999999E+002","2.2539999999999999E+001",13,32,1228,"2.2530000000000001E+001","1.140633E+002","32,13"
"1.140433E+002","2.2539999999999999E+001",13,31,1227,"2.2530000000000001E+001","1.1405329999999999E+002","31,13"
"1.140333E+002","2.2539999999999999E+001",13,30,1226,"2.2530000000000001E+001","1.140433E+002","30,13"
"1.1402330000000001E+002","2.2539999999999999E+001",13,29,1225,"2.2530000000000001E+001","1.140333E+002","29,13"
"1.140133E+002","2.2539999999999999E+001",13,28,1224,"2.2530000000000001E+001","1.1402330000000001E+002","28,13"
"1.140033E+002","2.2539999999999999E+001",13,27,1223,"2.2530000000000001E+001","1.140133E+002","27,13"
"1.139933E+002","2.2539999999999999E+001",13,26,1222,"2.2530000000000001E+001","1.140033E+002","26,13"
"1.139833E+002","2.2539999999999999E+001",13,25,1221,"2.2530000000000001E+001","1.139933E+002","25,13"
"1.1397329999999999E+002","2.2539999999999999E+001",13,24,1220,"2.2530000000000001E+001","1.139833E+002","24,13"
"1.140333E+002","2.2420000000000002E+001",1,30,122,"2.241E+001","1.140433E+002","30,1"
"1.139633E+002","2.2539999999999999E+001",13,23,1219,"2.2530000000000001E+001","1.1397329999999999E+002","23,13"
"1.139533E+002","2.2539999999999999E+001",13,22,1218,"2.2530000000000001E+001","1.139633E+002","22,13"
"1.1394329999999999E+002","2.2539999999999999E+001",13,21,1217,"2.2530000000000001E+001","1.139533E+002","21,13"
"1.139333E+002","2.2539999999999999E+001",13,20,1216,"2.2530000000000001E+001","1.1394329999999999E+002","20,13"
"1.139233E+002","2.2539999999999999E+001",13,19,1215,"2.2530000000000001E+001","1.139333E+002","19,13"
"1.1391330000000001E+002","2.2539999999999999E+001",13,18,1214,"2.2530000000000001E+001","1.139233E+002","18,13"
"1.139033E+002","2.2539999999999999E+001",13,17,1213,"2.2530000000000001E+001","1.1391330000000001E+002","17,13"
"1.138933E+002","2.2539999999999999E+001",13,16,1212,"2.2530000000000001E+001","1.139033E+002","16,13"
"1.1388330000000001E+002","2.2539999999999999E+001",13,15,1211,"2.2530000000000001E+001","1.138933E+002","15,13"
"1.138733E+002","2.2539999999999999E+001",13,14,1210,"2.2530000000000001E+001","1.1388330000000001E+002","14,13"
"1.1402330000000001E+002","2.2420000000000002E+001",1,29,121,"2.241E+001","1.140333E+002","29,1"
"1.138633E+002","2.2539999999999999E+001",13,13,1209,"2.2530000000000001E+001","1.138733E+002","13,13"
"1.138533E+002","2.2539999999999999E+001",13,12,1208,"2.2530000000000001E+001","1.138633E+002","12,13"
"1.138433E+002","2.2539999999999999E+001",13,11,1207,"2.2530000000000001E+001","1.138533E+002","11,13"
"1.1383329999999999E+002","2.2539999999999999E+001",13,10,1206,"2.2530000000000001E+001","1.138433E+002","10,13"
"1.138233E+002","2.2539999999999999E+001",13,9,1205,"2.2530000000000001E+001","1.1383329999999999E+002","9,13"
"1.138133E+002","2.2539999999999999E+001",13,8,1204,"2.2530000000000001E+001","1.138233E+002","8,13"
"1.1380329999999999E+002","2.2539999999999999E+001",13,7,1203,"2.2530000000000001E+001","1.138133E+002","7,13"
"1.137933E+002","2.2539999999999999E+001",13,6,1202,"2.2530000000000001E+001","1.1380329999999999E+002","6,13"
"1.137833E+002","2.2539999999999999E+001",13,5,1201,"2.2530000000000001E+001","1.137933E+002","5,13"
"1.1377330000000001E+002","2.2539999999999999E+001",13,4,1200,"2.2530000000000001E+001","1.137833E+002","4,13"
"1.140133E+002","2.2420000000000002E+001",1,28,120,"2.241E+001","1.1402330000000001E+002","28,1"
"1.138533E+002","2.241E+001",0,12,12,"2.2399999999999999E+001","1.138633E+002","12,0"
"1.137633E+002","2.2539999999999999E+001",13,3,1199,"2.2530000000000001E+001","1.1377330000000001E+002","3,13"
"1.137533E+002","2.2539999999999999E+001",13,2,1198,"2.2530000000000001E+001","1.137633E+002","2,13"
"1.137433E+002","2.2539999999999999E+001",13,1,1197,"2.2530000000000001E+001","1.137533E+002","1,13"
"1.137333E+002","2.2539999999999999E+001",13,0,1196,"2.2530000000000001E+001","1.137433E+002","0,13"
"1.146433E+002","2.2530000000000001E+001",12,91,1195,"2.252E+001","1.146533E+002","91,12"
"1.1463330000000001E+002","2.2530000000000001E+001",12,90,1194,"2.252E+001","1.146433E+002","90,12"
"1.146233E+002","2.2530000000000001E+001",12,89,1193,"2.252E+001","1.1463330000000001E+002","89,12"
"1.146133E+002","2.2530000000000001E+001",12,88,1192,"2.252E+001","1.146233E+002","88,12"
"1.146033E+002","2.2530000000000001E+001",12,87,1191,"2.252E+001","1.146133E+002","87,12"
"1.145933E+002","2.2530000000000001E+001",12,86,1190,"2.252E+001","1.146033E+002","86,12"
"1.140033E+002","2.2420000000000002E+001",1,27,119,"2.241E+001","1.140133E+002","27,1"
"1.1458329999999999E+002","2.2530000000000001E+001",12,85,1189,"2.252E+001","1.145933E+002","85,12"
"1.145733E+002","2.2530000000000001E+001",12,84,1188,"2.252E+001","1.1458329999999999E+002","84,12"
"1.145633E+002","2.2530000000000001E+001",12,83,1187,"2.252E+001","1.145733E+002","83,12"
"1.1455329999999999E+002","2.2530000000000001E+001",12,82,1186,"2.252E+001","1.145633E+002","82,12"
"1.145433E+002","2.2530000000000001E+001",12,81,1185,"2.252E+001","1.1455329999999999E+002","81,12"
"1.145333E+002","2.2530000000000001E+001",12,80,1184,"2.252E+001","1.145433E+002","80,12"
"1.1452330000000001E+002","2.2530000000000001E+001",12,79,1183,"2.252E+001","1.145333E+002","79,12"
"1.145133E+002","2.2530000000000001E+001",12,78,1182,"2.252E+001","1.1452330000000001E+002","78,12"
"1.145033E+002","2.2530000000000001E+001",12,77,1181,"2.252E+001","1.145133E+002","77,12"
"1.144933E+002","2.2530000000000001E+001",12,76,1180,"2.252E+001","1.145033E+002","76,12"
"1.1458329999999999E+002","2.2809999999999999E+001",40,85,3765,"2.2800000000000001E+001","1.145933E+002","85,40"
"1.145733E+002","2.2809999999999999E+001",40,84,3764,"2.2800000000000001E+001","1.1458329999999999E+002","84,40"
"1.145633E+002","2.2809999999999999E+001",40,83,3763,"2.2800000000000001E+001","1.145733E+002","83,40"
"1.1455329999999999E+002","2.2809999999999999E+001",40,82,3762,"2.2800000000000001E+001","1.145633E+002","82,40"
"1.145433E+002","2.2809999999999999E+001",40,81,3761,"2.2800000000000001E+001","1.1455329999999999E+002","81,40"
"1.145333E+002","2.2809999999999999E+001",40,80,3760,"2.2800000000000001E+001","1.145433E+002","80,40"
"1.138133E+002","2.2449999999999999E+001",4,8,376,"2.2440000000000001E+001","1.138233E+002","8,4"
"1.1452330000000001E+002","2.2809999999999999E+001",40,79,3759,"2.2800000000000001E+001","1.145333E+002","79,40"
"1.145133E+002","2.2809999999999999E+001",40,78,3758,"2.2800000000000001E+001","1.1452330000000001E+002","78,40"
"1.145033E+002","2.2809999999999999E+001",40,77,3757,"2.2800000000000001E+001","1.145133E+002","77,40"
"1.144933E+002","2.2809999999999999E+001",40,76,3756,"2.2800000000000001E+001","1.145033E+002","76,40"
"1.144833E+002","2.2809999999999999E+001",40,75,3755,"2.2800000000000001E+001","1.144933E+002","75,40"
"1.1447329999999999E+002","2.2809999999999999E+001",40,74,3754,"2.2800000000000001E+001","1.144833E+002","74,40"
"1.144633E+002","2.2809999999999999E+001",40,73,3753,"2.2800000000000001E+001","1.1447329999999999E+002","73,40"
"1.144533E+002","2.2809999999999999E+001",40,72,3752,"2.2800000000000001E+001","1.144633E+002","72,40"
"1.1444329999999999E+002","2.2809999999999999E+001",40,71,3751,"2.2800000000000001E+001","1.144533E+002","71,40"
"1.144333E+002","2.2809999999999999E+001",40,70,3750,"2.2800000000000001E+001","1.1444329999999999E+002","70,40"
"1.1380329999999999E+002","2.2449999999999999E+001",4,7,375,"2.2440000000000001E+001","1.138133E+002","7,4"
"1.144233E+002","2.2809999999999999E+001",40,69,3749,"2.2800000000000001E+001","1.144333E+002","69,40"
"1.1441330000000001E+002","2.2809999999999999E+001",40,68,3748,"2.2800000000000001E+001","1.144233E+002","68,40"
"1.144033E+002","2.2809999999999999E+001",40,67,3747,"2.2800000000000001E+001","1.1441330000000001E+002","67,40"
"1.143933E+002","2.2809999999999999E+001",40,66,3746,"2.2800000000000001E+001","1.144033E+002","66,40"
"1.1438330000000001E+002","2.2809999999999999E+001",40,65,3745,"2.2800000000000001E+001","1.143933E+002","65,40"
"1.143733E+002","2.2809999999999999E+001",40,64,3744,"2.2800000000000001E+001","1.1438330000000001E+002","64,40"
"1.143633E+002","2.2809999999999999E+001",40,63,3743,"2.2800000000000001E+001","1.143733E+002","63,40"
"1.143533E+002","2.2809999999999999E+001",40,62,3742,"2.2800000000000001E+001","1.143633E+002","62,40"
"1.143433E+002","2.2809999999999999E+001",40,61,3741,"2.2800000000000001E+001","1.143533E+002","61,40"
"1.1433329999999999E+002","2.2809999999999999E+001",40,60,3740,"2.2800000000000001E+001","1.143433E+002","60,40"
"1.137933E+002","2.2449999999999999E+001",4,6,374,"2.2440000000000001E+001","1.1380329999999999E+002","6,4"
"1.143233E+002","2.2809999999999999E+001",40,59,3739,"2.2800000000000001E+001","1.1433329999999999E+002","59,40"
"1.143133E+002","2.2809999999999999E+001",40,58,3738,"2.2800000000000001E+001","1.143233E+002","58,40"
"1.1430329999999999E+002","2.2809999999999999E+001",40,57,3737,"2.2800000000000001E+001","1.143133E+002","57,40"
"1.142933E+002","2.2809999999999999E+001",40,56,3736,"2.2800000000000001E+001","1.1430329999999999E+002","56,40"
"1.142833E+002","2.2809999999999999E+001",40,55,3735,"2.2800000000000001E+001","1.142933E+002","55,40"
"1.1427330000000001E+002","2.2809999999999999E+001",40,54,3734,"2.2800000000000001E+001","1.142833E+002","54,40"
"1.142633E+002","2.2809999999999999E+001",40,53,3733,"2.2800000000000001E+001","1.1427330000000001E+002","53,40"
"1.142533E+002","2.2809999999999999E+001",40,52,3732,"2.2800000000000001E+001","1.142633E+002","52,40"
"1.142433E+002","2.2809999999999999E+001",40,51,3731,"2.2800000000000001E+001","1.142533E+002","51,40"
"1.142333E+002","2.2809999999999999E+001",40,50,3730,"2.2800000000000001E+001","1.142433E+002","50,40"
"1.137833E+002","2.2449999999999999E+001",4,5,373,"2.2440000000000001E+001","1.137933E+002","5,4"
"1.1422329999999999E+002","2.2809999999999999E+001",40,49,3729,"2.2800000000000001E+001","1.142333E+002","49,40"
"1.142133E+002","2.2809999999999999E+001",40,48,3728,"2.2800000000000001E+001","1.1422329999999999E+002","48,40"
"1.142033E+002","2.2809999999999999E+001",40,47,3727,"2.2800000000000001E+001","1.142133E+002","47,40"
"1.1419329999999999E+002","2.2809999999999999E+001",40,46,3726,"2.2800000000000001E+001","1.142033E+002","46,40"
"1.141833E+002","2.2809999999999999E+001",40,45,3725,"2.2800000000000001E+001","1.1419329999999999E+002","45,40"
"1.141733E+002","2.2809999999999999E+001",40,44,3724,"2.2800000000000001E+001","1.141833E+002","44,40"
"1.1416330000000001E+002","2.2809999999999999E+001",40,43,3723,"2.2800000000000001E+001","1.141733E+002","43,40"
"1.141533E+002","2.2809999999999999E+001",40,42,3722,"2.2800000000000001E+001","1.1416330000000001E+002","42,40"
"1.141433E+002","2.2809999999999999E+001",40,41,3721,"2.2800000000000001E+001","1.141533E+002","41,40"
"1.1413330000000001E+002","2.2809999999999999E+001",40,40,3720,"2.2800000000000001E+001","1.141433E+002","40,40"
"1.1377330000000001E+002","2.2449999999999999E+001",4,4,372,"2.2440000000000001E+001","1.137833E+002","4,4"
"1.141233E+002","2.2809999999999999E+001",40,39,3719,"2.2800000000000001E+001","1.1413330000000001E+002","39,40"
"1.141133E+002","2.2809999999999999E+001",40,38,3718,"2.2800000000000001E+001","1.141233E+002","38,40"
"1.141033E+002","2.2809999999999999E+001",40,37,3717,"2.2800000000000001E+001","1.141133E+002","37,40"
"1.140933E+002","2.2809999999999999E+001",40,36,3716,"2.2800000000000001E+001","1.141033E+002","36,40"
"1.1408329999999999E+002","2.2809999999999999E+001",40,35,3715,"2.2800000000000001E+001","1.140933E+002","35,40"
"1.140733E+002","2.2809999999999999E+001",40,34,3714,"2.2800000000000001E+001","1.1408329999999999E+002","34,40"
"1.140633E+002","2.2809999999999999E+001",40,33,3713,"2.2800000000000001E+001","1.140733E+002","33,40"
"1.1405329999999999E+002","2.2809999999999999E+001",40,32,3712,"2.2800000000000001E+001","1.140633E+002","32,40"
"1.140433E+002","2.2809999999999999E+001",40,31,3711,"2.2800000000000001E+001","1.1405329999999999E+002","31,40"
"1.140333E+002","2.2809999999999999E+001",40,30,3710,"2.2800000000000001E+001","1.140433E+002","30,40"
"1.137633E+002","2.2449999999999999E+001",4,3,371,"2.2440000000000001E+001","1.1377330000000001E+002","3,4"
"1.1402330000000001E+002","2.2809999999999999E+001",40,29,3709,"2.2800000000000001E+001","1.140333E+002","29,40"
"1.140133E+002","2.2809999999999999E+001",40,28,3708,"2.2800000000000001E+001","1.1402330000000001E+002","28,40"
"1.140033E+002","2.2809999999999999E+001",40,27,3707,"2.2800000000000001E+001","1.140133E+002","27,40"
"1.139933E+002","2.2809999999999999E+001",40,26,3706,"2.2800000000000001E+001","1.140033E+002","26,40"
"1.139833E+002","2.2809999999999999E+001",40,25,3705,"2.2800000000000001E+001","1.139933E+002","25,40"
"1.143633E+002","2.2649999999999999E+001",24,63,2271,"2.2640000000000001E+001","1.143733E+002","63,24"
"1.143533E+002","2.2649999999999999E+001",24,62,2270,"2.2640000000000001E+001","1.143633E+002","62,24"
"1.1416330000000001E+002","2.243E+001",2,43,227,"2.2420000000000002E+001","1.141733E+002","43,2"
"1.143433E+002","2.2649999999999999E+001",24,61,2269,"2.2640000000000001E+001","1.143533E+002","61,24"
"1.1433329999999999E+002","2.2649999999999999E+001",24,60,2268,"2.2640000000000001E+001","1.143433E+002","60,24"
"1.143233E+002","2.2649999999999999E+001",24,59,2267,"2.2640000000000001E+001","1.1433329999999999E+002","59,24"
"1.143133E+002","2.2649999999999999E+001",24,58,2266,"2.2640000000000001E+001","1.143233E+002","58,24"
"1.1430329999999999E+002","2.2649999999999999E+001",24,57,2265,"2.2640000000000001E+001","1.143133E+002","57,24"
"1.142933E+002","2.2649999999999999E+001",24,56,2264,"2.2640000000000001E+001","1.1430329999999999E+002","56,24"
"1.142833E+002","2.2649999999999999E+001",24,55,2263,"2.2640000000000001E+001","1.142933E+002","55,24"
"1.1427330000000001E+002","2.2649999999999999E+001",24,54,2262,"2.2640000000000001E+001","1.142833E+002","54,24"
"1.142633E+002","2.2649999999999999E+001",24,53,2261,"2.2640000000000001E+001","1.1427330000000001E+002","53,24"
"1.142533E+002","2.2649999999999999E+001",24,52,2260,"2.2640000000000001E+001","1.142633E+002","52,24"
"1.141533E+002","2.243E+001",2,42,226,"2.2420000000000002E+001","1.1416330000000001E+002","42,2"
"1.142433E+002","2.2649999999999999E+001",24,51,2259,"2.2640000000000001E+001","1.142533E+002","51,24"
"1.142333E+002","2.2649999999999999E+001",24,50,2258,"2.2640000000000001E+001","1.142433E+002","50,24"
"1.1422329999999999E+002","2.2649999999999999E+001",24,49,2257,"2.2640000000000001E+001","1.142333E+002","49,24"
"1.142133E+002","2.2649999999999999E+001",24,48,2256,"2.2640000000000001E+001","1.1422329999999999E+002","48,24"
"1.142033E+002","2.2649999999999999E+001",24,47,2255,"2.2640000000000001E+001","1.142133E+002","47,24"
"1.1419329999999999E+002","2.2649999999999999E+001",24,46,2254,"2.2640000000000001E+001","1.142033E+002","46,24"
"1.141833E+002","2.2649999999999999E+001",24,45,2253,"2.2640000000000001E+001","1.1419329999999999E+002","45,24"
"1.141733E+002","2.2649999999999999E+001",24,44,2252,"2.2640000000000001E+001","1.141833E+002","44,24"
"1.1416330000000001E+002","2.2649999999999999E+001",24,43,2251,"2.2640000000000001E+001","1.141733E+002","43,24"
"1.141533E+002","2.2649999999999999E+001",24,42,2250,"2.2640000000000001E+001","1.1416330000000001E+002","42,24"
"1.141433E+002","2.243E+001",2,41,225,"2.2420000000000002E+001","1.141533E+002","41,2"
"1.141433E+002","2.2649999999999999E+001",24,41,2249,"2.2640000000000001E+001","1.141533E+002","41,24"
"1.1413330000000001E+002","2.2649999999999999E+001",24,40,2248,"2.2640000000000001E+001","1.141433E+002","40,24"
"1.141233E+002","2.2649999999999999E+001",24,39,2247,"2.2640000000000001E+001","1.1413330000000001E+002","39,24"
"1.141133E+002","2.2649999999999999E+001",24,38,2246,"2.2640000000000001E+001","1.141233E+002","38,24"
"1.141033E+002","2.2649999999999999E+001",24,37,2245,"2.2640000000000001E+001","1.141133E+002","37,24"
"1.140933E+002","2.2649999999999999E+001",24,36,2244,"2.2640000000000001E+001","1.141033E+002","36,24"
"1.1408329999999999E+002","2.2649999999999999E+001",24,35,2243,"2.2640000000000001E+001","1.140933E+002","35,24"
"1.140733E+002","2.2649999999999999E+001",24,34,2242,"2.2640000000000001E+001","1.1408329999999999E+002","34,24"
"1.140633E+002","2.2649999999999999E+001",24,33,2241,"2.2640000000000001E+001","1.140733E+002","33,24"
"1.1405329999999999E+002","2.2649999999999999E+001",24,32,2240,"2.2640000000000001E+001","1.140633E+002","32,24"
"1.1413330000000001E+002","2.243E+001",2,40,224,"2.2420000000000002E+001","1.141433E+002","40,2"
"1.140433E+002","2.2649999999999999E+001",24,31,2239,"2.2640000000000001E+001","1.1405329999999999E+002","31,24"
"1.140333E+002","2.2649999999999999E+001",24,30,2238,"2.2640000000000001E+001","1.140433E+002","30,24"
"1.1402330000000001E+002","2.2649999999999999E+001",24,29,2237,"2.2640000000000001E+001","1.140333E+002","29,24"
"1.140133E+002","2.2649999999999999E+001",24,28,2236,"2.2640000000000001E+001","1.1402330000000001E+002","28,24"
"1.140033E+002","2.2649999999999999E+001",24,27,2235,"2.2640000000000001E+001","1.140133E+002","27,24"
"1.139933E+002","2.2649999999999999E+001",24,26,2234,"2.2640000000000001E+001","1.140033E+002","26,24"
"1.139833E+002","2.2649999999999999E+001",24,25,2233,"2.2640000000000001E+001","1.139933E+002","25,24"
"1.1397329999999999E+002","2.2649999999999999E+001",24,24,2232,"2.2640000000000001E+001","1.139833E+002","24,24"
"1.139633E+002","2.2649999999999999E+001",24,23,2231,"2.2640000000000001E+001","1.1397329999999999E+002","23,24"
"1.139533E+002","2.2649999999999999E+001",24,22,2230,"2.2640000000000001E+001","1.139633E+002","22,24"
"1.141233E+002","2.243E+001",2,39,223,"2.2420000000000002E+001","1.1413330000000001E+002","39,2"
"1.1394329999999999E+002","2.2649999999999999E+001",24,21,2229,"2.2640000000000001E+001","1.139533E+002","21,24"
"1.139333E+002","2.2649999999999999E+001",24,20,2228,"2.2640000000000001E+001","1.1394329999999999E+002","20,24"
"1.139233E+002","2.2649999999999999E+001",24,19,2227,"2.2640000000000001E+001","1.139333E+002","19,24"
"1.1391330000000001E+002","2.2649999999999999E+001",24,18,2226,"2.2640000000000001E+001","1.139233E+002","18,24"
"1.139033E+002","2.2649999999999999E+001",24,17,2225,"2.2640000000000001E+001","1.1391330000000001E+002","17,24"
"1.138933E+002","2.2649999999999999E+001",24,16,2224,"2.2640000000000001E+001","1.139033E+002","16,24"
"1.1388330000000001E+002","2.2649999999999999E+001",24,15,2223,"2.2640000000000001E+001","1.138933E+002","15,24"
"1.138733E+002","2.2649999999999999E+001",24,14,2222,"2.2640000000000001E+001","1.1388330000000001E+002","14,24"
"1.138633E+002","2.2649999999999999E+001",24,13,2221,"2.2640000000000001E+001","1.138733E+002","13,24"
"1.138533E+002","2.2649999999999999E+001",24,12,2220,"2.2640000000000001E+001","1.138633E+002","12,24"
"1.141133E+002","2.243E+001",2,38,222,"2.2420000000000002E+001","1.141233E+002","38,2"
"1.138433E+002","2.2649999999999999E+001",24,11,2219,"2.2640000000000001E+001","1.138533E+002","11,24"
"1.1383329999999999E+002","2.2649999999999999E+001",24,10,2218,"2.2640000000000001E+001","1.138433E+002","10,24"
"1.138233E+002","2.2649999999999999E+001",24,9,2217,"2.2640000000000001E+001","1.1383329999999999E+002","9,24"
"1.138133E+002","2.2649999999999999E+001",24,8,2216,"2.2640000000000001E+001","1.138233E+002","8,24"
"1.1380329999999999E+002","2.2649999999999999E+001",24,7,2215,"2.2640000000000001E+001","1.138133E+002","7,24"
"1.137933E+002","2.2649999999999999E+001",24,6,2214,"2.2640000000000001E+001","1.1380329999999999E+002","6,24"
"1.137833E+002","2.2649999999999999E+001",24,5,2213,"2.2640000000000001E+001","1.137933E+002","5,24"
"1.1377330000000001E+002","2.2649999999999999E+001",24,4,2212,"2.2640000000000001E+001","1.137833E+002","4,24"
"1.137633E+002","2.2649999999999999E+001",24,3,2211,"2.2640000000000001E+001","1.1377330000000001E+002","3,24"
"1.137533E+002","2.2649999999999999E+001",24,2,2210,"2.2640000000000001E+001","1.137633E+002","2,24"
"1.141133E+002","2.268E+001",27,38,2522,"2.2670000000000002E+001","1.141233E+002","38,27"
"1.141033E+002","2.268E+001",27,37,2521,"2.2670000000000002E+001","1.141133E+002","37,27"
"1.140933E+002","2.268E+001",27,36,2520,"2.2670000000000002E+001","1.141033E+002","36,27"
"1.1441330000000001E+002","2.243E+001",2,68,252,"2.2420000000000002E+001","1.144233E+002","68,2"
"1.1408329999999999E+002","2.268E+001",27,35,2519,"2.2670000000000002E+001","1.140933E+002","35,27"
"1.140733E+002","2.268E+001",27,34,2518,"2.2670000000000002E+001","1.1408329999999999E+002","34,27"
"1.140633E+002","2.268E+001",27,33,2517,"2.2670000000000002E+001","1.140733E+002","33,27"
"1.1405329999999999E+002","2.268E+001",27,32,2516,"2.2670000000000002E+001","1.140633E+002","32,27"
"1.140433E+002","2.268E+001",27,31,2515,"2.2670000000000002E+001","1.1405329999999999E+002","31,27"
"1.140333E+002","2.268E+001",27,30,2514,"2.2670000000000002E+001","1.140433E+002","30,27"
"1.1402330000000001E+002","2.268E+001",27,29,2513,"2.2670000000000002E+001","1.140333E+002","29,27"
"1.140133E+002","2.268E+001",27,28,2512,"2.2670000000000002E+001","1.1402330000000001E+002","28,27"
"1.140033E+002","2.268E+001",27,27,2511,"2.2670000000000002E+001","1.140133E+002","27,27"
"1.139933E+002","2.268E+001",27,26,2510,"2.2670000000000002E+001","1.140033E+002","26,27"
"1.144033E+002","2.243E+001",2,67,251,"2.2420000000000002E+001","1.1441330000000001E+002","67,2"
"1.139833E+002","2.268E+001",27,25,2509,"2.2670000000000002E+001","1.139933E+002","25,27"
"1.1397329999999999E+002","2.268E+001",27,24,2508,"2.2670000000000002E+001","1.139833E+002","24,27"
"1.139633E+002","2.268E+001",27,23,2507,"2.2670000000000002E+001","1.1397329999999999E+002","23,27"
"1.139533E+002","2.268E+001",27,22,2506,"2.2670000000000002E+001","1.139633E+002","22,27"
"1.1394329999999999E+002","2.268E+001",27,21,2505,"2.2670000000000002E+001","1.139533E+002","21,27"
"1.139333E+002","2.268E+001",27,20,2504,"2.2670000000000002E+001","1.1394329999999999E+002","20,27"
"1.139233E+002","2.268E+001",27,19,2503,"2.2670000000000002E+001","1.139333E+002","19,27"
"1.1391330000000001E+002","2.268E+001",27,18,2502,"2.2670000000000002E+001","1.139233E+002","18,27"
"1.139033E+002","2.268E+001",27,17,2501,"2.2670000000000002E+001","1.1391330000000001E+002","17,27"
"1.138933E+002","2.268E+001",27,16,2500,"2.2670000000000002E+001","1.139033E+002","16,27"
"1.143933E+002","2.243E+001",2,66,250,"2.2420000000000002E+001","1.144033E+002","66,2"
"1.139833E+002","2.241E+001",0,25,25,"2.2399999999999999E+001","1.139933E+002","25,0"
"1.1388330000000001E+002","2.268E+001",27,15,2499,"2.2670000000000002E+001","1.138933E+002","15,27"
"1.138733E+002","2.268E+001",27,14,2498,"2.2670000000000002E+001","1.1388330000000001E+002","14,27"
"1.138633E+002","2.268E+001",27,13,2497,"2.2670000000000002E+001","1.138733E+002","13,27"
"1.138533E+002","2.268E+001",27,12,2496,"2.2670000000000002E+001","1.138633E+002","12,27"
"1.138433E+002","2.268E+001",27,11,2495,"2.2670000000000002E+001","1.138533E+002","11,27"
"1.1383329999999999E+002","2.268E+001",27,10,2494,"2.2670000000000002E+001","1.138433E+002","10,27"
"1.138233E+002","2.268E+001",27,9,2493,"2.2670000000000002E+001","1.1383329999999999E+002","9,27"
"1.138133E+002","2.268E+001",27,8,2492,"2.2670000000000002E+001","1.138233E+002","8,27"
"1.1380329999999999E+002","2.268E+001",27,7,2491,"2.2670000000000002E+001","1.138133E+002","7,27"
"1.137933E+002","2.268E+001",27,6,2490,"2.2670000000000002E+001","1.1380329999999999E+002","6,27"
"1.1438330000000001E+002","2.243E+001",2,65,249,"2.2420000000000002E+001","1.143933E+002","65,2"
"1.137833E+002","2.268E+001",27,5,2489,"2.2670000000000002E+001","1.137933E+002","5,27"
"1.1377330000000001E+002","2.268E+001",27,4,2488,"2.2670000000000002E+001","1.137833E+002","4,27"
"1.137633E+002","2.268E+001",27,3,2487,"2.2670000000000002E+001","1.1377330000000001E+002","3,27"
"1.137533E+002","2.268E+001",27,2,2486,"2.2670000000000002E+001","1.137633E+002","2,27"
"1.137433E+002","2.268E+001",27,1,2485,"2.2670000000000002E+001","1.137533E+002","1,27"
"1.137333E+002","2.268E+001",27,0,2484,"2.2670000000000002E+001","1.137433E+002","0,27"
"1.146433E+002","2.2670000000000002E+001",26,91,2483,"2.266E+001","1.146533E+002","91,26"
"1.1463330000000001E+002","2.2670000000000002E+001",26,90,2482,"2.266E+001","1.146433E+002","90,26"
"1.146233E+002","2.2670000000000002E+001",26,89,2481,"2.266E+001","1.1463330000000001E+002","89,26"
"1.146133E+002","2.2670000000000002E+001",26,88,2480,"2.266E+001","1.146233E+002","88,26"
"1.143733E+002","2.243E+001",2,64,248,"2.2420000000000002E+001","1.1438330000000001E+002","64,2"
"1.146033E+002","2.2670000000000002E+001",26,87,2479,"2.266E+001","1.146133E+002","87,26"
"1.145933E+002","2.2670000000000002E+001",26,86,2478,"2.266E+001","1.146033E+002","86,26"
"1.1458329999999999E+002","2.2670000000000002E+001",26,85,2477,"2.266E+001","1.145933E+002","85,26"
"1.145733E+002","2.2670000000000002E+001",26,84,2476,"2.266E+001","1.1458329999999999E+002","84,26"
"1.145633E+002","2.2670000000000002E+001",26,83,2475,"2.266E+001","1.145733E+002","83,26"
"1.1455329999999999E+002","2.2670000000000002E+001",26,82,2474,"2.266E+001","1.145633E+002","82,26"
"1.145433E+002","2.2670000000000002E+001",26,81,2473,"2.266E+001","1.1455329999999999E+002","81,26"
"1.145333E+002","2.2670000000000002E+001",26,80,2472,"2.266E+001","1.145433E+002","80,26"
"1.1452330000000001E+002","2.2670000000000002E+001",26,79,2471,"2.266E+001","1.145333E+002","79,26"
"1.145133E+002","2.2670000000000002E+001",26,78,2470,"2.266E+001","1.1452330000000001E+002","78,26"
"1.143633E+002","2.243E+001",2,63,247,"2.2420000000000002E+001","1.143733E+002","63,2"
"1.145033E+002","2.2670000000000002E+001",26,77,2469,"2.266E+001","1.145133E+002","77,26"
"1.144933E+002","2.2670000000000002E+001",26,76,2468,"2.266E+001","1.145033E+002","76,26"
"1.144833E+002","2.2670000000000002E+001",26,75,2467,"2.266E+001","1.144933E+002","75,26"
"1.1447329999999999E+002","2.2670000000000002E+001",26,74,2466,"2.266E+001","1.144833E+002","74,26"
"1.144633E+002","2.2670000000000002E+001",26,73,2465,"2.266E+001","1.1447329999999999E+002","73,26"
"1.144533E+002","2.2670000000000002E+001",26,72,2464,"2.266E+001","1.144633E+002","72,26"
"1.1444329999999999E+002","2.2670000000000002E+001",26,71,2463,"2.266E+001","1.144533E+002","71,26"
"1.144333E+002","2.2670000000000002E+001",26,70,2462,"2.266E+001","1.1444329999999999E+002","70,26"
"1.142533E+002","2.284E+001",43,52,4008,"2.2829999999999998E+001","1.142633E+002","52,43"
"1.142433E+002","2.284E+001",43,51,4007,"2.2829999999999998E+001","1.142533E+002","51,43"
"1.142333E+002","2.284E+001",43,50,4006,"2.2829999999999998E+001","1.142433E+002","50,43"
"1.1422329999999999E+002","2.284E+001",43,49,4005,"2.2829999999999998E+001","1.142333E+002","49,43"
"1.142133E+002","2.284E+001",43,48,4004,"2.2829999999999998E+001","1.1422329999999999E+002","48,43"
"1.142033E+002","2.284E+001",43,47,4003,"2.2829999999999998E+001","1.142133E+002","47,43"
"1.1419329999999999E+002","2.284E+001",43,46,4002,"2.2829999999999998E+001","1.142033E+002","46,43"
"1.141833E+002","2.284E+001",43,45,4001,"2.2829999999999998E+001","1.1419329999999999E+002","45,43"
"1.141733E+002","2.284E+001",43,44,4000,"2.2829999999999998E+001","1.141833E+002","44,43"
"1.1405329999999999E+002","2.2449999999999999E+001",4,32,400,"2.2440000000000001E+001","1.140633E+002","32,4"
"1.1413330000000001E+002","2.241E+001",0,40,40,"2.2399999999999999E+001","1.141433E+002","40,0"
"1.1377330000000001E+002","2.241E+001",0,4,4,"2.2399999999999999E+001","1.137833E+002","4,0"
"1.1416330000000001E+002","2.284E+001",43,43,3999,"2.2829999999999998E+001","1.141733E+002","43,43"
"1.141533E+002","2.284E+001",43,42,3998,"2.2829999999999998E+001","1.1416330000000001E+002","42,43"
"1.141433E+002","2.284E+001",43,41,3997,"2.2829999999999998E+001","1.141533E+002","41,43"
"1.1413330000000001E+002","2.284E+001",43,40,3996,"2.2829999999999998E+001","1.141433E+002","40,43"
"1.141233E+002","2.284E+001",43,39,3995,"2.2829999999999998E+001","1.1413330000000001E+002","39,43"
"1.141133E+002","2.284E+001",43,38,3994,"2.2829999999999998E+001","1.141233E+002","38,43"
"1.141033E+002","2.284E+001",43,37,3993,"2.2829999999999998E+001","1.141133E+002","37,43"
"1.140933E+002","2.284E+001",43,36,3992,"2.2829999999999998E+001","1.141033E+002","36,43"
"1.1408329999999999E+002","2.284E+001",43,35,3991,"2.2829999999999998E+001","1.140933E+002","35,43"
"1.140733E+002","2.284E+001",43,34,3990,"2.2829999999999998E+001","1.1408329999999999E+002","34,43"
"1.140433E+002","2.2449999999999999E+001",4,31,399,"2.2440000000000001E+001","1.1405329999999999E+002","31,4"
"1.140633E+002","2.284E+001",43,33,3989,"2.2829999999999998E+001","1.140733E+002","33,43"
"1.1405329999999999E+002","2.284E+001",43,32,3988,"2.2829999999999998E+001","1.140633E+002","32,43"
"1.140433E+002","2.284E+001",43,31,3987,"2.2829999999999998E+001","1.1405329999999999E+002","31,43"
"1.140333E+002","2.284E+001",43,30,3986,"2.2829999999999998E+001","1.140433E+002","30,43"
"1.1402330000000001E+002","2.284E+001",43,29,3985,"2.2829999999999998E+001","1.140333E+002","29,43"
"1.140133E+002","2.284E+001",43,28,3984,"2.2829999999999998E+001","1.1402330000000001E+002","28,43"
"1.140033E+002","2.284E+001",43,27,3983,"2.2829999999999998E+001","1.140133E+002","27,43"
"1.139933E+002","2.284E+001",43,26,3982,"2.2829999999999998E+001","1.140033E+002","26,43"
"1.139833E+002","2.284E+001",43,25,3981,"2.2829999999999998E+001","1.139933E+002","25,43"
"1.1397329999999999E+002","2.284E+001",43,24,3980,"2.2829999999999998E+001","1.139833E+002","24,43"
"1.140333E+002","2.2449999999999999E+001",4,30,398,"2.2440000000000001E+001","1.140433E+002","30,4"
"1.139633E+002","2.284E+001",43,23,3979,"2.2829999999999998E+001","1.1397329999999999E+002","23,43"
"1.139533E+002","2.284E+001",43,22,3978,"2.2829999999999998E+001","1.139633E+002","22,43"
"1.1394329999999999E+002","2.284E+001",43,21,3977,"2.2829999999999998E+001","1.139533E+002","21,43"
"1.139333E+002","2.284E+001",43,20,3976,"2.2829999999999998E+001","1.1394329999999999E+002","20,43"
"1.139233E+002","2.284E+001",43,19,3975,"2.2829999999999998E+001","1.139333E+002","19,43"
"1.1391330000000001E+002","2.284E+001",43,18,3974,"2.2829999999999998E+001","1.139233E+002","18,43"
"1.139033E+002","2.284E+001",43,17,3973,"2.2829999999999998E+001","1.1391330000000001E+002","17,43"
"1.138933E+002","2.284E+001",43,16,3972,"2.2829999999999998E+001","1.139033E+002","16,43"
"1.1388330000000001E+002","2.284E+001",43,15,3971,"2.2829999999999998E+001","1.138933E+002","15,43"
"1.138733E+002","2.284E+001",43,14,3970,"2.2829999999999998E+001","1.1388330000000001E+002","14,43"
"1.1402330000000001E+002","2.2449999999999999E+001",4,29,397,"2.2440000000000001E+001","1.140333E+002","29,4"
"1.138633E+002","2.284E+001",43,13,3969,"2.2829999999999998E+001","1.138733E+002","13,43"
"1.138533E+002","2.284E+001",43,12,3968,"2.2829999999999998E+001","1.138633E+002","12,43"
"1.138433E+002","2.284E+001",43,11,3967,"2.2829999999999998E+001","1.138533E+002","11,43"
"1.1383329999999999E+002","2.284E+001",43,10,3966,"2.2829999999999998E+001","1.138433E+002","10,43"
"1.138233E+002","2.284E+001",43,9,3965,"2.2829999999999998E+001","1.1383329999999999E+002","9,43"
"1.138133E+002","2.284E+001",43,8,3964,"2.2829999999999998E+001","1.138233E+002","8,43"
"1.1380329999999999E+002","2.284E+001",43,7,3963,"2.2829999999999998E+001","1.138133E+002","7,43"
"1.137933E+002","2.284E+001",43,6,3962,"2.2829999999999998E+001","1.1380329999999999E+002","6,43"
"1.137833E+002","2.284E+001",43,5,3961,"2.2829999999999998E+001","1.137933E+002","5,43"
"1.1377330000000001E+002","2.284E+001",43,4,3960,"2.2829999999999998E+001","1.137833E+002","4,43"
"1.140133E+002","2.2449999999999999E+001",4,28,396,"2.2440000000000001E+001","1.1402330000000001E+002","28,4"
"1.137633E+002","2.284E+001",43,3,3959,"2.2829999999999998E+001","1.1377330000000001E+002","3,43"
"1.137533E+002","2.284E+001",43,2,3958,"2.2829999999999998E+001","1.137633E+002","2,43"
"1.137433E+002","2.284E+001",43,1,3957,"2.2829999999999998E+001","1.137533E+002","1,43"
"1.137333E+002","2.284E+001",43,0,3956,"2.2829999999999998E+001","1.137433E+002","0,43"
"1.146433E+002","2.2829999999999998E+001",42,91,3955,"2.282E+001","1.146533E+002","91,42"
"1.1463330000000001E+002","2.2829999999999998E+001",42,90,3954,"2.282E+001","1.146433E+002","90,42"
"1.146233E+002","2.2829999999999998E+001",42,89,3953,"2.282E+001","1.1463330000000001E+002","89,42"
"1.146133E+002","2.2829999999999998E+001",42,88,3952,"2.282E+001","1.146233E+002","88,42"
"1.146033E+002","2.2829999999999998E+001",42,87,3951,"2.282E+001","1.146133E+002","87,42"
"1.145933E+002","2.2829999999999998E+001",42,86,3950,"2.282E+001","1.146033E+002","86,42"
"1.140033E+002","2.2449999999999999E+001",4,27,395,"2.2440000000000001E+001","1.140133E+002","27,4"
"1.1458329999999999E+002","2.2829999999999998E+001",42,85,3949,"2.282E+001","1.145933E+002","85,42"
"1.1441330000000001E+002","2.2690000000000001E+001",28,68,2644,"2.268E+001","1.144233E+002","68,28"
"1.144033E+002","2.2690000000000001E+001",28,67,2643,"2.268E+001","1.1441330000000001E+002","67,28"
"1.143933E+002","2.2690000000000001E+001",28,66,2642,"2.268E+001","1.144033E+002","66,28"
"1.1438330000000001E+002","2.2690000000000001E+001",28,65,2641,"2.268E+001","1.143933E+002","65,28"
"1.143733E+002","2.2690000000000001E+001",28,64,2640,"2.268E+001","1.1438330000000001E+002","64,28"
"1.145333E+002","2.243E+001",2,80,264,"2.2420000000000002E+001","1.145433E+002","80,2"
"1.143633E+002","2.2690000000000001E+001",28,63,2639,"2.268E+001","1.143733E+002","63,28"
"1.143533E+002","2.2690000000000001E+001",28,62,2638,"2.268E+001","1.143633E+002","62,28"
"1.143433E+002","2.2690000000000001E+001",28,61,2637,"2.268E+001","1.143533E+002","61,28"
"1.1433329999999999E+002","2.2690000000000001E+001",28,60,2636,"2.268E+001","1.143433E+002","60,28"
"1.143233E+002","2.2690000000000001E+001",28,59,2635,"2.268E+001","1.1433329999999999E+002","59,28"
"1.143133E+002","2.2690000000000001E+001",28,58,2634,"2.268E+001","1.143233E+002","58,28"
"1.1430329999999999E+002","2.2690000000000001E+001",28,57,2633,"2.268E+001","1.143133E+002","57,28"
"1.142933E+002","2.2690000000000001E+001",28,56,2632,"2.268E+001","1.1430329999999999E+002","56,28"
"1.142833E+002","2.2690000000000001E+001",28,55,2631,"2.268E+001","1.142933E+002","55,28"
"1.1427330000000001E+002","2.2690000000000001E+001",28,54,2630,"2.268E+001","1.142833E+002","54,28"
"1.1452330000000001E+002","2.243E+001",2,79,263,"2.2420000000000002E+001","1.145333E+002","79,2"
"1.142633E+002","2.2690000000000001E+001",28,53,2629,"2.268E+001","1.1427330000000001E+002","53,28"
"1.142533E+002","2.2690000000000001E+001",28,52,2628,"2.268E+001","1.142633E+002","52,28"
"1.142433E+002","2.2690000000000001E+001",28,51,2627,"2.268E+001","1.142533E+002","51,28"
"1.142333E+002","2.2690000000000001E+001",28,50,2626,"2.268E+001","1.142433E+002","50,28"
"1.1422329999999999E+002","2.2690000000000001E+001",28,49,2625,"2.268E+001","1.142333E+002","49,28"
"1.142133E+002","2.2690000000000001E+001",28,48,2624,"2.268E+001","1.1422329999999999E+002","48,28"
"1.142033E+002","2.2690000000000001E+001",28,47,2623,"2.268E+001","1.142133E+002","47,28"
"1.1419329999999999E+002","2.2690000000000001E+001",28,46,2622,"2.268E+001","1.142033E+002","46,28"
"1.141833E+002","2.2690000000000001E+001",28,45,2621,"2.268E+001","1.1419329999999999E+002","45,28"
"1.141733E+002","2.2690000000000001E+001",28,44,2620,"2.268E+001","1.141833E+002","44,28"
"1.145133E+002","2.243E+001",2,78,262,"2.2420000000000002E+001","1.1452330000000001E+002","78,2"
"1.1416330000000001E+002","2.2690000000000001E+001",28,43,2619,"2.268E+001","1.141733E+002","43,28"
"1.141533E+002","2.2690000000000001E+001",28,42,2618,"2.268E+001","1.1416330000000001E+002","42,28"
"1.141433E+002","2.2690000000000001E+001",28,41,2617,"2.268E+001","1.141533E+002","41,28"
"1.1413330000000001E+002","2.2690000000000001E+001",28,40,2616,"2.268E+001","1.141433E+002","40,28"
"1.141233E+002","2.2690000000000001E+001",28,39,2615,"2.268E+001","1.1413330000000001E+002","39,28"
"1.141133E+002","2.2690000000000001E+001",28,38,2614,"2.268E+001","1.141233E+002","38,28"
"1.141033E+002","2.2690000000000001E+001",28,37,2613,"2.268E+001","1.141133E+002","37,28"
"1.140933E+002","2.2690000000000001E+001",28,36,2612,"2.268E+001","1.141033E+002","36,28"
"1.1408329999999999E+002","2.2690000000000001E+001",28,35,2611,"2.268E+001","1.140933E+002","35,28"
"1.140733E+002","2.2690000000000001E+001",28,34,2610,"2.268E+001","1.1408329999999999E+002","34,28"
"1.145033E+002","2.243E+001",2,77,261,"2.2420000000000002E+001","1.145133E+002","77,2"
"1.140633E+002","2.2690000000000001E+001",28,33,2609,"2.268E+001","1.140733E+002","33,28"
"1.1405329999999999E+002","2.2690000000000001E+001",28,32,2608,"2.268E+001","1.140633E+002","32,28"
"1.140433E+002","2.2690000000000001E+001",28,31,2607,"2.268E+001","1.1405329999999999E+002","31,28"
"1.140333E+002","2.2690000000000001E+001",28,30,2606,"2.268E+001","1.140433E+002","30,28"
"1.1402330000000001E+002","2.2690000000000001E+001",28,29,2605,"2.268E+001","1.140333E+002","29,28"
"1.140133E+002","2.2690000000000001E+001",28,28,2604,"2.268E+001","1.1402330000000001E+002","28,28"
"1.140033E+002","2.2690000000000001E+001",28,27,2603,"2.268E+001","1.140133E+002","27,28"
"1.139933E+002","2.2690000000000001E+001",28,26,2602,"2.268E+001","1.140033E+002","26,28"
"1.139833E+002","2.2690000000000001E+001",28,25,2601,"2.268E+001","1.139933E+002","25,28"
"1.1397329999999999E+002","2.2690000000000001E+001",28,24,2600,"2.268E+001","1.139833E+002","24,28"
"1.144933E+002","2.243E+001",2,76,260,"2.2420000000000002E+001","1.145033E+002","76,2"
"1.139933E+002","2.241E+001",0,26,26,"2.2399999999999999E+001","1.140033E+002","26,0"
"1.139633E+002","2.2690000000000001E+001",28,23,2599,"2.268E+001","1.1397329999999999E+002","23,28"
"1.139533E+002","2.2690000000000001E+001",28,22,2598,"2.268E+001","1.139633E+002","22,28"
"1.1394329999999999E+002","2.2690000000000001E+001",28,21,2597,"2.268E+001","1.139533E+002","21,28"
"1.139333E+002","2.2690000000000001E+001",28,20,2596,"2.268E+001","1.1394329999999999E+002","20,28"
"1.139233E+002","2.2690000000000001E+001",28,19,2595,"2.268E+001","1.139333E+002","19,28"
"1.1391330000000001E+002","2.2690000000000001E+001",28,18,2594,"2.268E+001","1.139233E+002","18,28"
"1.139033E+002","2.2690000000000001E+001",28,17,2593,"2.268E+001","1.1391330000000001E+002","17,28"
"1.138933E+002","2.2690000000000001E+001",28,16,2592,"2.268E+001","1.139033E+002","16,28"
"1.1388330000000001E+002","2.2690000000000001E+001",28,15,2591,"2.268E+001","1.138933E+002","15,28"
"1.138733E+002","2.2690000000000001E+001",28,14,2590,"2.268E+001","1.1388330000000001E+002","14,28"
"1.144833E+002","2.243E+001",2,75,259,"2.2420000000000002E+001","1.144933E+002","75,2"
"1.138633E+002","2.2690000000000001E+001",28,13,2589,"2.268E+001","1.138733E+002","13,28"
"1.138533E+002","2.2690000000000001E+001",28,12,2588,"2.268E+001","1.138633E+002","12,28"
"1.138433E+002","2.2690000000000001E+001",28,11,2587,"2.268E+001","1.138533E+002","11,28"
"1.1383329999999999E+002","2.2690000000000001E+001",28,10,2586,"2.268E+001","1.138433E+002","10,28"
"1.138233E+002","2.2690000000000001E+001",28,9,2585,"2.268E+001","1.1383329999999999E+002","9,28"
"1.143233E+002","2.2609999999999999E+001",20,59,1899,"2.2600000000000001E+001","1.1433329999999999E+002","59,20"
"1.143133E+002","2.2609999999999999E+001",20,58,1898,"2.2600000000000001E+001","1.143233E+002","58,20"
"1.1430329999999999E+002","2.2609999999999999E+001",20,57,1897,"2.2600000000000001E+001","1.143133E+002","57,20"
"1.142933E+002","2.2609999999999999E+001",20,56,1896,"2.2600000000000001E+001","1.1430329999999999E+002","56,20"
"1.142833E+002","2.2609999999999999E+001",20,55,1895,"2.2600000000000001E+001","1.142933E+002","55,20"
"1.1427330000000001E+002","2.2609999999999999E+001",20,54,1894,"2.2600000000000001E+001","1.142833E+002","54,20"
"1.142633E+002","2.2609999999999999E+001",20,53,1893,"2.2600000000000001E+001","1.1427330000000001E+002","53,20"
"1.142533E+002","2.2609999999999999E+001",20,52,1892,"2.2600000000000001E+001","1.142633E+002","52,20"
"1.142433E+002","2.2609999999999999E+001",20,51,1891,"2.2600000000000001E+001","1.142533E+002","51,20"
"1.142333E+002","2.2609999999999999E+001",20,50,1890,"2.2600000000000001E+001","1.142433E+002","50,20"
"1.137833E+002","2.243E+001",2,5,189,"2.2420000000000002E+001","1.137933E+002","5,2"
"1.1422329999999999E+002","2.2609999999999999E+001",20,49,1889,"2.2600000000000001E+001","1.142333E+002","49,20"
"1.142133E+002","2.2609999999999999E+001",20,48,1888,"2.2600000000000001E+001","1.1422329999999999E+002","48,20"
"1.138633E+002","2.2489999999999998E+001",8,13,749,"2.248E+001","1.138733E+002","13,8"
"1.138533E+002","2.2489999999999998E+001",8,12,748,"2.248E+001","1.138633E+002","12,8"
"1.138433E+002","2.2489999999999998E+001",8,11,747,"2.248E+001","1.138533E+002","11,8"
"1.1383329999999999E+002","2.2489999999999998E+001",8,10,746,"2.248E+001","1.138433E+002","10,8"
"1.138233E+002","2.2489999999999998E+001",8,9,745,"2.248E+001","1.1383329999999999E+002","9,8"
"1.138133E+002","2.2489999999999998E+001",8,8,744,"2.248E+001","1.138233E+002","8,8"
"1.1380329999999999E+002","2.2489999999999998E+001",8,7,743,"2.248E+001","1.138133E+002","7,8"
"1.137933E+002","2.2489999999999998E+001",8,6,742,"2.248E+001","1.1380329999999999E+002","6,8"
"1.137833E+002","2.2489999999999998E+001",8,5,741,"2.248E+001","1.137933E+002","5,8"
"1.1377330000000001E+002","2.2489999999999998E+001",8,4,740,"2.248E+001","1.137833E+002","4,8"
"1.1447329999999999E+002","2.241E+001",0,74,74,"2.2399999999999999E+001","1.144833E+002","74,0"
"1.137633E+002","2.2489999999999998E+001",8,3,739,"2.248E+001","1.1377330000000001E+002","3,8"
"1.137533E+002","2.2489999999999998E+001",8,2,738,"2.248E+001","1.137633E+002","2,8"
"1.137433E+002","2.2489999999999998E+001",8,1,737,"2.248E+001","1.137533E+002","1,8"
"1.137333E+002","2.2489999999999998E+001",8,0,736,"2.248E+001","1.137433E+002","0,8"
"1.146433E+002","2.248E+001",7,91,735,"2.2469999999999999E+001","1.146533E+002","91,7"
"1.1463330000000001E+002","2.248E+001",7,90,734,"2.2469999999999999E+001","1.146433E+002","90,7"
"1.146233E+002","2.248E+001",7,89,733,"2.2469999999999999E+001","1.1463330000000001E+002","89,7"
"1.146133E+002","2.248E+001",7,88,732,"2.2469999999999999E+001","1.146233E+002","88,7"
"1.146033E+002","2.248E+001",7,87,731,"2.2469999999999999E+001","1.146133E+002","87,7"
"1.145933E+002","2.248E+001",7,86,730,"2.2469999999999999E+001","1.146033E+002","86,7"
"1.144633E+002","2.241E+001",0,73,73,"2.2399999999999999E+001","1.1447329999999999E+002","73,0"
"1.1458329999999999E+002","2.248E+001",7,85,729,"2.2469999999999999E+001","1.145933E+002","85,7"
"1.145733E+002","2.248E+001",7,84,728,"2.2469999999999999E+001","1.1458329999999999E+002","84,7"
"1.145633E+002","2.248E+001",7,83,727,"2.2469999999999999E+001","1.145733E+002","83,7"
"1.1455329999999999E+002","2.248E+001",7,82,726,"2.2469999999999999E+001","1.145633E+002","82,7"
"1.145433E+002","2.248E+001",7,81,725,"2.2469999999999999E+001","1.1455329999999999E+002","81,7"
"1.145333E+002","2.248E+001",7,80,724,"2.2469999999999999E+001","1.145433E+002","80,7"
"1.1452330000000001E+002","2.248E+001",7,79,723,"2.2469999999999999E+001","1.145333E+002","79,7"
"1.145133E+002","2.248E+001",7,78,722,"2.2469999999999999E+001","1.1452330000000001E+002","78,7"
"1.145033E+002","2.248E+001",7,77,721,"2.2469999999999999E+001","1.145133E+002","77,7"
"1.144933E+002","2.248E+001",7,76,720,"2.2469999999999999E+001","1.145033E+002","76,7"
"1.144533E+002","2.241E+001",0,72,72,"2.2399999999999999E+001","1.144633E+002","72,0"
"1.144833E+002","2.248E+001",7,75,719,"2.2469999999999999E+001","1.144933E+002","75,7"
"1.1447329999999999E+002","2.248E+001",7,74,718,"2.2469999999999999E+001","1.144833E+002","74,7"
"1.144633E+002","2.248E+001",7,73,717,"2.2469999999999999E+001","1.1447329999999999E+002","73,7"
"1.144533E+002","2.248E+001",7,72,716,"2.2469999999999999E+001","1.144633E+002","72,7"
"1.1444329999999999E+002","2.248E+001",7,71,715,"2.2469999999999999E+001","1.144533E+002","71,7"
"1.144333E+002","2.248E+001",7,70,714,"2.2469999999999999E+001","1.1444329999999999E+002","70,7"
"1.144233E+002","2.248E+001",7,69,713,"2.2469999999999999E+001","1.144333E+002","69,7"
"1.1441330000000001E+002","2.248E+001",7,68,712,"2.2469999999999999E+001","1.144233E+002","68,7"
"1.144033E+002","2.248E+001",7,67,711,"2.2469999999999999E+001","1.1441330000000001E+002","67,7"
"1.143933E+002","2.248E+001",7,66,710,"2.2469999999999999E+001","1.144033E+002","66,7"
"1.1444329999999999E+002","2.241E+001",0,71,71,"2.2399999999999999E+001","1.144533E+002","71,0"
"1.1438330000000001E+002","2.248E+001",7,65,709,"2.2469999999999999E+001","1.143933E+002","65,7"
"1.143733E+002","2.248E+001",7,64,708,"2.2469999999999999E+001","1.1438330000000001E+002","64,7"
"1.143633E+002","2.248E+001",7,63,707,"2.2469999999999999E+001","1.143733E+002","63,7"
"1.143533E+002","2.248E+001",7,62,706,"2.2469999999999999E+001","1.143633E+002","62,7"
"1.143433E+002","2.248E+001",7,61,705,"2.2469999999999999E+001","1.143533E+002","61,7"
"1.1433329999999999E+002","2.248E+001",7,60,704,"2.2469999999999999E+001","1.143433E+002","60,7"
"1.143233E+002","2.248E+001",7,59,703,"2.2469999999999999E+001","1.1433329999999999E+002","59,7"
"1.143133E+002","2.248E+001",7,58,702,"2.2469999999999999E+001","1.143233E+002","58,7"
"1.1430329999999999E+002","2.248E+001",7,57,701,"2.2469999999999999E+001","1.143133E+002","57,7"
"1.142933E+002","2.248E+001",7,56,700,"2.2469999999999999E+001","1.1430329999999999E+002","56,7"
"1.144333E+002","2.241E+001",0,70,70,"2.2399999999999999E+001","1.1444329999999999E+002","70,0"
"1.1380329999999999E+002","2.241E+001",0,7,7,"2.2399999999999999E+001","1.138133E+002","7,0"
"1.1422329999999999E+002","2.2579999999999998E+001",17,49,1613,"2.257E+001","1.142333E+002","49,17"
"1.142133E+002","2.2579999999999998E+001",17,48,1612,"2.257E+001","1.1422329999999999E+002","48,17"
"1.142033E+002","2.2579999999999998E+001",17,47,1611,"2.257E+001","1.142133E+002","47,17"
"1.1419329999999999E+002","2.2579999999999998E+001",17,46,1610,"2.257E+001","1.142033E+002","46,17"
"1.144233E+002","2.2420000000000002E+001",1,69,161,"2.241E+001","1.144333E+002","69,1"
"1.141833E+002","2.2579999999999998E+001",17,45,1609,"2.257E+001","1.1419329999999999E+002","45,17"
"1.141733E+002","2.2579999999999998E+001",17,44,1608,"2.257E+001","1.141833E+002","44,17"
"1.1416330000000001E+002","2.2579999999999998E+001",17,43,1607,"2.257E+001","1.141733E+002","43,17"
"1.141533E+002","2.2579999999999998E+001",17,42,1606,"2.257E+001","1.1416330000000001E+002","42,17"
"1.141433E+002","2.2579999999999998E+001",17,41,1605,"2.257E+001","1.141533E+002","41,17"
"1.1413330000000001E+002","2.2579999999999998E+001",17,40,1604,"2.257E+001","1.141433E+002","40,17"
"1.141233E+002","2.2579999999999998E+001",17,39,1603,"2.257E+001","1.1413330000000001E+002","39,17"
"1.141133E+002","2.2579999999999998E+001",17,38,1602,"2.257E+001","1.141233E+002","38,17"
"1.141033E+002","2.2579999999999998E+001",17,37,1601,"2.257E+001","1.141133E+002","37,17"
"1.140933E+002","2.2579999999999998E+001",17,36,1600,"2.257E+001","1.141033E+002","36,17"
"1.1441330000000001E+002","2.2420000000000002E+001",1,68,160,"2.241E+001","1.144233E+002","68,1"
"1.138933E+002","2.241E+001",0,16,16,"2.2399999999999999E+001","1.139033E+002","16,0"
"1.1408329999999999E+002","2.2579999999999998E+001",17,35,1599,"2.257E+001","1.140933E+002","35,17"
"1.140733E+002","2.2579999999999998E+001",17,34,1598,"2.257E+001","1.1408329999999999E+002","34,17"
"1.140633E+002","2.2579999999999998E+001",17,33,1597,"2.257E+001","1.140733E+002","33,17"
"1.1405329999999999E+002","2.2579999999999998E+001",17,32,1596,"2.257E+001","1.140633E+002","32,17"
"1.140433E+002","2.2579999999999998E+001",17,31,1595,"2.257E+001","1.1405329999999999E+002","31,17"
"1.140333E+002","2.2579999999999998E+001",17,30,1594,"2.257E+001","1.140433E+002","30,17"
"1.1402330000000001E+002","2.2579999999999998E+001",17,29,1593,"2.257E+001","1.140333E+002","29,17"
"1.140133E+002","2.2579999999999998E+001",17,28,1592,"2.257E+001","1.1402330000000001E+002","28,17"
"1.140033E+002","2.2579999999999998E+001",17,27,1591,"2.257E+001","1.140133E+002","27,17"
"1.139933E+002","2.2579999999999998E+001",17,26,1590,"2.257E+001","1.140033E+002","26,17"
"1.144033E+002","2.2420000000000002E+001",1,67,159,"2.241E+001","1.1441330000000001E+002","67,1"
"1.139833E+002","2.2579999999999998E+001",17,25,1589,"2.257E+001","1.139933E+002","25,17"
"1.1397329999999999E+002","2.2579999999999998E+001",17,24,1588,"2.257E+001","1.139833E+002","24,17"
"1.139633E+002","2.2579999999999998E+001",17,23,1587,"2.257E+001","1.1397329999999999E+002","23,17"
"1.139533E+002","2.2579999999999998E+001",17,22,1586,"2.257E+001","1.139633E+002","22,17"
"1.1394329999999999E+002","2.2579999999999998E+001",17,21,1585,"2.257E+001","1.139533E+002","21,17"
"1.139333E+002","2.2579999999999998E+001",17,20,1584,"2.257E+001","1.1394329999999999E+002","20,17"
"1.139233E+002","2.2579999999999998E+001",17,19,1583,"2.257E+001","1.139333E+002","19,17"
"1.1391330000000001E+002","2.2579999999999998E+001",17,18,1582,"2.257E+001","1.139233E+002","18,17"
"1.139033E+002","2.2579999999999998E+001",17,17,1581,"2.257E+001","1.1391330000000001E+002","17,17"
"1.138933E+002","2.2579999999999998E+001",17,16,1580,"2.257E+001","1.139033E+002","16,17"
"1.143933E+002","2.2420000000000002E+001",1,66,158,"2.241E+001","1.144033E+002","66,1"
"1.1388330000000001E+002","2.2579999999999998E+001",17,15,1579,"2.257E+001","1.138933E+002","15,17"
"1.138733E+002","2.2579999999999998E+001",17,14,1578,"2.257E+001","1.1388330000000001E+002","14,17"
"1.138633E+002","2.2579999999999998E+001",17,13,1577,"2.257E+001","1.138733E+002","13,17"
"1.138533E+002","2.2579999999999998E+001",17,12,1576,"2.257E+001","1.138633E+002","12,17"
"1.138433E+002","2.2579999999999998E+001",17,11,1575,"2.257E+001","1.138533E+002","11,17"
"1.1383329999999999E+002","2.2579999999999998E+001",17,10,1574,"2.257E+001","1.138433E+002","10,17"
"1.138233E+002","2.2579999999999998E+001",17,9,1573,"2.257E+001","1.1383329999999999E+002","9,17"
"1.138133E+002","2.2579999999999998E+001",17,8,1572,"2.257E+001","1.138233E+002","8,17"
"1.1380329999999999E+002","2.2579999999999998E+001",17,7,1571,"2.257E+001","1.138133E+002","7,17"
"1.137933E+002","2.2579999999999998E+001",17,6,1570,"2.257E+001","1.1380329999999999E+002","6,17"
"1.1438330000000001E+002","2.2420000000000002E+001",1,65,157,"2.241E+001","1.143933E+002","65,1"
"1.137833E+002","2.2579999999999998E+001",17,5,1569,"2.257E+001","1.137933E+002","5,17"
"1.1377330000000001E+002","2.2579999999999998E+001",17,4,1568,"2.257E+001","1.137833E+002","4,17"
"1.137633E+002","2.2579999999999998E+001",17,3,1567,"2.257E+001","1.1377330000000001E+002","3,17"
"1.137533E+002","2.2579999999999998E+001",17,2,1566,"2.257E+001","1.137633E+002","2,17"
"1.137433E+002","2.2579999999999998E+001",17,1,1565,"2.257E+001","1.137533E+002","1,17"
"1.137333E+002","2.2579999999999998E+001",17,0,1564,"2.257E+001","1.137433E+002","0,17"
"1.146433E+002","2.257E+001",16,91,1563,"2.2559999999999999E+001","1.146533E+002","91,16"
"1.1463330000000001E+002","2.257E+001",16,90,1562,"2.2559999999999999E+001","1.146433E+002","90,16"
"1.146233E+002","2.257E+001",16,89,1561,"2.2559999999999999E+001","1.1463330000000001E+002","89,16"
"1.146133E+002","2.257E+001",16,88,1560,"2.2559999999999999E+001","1.146233E+002","88,16"
"1.143733E+002","2.2420000000000002E+001",1,64,156,"2.241E+001","1.1438330000000001E+002","64,1"
"1.146033E+002","2.257E+001",16,87,1559,"2.2559999999999999E+001","1.146133E+002","87,16"
"1.145933E+002","2.257E+001",16,86,1558,"2.2559999999999999E+001","1.146033E+002","86,16"
"1.1458329999999999E+002","2.257E+001",16,85,1557,"2.2559999999999999E+001","1.145933E+002","85,16"
"1.145733E+002","2.257E+001",16,84,1556,"2.2559999999999999E+001","1.1458329999999999E+002","84,16"
"1.145633E+002","2.257E+001",16,83,1555,"2.2559999999999999E+001","1.145733E+002","83,16"
"1.1455329999999999E+002","2.257E+001",16,82,1554,"2.2559999999999999E+001","1.145633E+002","82,16"
"1.145433E+002","2.257E+001",16,81,1553,"2.2559999999999999E+001","1.1455329999999999E+002","81,16"
"1.139933E+002","2.2420000000000002E+001",1,26,118,"2.241E+001","1.140033E+002","26,1"
"1.138133E+002","2.2690000000000001E+001",28,8,2584,"2.268E+001","1.138233E+002","8,28"
"1.1380329999999999E+002","2.2690000000000001E+001",28,7,2583,"2.268E+001","1.138133E+002","7,28"
"1.137933E+002","2.2690000000000001E+001",28,6,2582,"2.268E+001","1.1380329999999999E+002","6,28"
"1.137833E+002","2.2690000000000001E+001",28,5,2581,"2.268E+001","1.137933E+002","5,28"
"1.1377330000000001E+002","2.2690000000000001E+001",28,4,2580,"2.268E+001","1.137833E+002","4,28"
"1.1447329999999999E+002","2.243E+001",2,74,258,"2.2420000000000002E+001","1.144833E+002","74,2"
"1.137633E+002","2.2690000000000001E+001",28,3,2579,"2.268E+001","1.1377330000000001E+002","3,28"
"1.137533E+002","2.2690000000000001E+001",28,2,2578,"2.268E+001","1.137633E+002","2,28"
"1.137433E+002","2.2690000000000001E+001",28,1,2577,"2.268E+001","1.137533E+002","1,28"
"1.137333E+002","2.2690000000000001E+001",28,0,2576,"2.268E+001","1.137433E+002","0,28"
"1.146433E+002","2.268E+001",27,91,2575,"2.2670000000000002E+001","1.146533E+002","91,27"
"1.1463330000000001E+002","2.268E+001",27,90,2574,"2.2670000000000002E+001","1.146433E+002","90,27"
"1.146233E+002","2.268E+001",27,89,2573,"2.2670000000000002E+001","1.1463330000000001E+002","89,27"
"1.146133E+002","2.268E+001",27,88,2572,"2.2670000000000002E+001","1.146233E+002","88,27"
"1.146033E+002","2.268E+001",27,87,2571,"2.2670000000000002E+001","1.146133E+002","87,27"
"1.145933E+002","2.268E+001",27,86,2570,"2.2670000000000002E+001","1.146033E+002","86,27"
"1.144633E+002","2.243E+001",2,73,257,"2.2420000000000002E+001","1.1447329999999999E+002","73,2"
"1.1458329999999999E+002","2.268E+001",27,85,2569,"2.2670000000000002E+001","1.145933E+002","85,27"
"1.145733E+002","2.268E+001",27,84,2568,"2.2670000000000002E+001","1.1458329999999999E+002","84,27"
"1.145633E+002","2.268E+001",27,83,2567,"2.2670000000000002E+001","1.145733E+002","83,27"
"1.1455329999999999E+002","2.268E+001",27,82,2566,"2.2670000000000002E+001","1.145633E+002","82,27"
"1.145433E+002","2.268E+001",27,81,2565,"2.2670000000000002E+001","1.1455329999999999E+002","81,27"
"1.145333E+002","2.268E+001",27,80,2564,"2.2670000000000002E+001","1.145433E+002","80,27"
"1.1452330000000001E+002","2.268E+001",27,79,2563,"2.2670000000000002E+001","1.145333E+002","79,27"
"1.145133E+002","2.268E+001",27,78,2562,"2.2670000000000002E+001","1.1452330000000001E+002","78,27"
"1.145033E+002","2.268E+001",27,77,2561,"2.2670000000000002E+001","1.145133E+002","77,27"
"1.144933E+002","2.268E+001",27,76,2560,"2.2670000000000002E+001","1.145033E+002","76,27"
"1.144533E+002","2.243E+001",2,72,256,"2.2420000000000002E+001","1.144633E+002","72,2"
"1.144833E+002","2.268E+001",27,75,2559,"2.2670000000000002E+001","1.144933E+002","75,27"
"1.1447329999999999E+002","2.268E+001",27,74,2558,"2.2670000000000002E+001","1.144833E+002","74,27"
"1.144633E+002","2.268E+001",27,73,2557,"2.2670000000000002E+001","1.1447329999999999E+002","73,27"
"1.144533E+002","2.268E+001",27,72,2556,"2.2670000000000002E+001","1.144633E+002","72,27"
"1.1444329999999999E+002","2.268E+001",27,71,2555,"2.2670000000000002E+001","1.144533E+002","71,27"
"1.144333E+002","2.268E+001",27,70,2554,"2.2670000000000002E+001","1.1444329999999999E+002","70,27"
"1.144233E+002","2.268E+001",27,69,2553,"2.2670000000000002E+001","1.144333E+002","69,27"
"1.1441330000000001E+002","2.268E+001",27,68,2552,"2.2670000000000002E+001","1.144233E+002","68,27"
"1.144033E+002","2.268E+001",27,67,2551,"2.2670000000000002E+001","1.1441330000000001E+002","67,27"
"1.143933E+002","2.268E+001",27,66,2550,"2.2670000000000002E+001","1.144033E+002","66,27"
"1.1444329999999999E+002","2.243E+001",2,71,255,"2.2420000000000002E+001","1.144533E+002","71,2"
"1.1438330000000001E+002","2.268E+001",27,65,2549,"2.2670000000000002E+001","1.143933E+002","65,27"
"1.143733E+002","2.268E+001",27,64,2548,"2.2670000000000002E+001","1.1438330000000001E+002","64,27"
"1.143633E+002","2.268E+001",27,63,2547,"2.2670000000000002E+001","1.143733E+002","63,27"
"1.143533E+002","2.268E+001",27,62,2546,"2.2670000000000002E+001","1.143633E+002","62,27"
"1.143433E+002","2.268E+001",27,61,2545,"2.2670000000000002E+001","1.143533E+002","61,27"
"1.1433329999999999E+002","2.268E+001",27,60,2544,"2.2670000000000002E+001","1.143433E+002","60,27"
"1.143233E+002","2.268E+001",27,59,2543,"2.2670000000000002E+001","1.1433329999999999E+002","59,27"
"1.143133E+002","2.268E+001",27,58,2542,"2.2670000000000002E+001","1.143233E+002","58,27"
"1.1430329999999999E+002","2.268E+001",27,57,2541,"2.2670000000000002E+001","1.143133E+002","57,27"
"1.142933E+002","2.268E+001",27,56,2540,"2.2670000000000002E+001","1.1430329999999999E+002","56,27"
"1.144333E+002","2.243E+001",2,70,254,"2.2420000000000002E+001","1.1444329999999999E+002","70,2"
"1.142833E+002","2.268E+001",27,55,2539,"2.2670000000000002E+001","1.142933E+002","55,27"
"1.1427330000000001E+002","2.268E+001",27,54,2538,"2.2670000000000002E+001","1.142833E+002","54,27"
"1.142633E+002","2.268E+001",27,53,2537,"2.2670000000000002E+001","1.1427330000000001E+002","53,27"
"1.142533E+002","2.268E+001",27,52,2536,"2.2670000000000002E+001","1.142633E+002","52,27"
"1.142433E+002","2.268E+001",27,51,2535,"2.2670000000000002E+001","1.142533E+002","51,27"
"1.142333E+002","2.268E+001",27,50,2534,"2.2670000000000002E+001","1.142433E+002","50,27"
"1.1422329999999999E+002","2.268E+001",27,49,2533,"2.2670000000000002E+001","1.142333E+002","49,27"
"1.142133E+002","2.268E+001",27,48,2532,"2.2670000000000002E+001","1.1422329999999999E+002","48,27"
"1.142033E+002","2.268E+001",27,47,2531,"2.2670000000000002E+001","1.142133E+002","47,27"
"1.1419329999999999E+002","2.268E+001",27,46,2530,"2.2670000000000002E+001","1.142033E+002","46,27"
"1.144233E+002","2.243E+001",2,69,253,"2.2420000000000002E+001","1.144333E+002","69,2"
"1.141833E+002","2.268E+001",27,45,2529,"2.2670000000000002E+001","1.1419329999999999E+002","45,27"
"1.141733E+002","2.268E+001",27,44,2528,"2.2670000000000002E+001","1.141833E+002","44,27"
"1.1416330000000001E+002","2.268E+001",27,43,2527,"2.2670000000000002E+001","1.141733E+002","43,27"
"1.141533E+002","2.268E+001",27,42,2526,"2.2670000000000002E+001","1.1416330000000001E+002","42,27"
"1.141433E+002","2.268E+001",27,41,2525,"2.2670000000000002E+001","1.141533E+002","41,27"
"1.1413330000000001E+002","2.268E+001",27,40,2524,"2.2670000000000002E+001","1.141433E+002","40,27"
"1.141233E+002","2.268E+001",27,39,2523,"2.2670000000000002E+001","1.1413330000000001E+002","39,27"
"1.1447329999999999E+002","2.2440000000000001E+001",3,74,350,"2.243E+001","1.144833E+002","74,3"
"1.1408329999999999E+002","2.241E+001",0,35,35,"2.2399999999999999E+001","1.140933E+002","35,0"
"1.137633E+002","2.2789999999999999E+001",38,3,3499,"2.2780000000000001E+001","1.1377330000000001E+002","3,38"
"1.137533E+002","2.2789999999999999E+001",38,2,3498,"2.2780000000000001E+001","1.137633E+002","2,38"
"1.137433E+002","2.2789999999999999E+001",38,1,3497,"2.2780000000000001E+001","1.137533E+002","1,38"
"1.137333E+002","2.2789999999999999E+001",38,0,3496,"2.2780000000000001E+001","1.137433E+002","0,38"
"1.146433E+002","2.2780000000000001E+001",37,91,3495,"2.277E+001","1.146533E+002","91,37"
"1.1463330000000001E+002","2.2780000000000001E+001",37,90,3494,"2.277E+001","1.146433E+002","90,37"
"1.146233E+002","2.2780000000000001E+001",37,89,3493,"2.277E+001","1.1463330000000001E+002","89,37"
"1.146133E+002","2.2780000000000001E+001",37,88,3492,"2.277E+001","1.146233E+002","88,37"
"1.146033E+002","2.2780000000000001E+001",37,87,3491,"2.277E+001","1.146133E+002","87,37"
"1.145933E+002","2.2780000000000001E+001",37,86,3490,"2.277E+001","1.146033E+002","86,37"
"1.144633E+002","2.2440000000000001E+001",3,73,349,"2.243E+001","1.1447329999999999E+002","73,3"
"1.1458329999999999E+002","2.2780000000000001E+001",37,85,3489,"2.277E+001","1.145933E+002","85,37"
"1.145733E+002","2.2780000000000001E+001",37,84,3488,"2.277E+001","1.1458329999999999E+002","84,37"
"1.145633E+002","2.2780000000000001E+001",37,83,3487,"2.277E+001","1.145733E+002","83,37"
"1.1455329999999999E+002","2.2780000000000001E+001",37,82,3486,"2.277E+001","1.145633E+002","82,37"
"1.145433E+002","2.2780000000000001E+001",37,81,3485,"2.277E+001","1.1455329999999999E+002","81,37"
"1.145333E+002","2.2780000000000001E+001",37,80,3484,"2.277E+001","1.145433E+002","80,37"
"1.1452330000000001E+002","2.2780000000000001E+001",37,79,3483,"2.277E+001","1.145333E+002","79,37"
"1.145133E+002","2.2780000000000001E+001",37,78,3482,"2.277E+001","1.1452330000000001E+002","78,37"
"1.145033E+002","2.2780000000000001E+001",37,77,3481,"2.277E+001","1.145133E+002","77,37"
"1.144933E+002","2.2780000000000001E+001",37,76,3480,"2.277E+001","1.145033E+002","76,37"
"1.144533E+002","2.2440000000000001E+001",3,72,348,"2.243E+001","1.144633E+002","72,3"
"1.144833E+002","2.2780000000000001E+001",37,75,3479,"2.277E+001","1.144933E+002","75,37"
"1.1447329999999999E+002","2.2780000000000001E+001",37,74,3478,"2.277E+001","1.144833E+002","74,37"
"1.144633E+002","2.2780000000000001E+001",37,73,3477,"2.277E+001","1.1447329999999999E+002","73,37"
"1.144533E+002","2.2780000000000001E+001",37,72,3476,"2.277E+001","1.144633E+002","72,37"
"1.1444329999999999E+002","2.2780000000000001E+001",37,71,3475,"2.277E+001","1.144533E+002","71,37"
"1.144333E+002","2.2780000000000001E+001",37,70,3474,"2.277E+001","1.1444329999999999E+002","70,37"
"1.144233E+002","2.2780000000000001E+001",37,69,3473,"2.277E+001","1.144333E+002","69,37"
"1.1441330000000001E+002","2.2780000000000001E+001",37,68,3472,"2.277E+001","1.144233E+002","68,37"
"1.144033E+002","2.2780000000000001E+001",37,67,3471,"2.277E+001","1.1441330000000001E+002","67,37"
"1.143933E+002","2.2780000000000001E+001",37,66,3470,"2.277E+001","1.144033E+002","66,37"
"1.1444329999999999E+002","2.2440000000000001E+001",3,71,347,"2.243E+001","1.144533E+002","71,3"
"1.1438330000000001E+002","2.2780000000000001E+001",37,65,3469,"2.277E+001","1.143933E+002","65,37"
"1.143733E+002","2.2780000000000001E+001",37,64,3468,"2.277E+001","1.1438330000000001E+002","64,37"
"1.143633E+002","2.2780000000000001E+001",37,63,3467,"2.277E+001","1.143733E+002","63,37"
"1.143533E+002","2.2780000000000001E+001",37,62,3466,"2.277E+001","1.143633E+002","62,37"
"1.143433E+002","2.2780000000000001E+001",37,61,3465,"2.277E+001","1.143533E+002","61,37"
"1.1433329999999999E+002","2.2780000000000001E+001",37,60,3464,"2.277E+001","1.143433E+002","60,37"
"1.143233E+002","2.2780000000000001E+001",37,59,3463,"2.277E+001","1.1433329999999999E+002","59,37"
"1.143133E+002","2.2780000000000001E+001",37,58,3462,"2.277E+001","1.143233E+002","58,37"
"1.1430329999999999E+002","2.2780000000000001E+001",37,57,3461,"2.277E+001","1.143133E+002","57,37"
"1.142933E+002","2.2780000000000001E+001",37,56,3460,"2.277E+001","1.1430329999999999E+002","56,37"
"1.144333E+002","2.2440000000000001E+001",3,70,346,"2.243E+001","1.1444329999999999E+002","70,3"
"1.142833E+002","2.2780000000000001E+001",37,55,3459,"2.277E+001","1.142933E+002","55,37"
"1.1427330000000001E+002","2.2780000000000001E+001",37,54,3458,"2.277E+001","1.142833E+002","54,37"
"1.142633E+002","2.2780000000000001E+001",37,53,3457,"2.277E+001","1.1427330000000001E+002","53,37"
"1.142533E+002","2.2780000000000001E+001",37,52,3456,"2.277E+001","1.142633E+002","52,37"
"1.142433E+002","2.2780000000000001E+001",37,51,3455,"2.277E+001","1.142533E+002","51,37"
"1.142333E+002","2.2780000000000001E+001",37,50,3454,"2.277E+001","1.142433E+002","50,37"
"1.1422329999999999E+002","2.2780000000000001E+001",37,49,3453,"2.277E+001","1.142333E+002","49,37"
"1.142133E+002","2.2780000000000001E+001",37,48,3452,"2.277E+001","1.1422329999999999E+002","48,37"
"1.142033E+002","2.2780000000000001E+001",37,47,3451,"2.277E+001","1.142133E+002","47,37"
"1.1419329999999999E+002","2.2780000000000001E+001",37,46,3450,"2.277E+001","1.142033E+002","46,37"
"1.144233E+002","2.2440000000000001E+001",3,69,345,"2.243E+001","1.144333E+002","69,3"
"1.141833E+002","2.2780000000000001E+001",37,45,3449,"2.277E+001","1.1419329999999999E+002","45,37"
"1.141733E+002","2.2780000000000001E+001",37,44,3448,"2.277E+001","1.141833E+002","44,37"
"1.1416330000000001E+002","2.2780000000000001E+001",37,43,3447,"2.277E+001","1.141733E+002","43,37"
"1.141533E+002","2.2780000000000001E+001",37,42,3446,"2.277E+001","1.1416330000000001E+002","42,37"
"1.141433E+002","2.2780000000000001E+001",37,41,3445,"2.277E+001","1.141533E+002","41,37"
"1.1413330000000001E+002","2.2780000000000001E+001",37,40,3444,"2.277E+001","1.141433E+002","40,37"
"1.141233E+002","2.2780000000000001E+001",37,39,3443,"2.277E+001","1.1413330000000001E+002","39,37"
"1.141133E+002","2.2780000000000001E+001",37,38,3442,"2.277E+001","1.141233E+002","38,37"
"1.141033E+002","2.2780000000000001E+001",37,37,3441,"2.277E+001","1.141133E+002","37,37"
"1.140933E+002","2.2780000000000001E+001",37,36,3440,"2.277E+001","1.141033E+002","36,37"
"1.1441330000000001E+002","2.2440000000000001E+001",3,68,344,"2.243E+001","1.144233E+002","68,3"
"1.140633E+002","2.2640000000000001E+001",23,33,2149,"2.2629999999999999E+001","1.140733E+002","33,23"
"1.1405329999999999E+002","2.2640000000000001E+001",23,32,2148,"2.2629999999999999E+001","1.140633E+002","32,23"
"1.140433E+002","2.2640000000000001E+001",23,31,2147,"2.2629999999999999E+001","1.1405329999999999E+002","31,23"
"1.140333E+002","2.2640000000000001E+001",23,30,2146,"2.2629999999999999E+001","1.140433E+002","30,23"
"1.1402330000000001E+002","2.2640000000000001E+001",23,29,2145,"2.2629999999999999E+001","1.140333E+002","29,23"
"1.140133E+002","2.2640000000000001E+001",23,28,2144,"2.2629999999999999E+001","1.1402330000000001E+002","28,23"
"1.140033E+002","2.2640000000000001E+001",23,27,2143,"2.2629999999999999E+001","1.140133E+002","27,23"
"1.139933E+002","2.2640000000000001E+001",23,26,2142,"2.2629999999999999E+001","1.140033E+002","26,23"
"1.139833E+002","2.2640000000000001E+001",23,25,2141,"2.2629999999999999E+001","1.139933E+002","25,23"
"1.1397329999999999E+002","2.2640000000000001E+001",23,24,2140,"2.2629999999999999E+001","1.139833E+002","24,23"
"1.140333E+002","2.243E+001",2,30,214,"2.2420000000000002E+001","1.140433E+002","30,2"
"1.139633E+002","2.2640000000000001E+001",23,23,2139,"2.2629999999999999E+001","1.1397329999999999E+002","23,23"
"1.139533E+002","2.2640000000000001E+001",23,22,2138,"2.2629999999999999E+001","1.139633E+002","22,23"
"1.1394329999999999E+002","2.2640000000000001E+001",23,21,2137,"2.2629999999999999E+001","1.139533E+002","21,23"
"1.139333E+002","2.2640000000000001E+001",23,20,2136,"2.2629999999999999E+001","1.1394329999999999E+002","20,23"
"1.139233E+002","2.2640000000000001E+001",23,19,2135,"2.2629999999999999E+001","1.139333E+002","19,23"
"1.1391330000000001E+002","2.2640000000000001E+001",23,18,2134,"2.2629999999999999E+001","1.139233E+002","18,23"
"1.139033E+002","2.2640000000000001E+001",23,17,2133,"2.2629999999999999E+001","1.1391330000000001E+002","17,23"
"1.138933E+002","2.2640000000000001E+001",23,16,2132,"2.2629999999999999E+001","1.139033E+002","16,23"
"1.1388330000000001E+002","2.2640000000000001E+001",23,15,2131,"2.2629999999999999E+001","1.138933E+002","15,23"
"1.138733E+002","2.2640000000000001E+001",23,14,2130,"2.2629999999999999E+001","1.1388330000000001E+002","14,23"
"1.1402330000000001E+002","2.243E+001",2,29,213,"2.2420000000000002E+001","1.140333E+002","29,2"
"1.138633E+002","2.2640000000000001E+001",23,13,2129,"2.2629999999999999E+001","1.138733E+002","13,23"
"1.138533E+002","2.2640000000000001E+001",23,12,2128,"2.2629999999999999E+001","1.138633E+002","12,23"
"1.138433E+002","2.2640000000000001E+001",23,11,2127,"2.2629999999999999E+001","1.138533E+002","11,23"
"1.1383329999999999E+002","2.2640000000000001E+001",23,10,2126,"2.2629999999999999E+001","1.138433E+002","10,23"
"1.138233E+002","2.2640000000000001E+001",23,9,2125,"2.2629999999999999E+001","1.1383329999999999E+002","9,23"
"1.138133E+002","2.2640000000000001E+001",23,8,2124,"2.2629999999999999E+001","1.138233E+002","8,23"
"1.1380329999999999E+002","2.2640000000000001E+001",23,7,2123,"2.2629999999999999E+001","1.138133E+002","7,23"
"1.137933E+002","2.2640000000000001E+001",23,6,2122,"2.2629999999999999E+001","1.1380329999999999E+002","6,23"
"1.137833E+002","2.2640000000000001E+001",23,5,2121,"2.2629999999999999E+001","1.137933E+002","5,23"
"1.1377330000000001E+002","2.2640000000000001E+001",23,4,2120,"2.2629999999999999E+001","1.137833E+002","4,23"
"1.140133E+002","2.243E+001",2,28,212,"2.2420000000000002E+001","1.1402330000000001E+002","28,2"
"1.137633E+002","2.2640000000000001E+001",23,3,2119,"2.2629999999999999E+001","1.1377330000000001E+002","3,23"
"1.137533E+002","2.2640000000000001E+001",23,2,2118,"2.2629999999999999E+001","1.137633E+002","2,23"
"1.137433E+002","2.2640000000000001E+001",23,1,2117,"2.2629999999999999E+001","1.137533E+002","1,23"
"1.137333E+002","2.2640000000000001E+001",23,0,2116,"2.2629999999999999E+001","1.137433E+002","0,23"
"1.146433E+002","2.2629999999999999E+001",22,91,2115,"2.2620000000000001E+001","1.146533E+002","91,22"
"1.1463330000000001E+002","2.2629999999999999E+001",22,90,2114,"2.2620000000000001E+001","1.146433E+002","90,22"
"1.146233E+002","2.2629999999999999E+001",22,89,2113,"2.2620000000000001E+001","1.1463330000000001E+002","89,22"
"1.146133E+002","2.2629999999999999E+001",22,88,2112,"2.2620000000000001E+001","1.146233E+002","88,22"
"1.146033E+002","2.2629999999999999E+001",22,87,2111,"2.2620000000000001E+001","1.146133E+002","87,22"
"1.145933E+002","2.2629999999999999E+001",22,86,2110,"2.2620000000000001E+001","1.146033E+002","86,22"
"1.140033E+002","2.243E+001",2,27,211,"2.2420000000000002E+001","1.140133E+002","27,2"
"1.1458329999999999E+002","2.2629999999999999E+001",22,85,2109,"2.2620000000000001E+001","1.145933E+002","85,22"
"1.145733E+002","2.2629999999999999E+001",22,84,2108,"2.2620000000000001E+001","1.1458329999999999E+002","84,22"
"1.145633E+002","2.2629999999999999E+001",22,83,2107,"2.2620000000000001E+001","1.145733E+002","83,22"
"1.1455329999999999E+002","2.2629999999999999E+001",22,82,2106,"2.2620000000000001E+001","1.145633E+002","82,22"
"1.145433E+002","2.2629999999999999E+001",22,81,2105,"2.2620000000000001E+001","1.1455329999999999E+002","81,22"
"1.145333E+002","2.2629999999999999E+001",22,80,2104,"2.2620000000000001E+001","1.145433E+002","80,22"
"1.1452330000000001E+002","2.2629999999999999E+001",22,79,2103,"2.2620000000000001E+001","1.145333E+002","79,22"
"1.145133E+002","2.2629999999999999E+001",22,78,2102,"2.2620000000000001E+001","1.1452330000000001E+002","78,22"
"1.145033E+002","2.2629999999999999E+001",22,77,2101,"2.2620000000000001E+001","1.145133E+002","77,22"
"1.144933E+002","2.2629999999999999E+001",22,76,2100,"2.2620000000000001E+001","1.145033E+002","76,22"
"1.139933E+002","2.243E+001",2,26,210,"2.2420000000000002E+001","1.140033E+002","26,2"
"1.1394329999999999E+002","2.241E+001",0,21,21,"2.2399999999999999E+001","1.139533E+002","21,0"
"1.144833E+002","2.2629999999999999E+001",22,75,2099,"2.2620000000000001E+001","1.144933E+002","75,22"
"1.1447329999999999E+002","2.2629999999999999E+001",22,74,2098,"2.2620000000000001E+001","1.144833E+002","74,22"
"1.144633E+002","2.2629999999999999E+001",22,73,2097,"2.2620000000000001E+001","1.1447329999999999E+002","73,22"
"1.144533E+002","2.2629999999999999E+001",22,72,2096,"2.2620000000000001E+001","1.144633E+002","72,22"
"1.1444329999999999E+002","2.2629999999999999E+001",22,71,2095,"2.2620000000000001E+001","1.144533E+002","71,22"
"1.144333E+002","2.2629999999999999E+001",22,70,2094,"2.2620000000000001E+001","1.1444329999999999E+002","70,22"
"1.144233E+002","2.2629999999999999E+001",22,69,2093,"2.2620000000000001E+001","1.144333E+002","69,22"
"1.1441330000000001E+002","2.2629999999999999E+001",22,68,2092,"2.2620000000000001E+001","1.144233E+002","68,22"
"1.144033E+002","2.2629999999999999E+001",22,67,2091,"2.2620000000000001E+001","1.1441330000000001E+002","67,22"
"1.143933E+002","2.2629999999999999E+001",22,66,2090,"2.2620000000000001E+001","1.144033E+002","66,22"
"1.139833E+002","2.243E+001",2,25,209,"2.2420000000000002E+001","1.139933E+002","25,2"
"1.1438330000000001E+002","2.2629999999999999E+001",22,65,2089,"2.2620000000000001E+001","1.143933E+002","65,22"
"1.137633E+002","2.2629999999999999E+001",22,3,2027,"2.2620000000000001E+001","1.1377330000000001E+002","3,22"
"1.137533E+002","2.2629999999999999E+001",22,2,2026,"2.2620000000000001E+001","1.137633E+002","2,22"
"1.137433E+002","2.2629999999999999E+001",22,1,2025,"2.2620000000000001E+001","1.137533E+002","1,22"
"1.137333E+002","2.2629999999999999E+001",22,0,2024,"2.2620000000000001E+001","1.137433E+002","0,22"
"1.146433E+002","2.2620000000000001E+001",21,91,2023,"2.2609999999999999E+001","1.146533E+002","91,21"
"1.1463330000000001E+002","2.2620000000000001E+001",21,90,2022,"2.2609999999999999E+001","1.146433E+002","90,21"
"1.146233E+002","2.2620000000000001E+001",21,89,2021,"2.2609999999999999E+001","1.1463330000000001E+002","89,21"
"1.146133E+002","2.2620000000000001E+001",21,88,2020,"2.2609999999999999E+001","1.146233E+002","88,21"
"1.1391330000000001E+002","2.243E+001",2,18,202,"2.2420000000000002E+001","1.139233E+002","18,2"
"1.146033E+002","2.2620000000000001E+001",21,87,2019,"2.2609999999999999E+001","1.146133E+002","87,21"
"1.145933E+002","2.2620000000000001E+001",21,86,2018,"2.2609999999999999E+001","1.146033E+002","86,21"
"1.1458329999999999E+002","2.2620000000000001E+001",21,85,2017,"2.2609999999999999E+001","1.145933E+002","85,21"
"1.145733E+002","2.2620000000000001E+001",21,84,2016,"2.2609999999999999E+001","1.1458329999999999E+002","84,21"
"1.145633E+002","2.2620000000000001E+001",21,83,2015,"2.2609999999999999E+001","1.145733E+002","83,21"
"1.1455329999999999E+002","2.2620000000000001E+001",21,82,2014,"2.2609999999999999E+001","1.145633E+002","82,21"
"1.145433E+002","2.2620000000000001E+001",21,81,2013,"2.2609999999999999E+001","1.1455329999999999E+002","81,21"
"1.145333E+002","2.2620000000000001E+001",21,80,2012,"2.2609999999999999E+001","1.145433E+002","80,21"
"1.1452330000000001E+002","2.2620000000000001E+001",21,79,2011,"2.2609999999999999E+001","1.145333E+002","79,21"
"1.145133E+002","2.2620000000000001E+001",21,78,2010,"2.2609999999999999E+001","1.1452330000000001E+002","78,21"
"1.139033E+002","2.243E+001",2,17,201,"2.2420000000000002E+001","1.1391330000000001E+002","17,2"
"1.145033E+002","2.2620000000000001E+001",21,77,2009,"2.2609999999999999E+001","1.145133E+002","77,21"
"1.144933E+002","2.2620000000000001E+001",21,76,2008,"2.2609999999999999E+001","1.145033E+002","76,21"
"1.144833E+002","2.2620000000000001E+001",21,75,2007,"2.2609999999999999E+001","1.144933E+002","75,21"
"1.1447329999999999E+002","2.2620000000000001E+001",21,74,2006,"2.2609999999999999E+001","1.144833E+002","74,21"
"1.144633E+002","2.2620000000000001E+001",21,73,2005,"2.2609999999999999E+001","1.1447329999999999E+002","73,21"
"1.144533E+002","2.2620000000000001E+001",21,72,2004,"2.2609999999999999E+001","1.144633E+002","72,21"
"1.1444329999999999E+002","2.2620000000000001E+001",21,71,2003,"2.2609999999999999E+001","1.144533E+002","71,21"
"1.144333E+002","2.2620000000000001E+001",21,70,2002,"2.2609999999999999E+001","1.1444329999999999E+002","70,21"
"1.144233E+002","2.2620000000000001E+001",21,69,2001,"2.2609999999999999E+001","1.144333E+002","69,21"
"1.1441330000000001E+002","2.2620000000000001E+001",21,68,2000,"2.2609999999999999E+001","1.144233E+002","68,21"
"1.138933E+002","2.243E+001",2,16,200,"2.2420000000000002E+001","1.139033E+002","16,2"
"1.139333E+002","2.241E+001",0,20,20,"2.2399999999999999E+001","1.1394329999999999E+002","20,0"
"1.137533E+002","2.241E+001",0,2,2,"2.2399999999999999E+001","1.137633E+002","2,0"
"1.144033E+002","2.2620000000000001E+001",21,67,1999,"2.2609999999999999E+001","1.1441330000000001E+002","67,21"
"1.143933E+002","2.2620000000000001E+001",21,66,1998,"2.2609999999999999E+001","1.144033E+002","66,21"
"1.1438330000000001E+002","2.2620000000000001E+001",21,65,1997,"2.2609999999999999E+001","1.143933E+002","65,21"
"1.143733E+002","2.2620000000000001E+001",21,64,1996,"2.2609999999999999E+001","1.1438330000000001E+002","64,21"
"1.143633E+002","2.2620000000000001E+001",21,63,1995,"2.2609999999999999E+001","1.143733E+002","63,21"
"1.143533E+002","2.2620000000000001E+001",21,62,1994,"2.2609999999999999E+001","1.143633E+002","62,21"
"1.143433E+002","2.2620000000000001E+001",21,61,1993,"2.2609999999999999E+001","1.143533E+002","61,21"
"1.1433329999999999E+002","2.2620000000000001E+001",21,60,1992,"2.2609999999999999E+001","1.143433E+002","60,21"
"1.143233E+002","2.2620000000000001E+001",21,59,1991,"2.2609999999999999E+001","1.1433329999999999E+002","59,21"
"1.143133E+002","2.2620000000000001E+001",21,58,1990,"2.2609999999999999E+001","1.143233E+002","58,21"
"1.1388330000000001E+002","2.243E+001",2,15,199,"2.2420000000000002E+001","1.138933E+002","15,2"
"1.1430329999999999E+002","2.2620000000000001E+001",21,57,1989,"2.2609999999999999E+001","1.143133E+002","57,21"
"1.142933E+002","2.2620000000000001E+001",21,56,1988,"2.2609999999999999E+001","1.1430329999999999E+002","56,21"
"1.142833E+002","2.2620000000000001E+001",21,55,1987,"2.2609999999999999E+001","1.142933E+002","55,21"
"1.1427330000000001E+002","2.2620000000000001E+001",21,54,1986,"2.2609999999999999E+001","1.142833E+002","54,21"
"1.142633E+002","2.2620000000000001E+001",21,53,1985,"2.2609999999999999E+001","1.1427330000000001E+002","53,21"
"1.142533E+002","2.2620000000000001E+001",21,52,1984,"2.2609999999999999E+001","1.142633E+002","52,21"
"1.142433E+002","2.2620000000000001E+001",21,51,1983,"2.2609999999999999E+001","1.142533E+002","51,21"
"1.142333E+002","2.2620000000000001E+001",21,50,1982,"2.2609999999999999E+001","1.142433E+002","50,21"
"1.1422329999999999E+002","2.2620000000000001E+001",21,49,1981,"2.2609999999999999E+001","1.142333E+002","49,21"
"1.142133E+002","2.2620000000000001E+001",21,48,1980,"2.2609999999999999E+001","1.1422329999999999E+002","48,21"
"1.138733E+002","2.243E+001",2,14,198,"2.2420000000000002E+001","1.1388330000000001E+002","14,2"
"1.142033E+002","2.2620000000000001E+001",21,47,1979,"2.2609999999999999E+001","1.142133E+002","47,21"
"1.1419329999999999E+002","2.2620000000000001E+001",21,46,1978,"2.2609999999999999E+001","1.142033E+002","46,21"
"1.141833E+002","2.2620000000000001E+001",21,45,1977,"2.2609999999999999E+001","1.1419329999999999E+002","45,21"
"1.141733E+002","2.2620000000000001E+001",21,44,1976,"2.2609999999999999E+001","1.141833E+002","44,21"
"1.1416330000000001E+002","2.2620000000000001E+001",21,43,1975,"2.2609999999999999E+001","1.141733E+002","43,21"
"1.141533E+002","2.2620000000000001E+001",21,42,1974,"2.2609999999999999E+001","1.1416330000000001E+002","42,21"
"1.141433E+002","2.2620000000000001E+001",21,41,1973,"2.2609999999999999E+001","1.141533E+002","41,21"
"1.1413330000000001E+002","2.2620000000000001E+001",21,40,1972,"2.2609999999999999E+001","1.141433E+002","40,21"
"1.141233E+002","2.2620000000000001E+001",21,39,1971,"2.2609999999999999E+001","1.1413330000000001E+002","39,21"
"1.141133E+002","2.2620000000000001E+001",21,38,1970,"2.2609999999999999E+001","1.141233E+002","38,21"
"1.138633E+002","2.243E+001",2,13,197,"2.2420000000000002E+001","1.138733E+002","13,2"
"1.141033E+002","2.2620000000000001E+001",21,37,1969,"2.2609999999999999E+001","1.141133E+002","37,21"
"1.140933E+002","2.2620000000000001E+001",21,36,1968,"2.2609999999999999E+001","1.141033E+002","36,21"
"1.1397329999999999E+002","2.2809999999999999E+001",40,24,3704,"2.2800000000000001E+001","1.139833E+002","24,40"
"1.139633E+002","2.2809999999999999E+001",40,23,3703,"2.2800000000000001E+001","1.1397329999999999E+002","23,40"
"1.139533E+002","2.2809999999999999E+001",40,22,3702,"2.2800000000000001E+001","1.139633E+002","22,40"
"1.1394329999999999E+002","2.2809999999999999E+001",40,21,3701,"2.2800000000000001E+001","1.139533E+002","21,40"
"1.139333E+002","2.2809999999999999E+001",40,20,3700,"2.2800000000000001E+001","1.1394329999999999E+002","20,40"
"1.137533E+002","2.2449999999999999E+001",4,2,370,"2.2440000000000001E+001","1.137633E+002","2,4"
"1.141033E+002","2.241E+001",0,37,37,"2.2399999999999999E+001","1.141133E+002","37,0"
"1.139233E+002","2.2809999999999999E+001",40,19,3699,"2.2800000000000001E+001","1.139333E+002","19,40"
"1.1391330000000001E+002","2.2809999999999999E+001",40,18,3698,"2.2800000000000001E+001","1.139233E+002","18,40"
"1.139033E+002","2.2809999999999999E+001",40,17,3697,"2.2800000000000001E+001","1.1391330000000001E+002","17,40"
"1.138933E+002","2.2809999999999999E+001",40,16,3696,"2.2800000000000001E+001","1.139033E+002","16,40"
"1.1388330000000001E+002","2.2809999999999999E+001",40,15,3695,"2.2800000000000001E+001","1.138933E+002","15,40"
"1.138733E+002","2.2809999999999999E+001",40,14,3694,"2.2800000000000001E+001","1.1388330000000001E+002","14,40"
"1.138633E+002","2.2809999999999999E+001",40,13,3693,"2.2800000000000001E+001","1.138733E+002","13,40"
"1.138533E+002","2.2809999999999999E+001",40,12,3692,"2.2800000000000001E+001","1.138633E+002","12,40"
"1.138433E+002","2.2809999999999999E+001",40,11,3691,"2.2800000000000001E+001","1.138533E+002","11,40"
"1.1383329999999999E+002","2.2809999999999999E+001",40,10,3690,"2.2800000000000001E+001","1.138433E+002","10,40"
"1.137433E+002","2.2449999999999999E+001",4,1,369,"2.2440000000000001E+001","1.137533E+002","1,4"
"1.138233E+002","2.2809999999999999E+001",40,9,3689,"2.2800000000000001E+001","1.1383329999999999E+002","9,40"
"1.138133E+002","2.2809999999999999E+001",40,8,3688,"2.2800000000000001E+001","1.138233E+002","8,40"
"1.1380329999999999E+002","2.2809999999999999E+001",40,7,3687,"2.2800000000000001E+001","1.138133E+002","7,40"
"1.137933E+002","2.2809999999999999E+001",40,6,3686,"2.2800000000000001E+001","1.1380329999999999E+002","6,40"
"1.137833E+002","2.2809999999999999E+001",40,5,3685,"2.2800000000000001E+001","1.137933E+002","5,40"
"1.1377330000000001E+002","2.2809999999999999E+001",40,4,3684,"2.2800000000000001E+001","1.137833E+002","4,40"
"1.137633E+002","2.2809999999999999E+001",40,3,3683,"2.2800000000000001E+001","1.1377330000000001E+002","3,40"
"1.137533E+002","2.2809999999999999E+001",40,2,3682,"2.2800000000000001E+001","1.137633E+002","2,40"
"1.137433E+002","2.2809999999999999E+001",40,1,3681,"2.2800000000000001E+001","1.137533E+002","1,40"
"1.137333E+002","2.2809999999999999E+001",40,0,3680,"2.2800000000000001E+001","1.137433E+002","0,40"
"1.137333E+002","2.2449999999999999E+001",4,0,368,"2.2440000000000001E+001","1.137433E+002","0,4"
"1.146433E+002","2.2800000000000001E+001",39,91,3679,"2.2789999999999999E+001","1.146533E+002","91,39"
"1.1463330000000001E+002","2.2800000000000001E+001",39,90,3678,"2.2789999999999999E+001","1.146433E+002","90,39"
"1.146233E+002","2.2800000000000001E+001",39,89,3677,"2.2789999999999999E+001","1.1463330000000001E+002","89,39"
"1.146133E+002","2.2800000000000001E+001",39,88,3676,"2.2789999999999999E+001","1.146233E+002","88,39"
"1.146033E+002","2.2800000000000001E+001",39,87,3675,"2.2789999999999999E+001","1.146133E+002","87,39"
"1.145933E+002","2.2800000000000001E+001",39,86,3674,"2.2789999999999999E+001","1.146033E+002","86,39"
"1.1458329999999999E+002","2.2800000000000001E+001",39,85,3673,"2.2789999999999999E+001","1.145933E+002","85,39"
"1.145733E+002","2.2800000000000001E+001",39,84,3672,"2.2789999999999999E+001","1.1458329999999999E+002","84,39"
"1.145633E+002","2.2800000000000001E+001",39,83,3671,"2.2789999999999999E+001","1.145733E+002","83,39"
"1.1455329999999999E+002","2.2800000000000001E+001",39,82,3670,"2.2789999999999999E+001","1.145633E+002","82,39"
"1.146433E+002","2.2440000000000001E+001",3,91,367,"2.243E+001","1.146533E+002","91,3"
"1.145433E+002","2.2800000000000001E+001",39,81,3669,"2.2789999999999999E+001","1.1455329999999999E+002","81,39"
"1.145333E+002","2.2800000000000001E+001",39,80,3668,"2.2789999999999999E+001","1.145433E+002","80,39"
"1.1452330000000001E+002","2.2800000000000001E+001",39,79,3667,"2.2789999999999999E+001","1.145333E+002","79,39"
"1.145133E+002","2.2800000000000001E+001",39,78,3666,"2.2789999999999999E+001","1.1452330000000001E+002","78,39"
"1.142033E+002","2.2609999999999999E+001",20,47,1887,"2.2600000000000001E+001","1.142133E+002","47,20"
"1.1419329999999999E+002","2.2609999999999999E+001",20,46,1886,"2.2600000000000001E+001","1.142033E+002","46,20"
"1.141833E+002","2.2609999999999999E+001",20,45,1885,"2.2600000000000001E+001","1.1419329999999999E+002","45,20"
"1.141733E+002","2.2609999999999999E+001",20,44,1884,"2.2600000000000001E+001","1.141833E+002","44,20"
"1.1416330000000001E+002","2.2609999999999999E+001",20,43,1883,"2.2600000000000001E+001","1.141733E+002","43,20"
"1.141533E+002","2.2609999999999999E+001",20,42,1882,"2.2600000000000001E+001","1.1416330000000001E+002","42,20"
"1.141433E+002","2.2609999999999999E+001",20,41,1881,"2.2600000000000001E+001","1.141533E+002","41,20"
"1.1413330000000001E+002","2.2609999999999999E+001",20,40,1880,"2.2600000000000001E+001","1.141433E+002","40,20"
"1.1377330000000001E+002","2.243E+001",2,4,188,"2.2420000000000002E+001","1.137833E+002","4,2"
"1.141233E+002","2.2609999999999999E+001",20,39,1879,"2.2600000000000001E+001","1.1413330000000001E+002","39,20"
"1.141133E+002","2.2609999999999999E+001",20,38,1878,"2.2600000000000001E+001","1.141233E+002","38,20"
"1.141033E+002","2.2609999999999999E+001",20,37,1877,"2.2600000000000001E+001","1.141133E+002","37,20"
"1.140933E+002","2.2609999999999999E+001",20,36,1876,"2.2600000000000001E+001","1.141033E+002","36,20"
"1.1408329999999999E+002","2.2609999999999999E+001",20,35,1875,"2.2600000000000001E+001","1.140933E+002","35,20"
"1.140733E+002","2.2609999999999999E+001",20,34,1874,"2.2600000000000001E+001","1.1408329999999999E+002","34,20"
"1.140633E+002","2.2609999999999999E+001",20,33,1873,"2.2600000000000001E+001","1.140733E+002","33,20"
"1.1405329999999999E+002","2.2609999999999999E+001",20,32,1872,"2.2600000000000001E+001","1.140633E+002","32,20"
"1.140433E+002","2.2609999999999999E+001",20,31,1871,"2.2600000000000001E+001","1.1405329999999999E+002","31,20"
"1.140333E+002","2.2609999999999999E+001",20,30,1870,"2.2600000000000001E+001","1.140433E+002","30,20"
"1.137633E+002","2.243E+001",2,3,187,"2.2420000000000002E+001","1.1377330000000001E+002","3,2"
"1.1402330000000001E+002","2.2609999999999999E+001",20,29,1869,"2.2600000000000001E+001","1.140333E+002","29,20"
"1.140133E+002","2.2609999999999999E+001",20,28,1868,"2.2600000000000001E+001","1.1402330000000001E+002","28,20"
"1.140033E+002","2.2609999999999999E+001",20,27,1867,"2.2600000000000001E+001","1.140133E+002","27,20"
"1.139933E+002","2.2609999999999999E+001",20,26,1866,"2.2600000000000001E+001","1.140033E+002","26,20"
"1.142433E+002","2.2859999999999999E+001",45,51,4191,"2.2850000000000001E+001","1.142533E+002","51,45"
"1.142333E+002","2.2859999999999999E+001",45,50,4190,"2.2850000000000001E+001","1.142433E+002","50,45"
"1.142433E+002","2.2449999999999999E+001",4,51,419,"2.2440000000000001E+001","1.142533E+002","51,4"
"1.1422329999999999E+002","2.2859999999999999E+001",45,49,4189,"2.2850000000000001E+001","1.142333E+002","49,45"
"1.142133E+002","2.2859999999999999E+001",45,48,4188,"2.2850000000000001E+001","1.1422329999999999E+002","48,45"
"1.142033E+002","2.2859999999999999E+001",45,47,4187,"2.2850000000000001E+001","1.142133E+002","47,45"
"1.1419329999999999E+002","2.2859999999999999E+001",45,46,4186,"2.2850000000000001E+001","1.142033E+002","46,45"
"1.141833E+002","2.2859999999999999E+001",45,45,4185,"2.2850000000000001E+001","1.1419329999999999E+002","45,45"
"1.141733E+002","2.2859999999999999E+001",45,44,4184,"2.2850000000000001E+001","1.141833E+002","44,45"
"1.1416330000000001E+002","2.2859999999999999E+001",45,43,4183,"2.2850000000000001E+001","1.141733E+002","43,45"
"1.141533E+002","2.2859999999999999E+001",45,42,4182,"2.2850000000000001E+001","1.1416330000000001E+002","42,45"
"1.141433E+002","2.2859999999999999E+001",45,41,4181,"2.2850000000000001E+001","1.141533E+002","41,45"
"1.1413330000000001E+002","2.2859999999999999E+001",45,40,4180,"2.2850000000000001E+001","1.141433E+002","40,45"
"1.142333E+002","2.2449999999999999E+001",4,50,418,"2.2440000000000001E+001","1.142433E+002","50,4"
"1.141233E+002","2.2859999999999999E+001",45,39,4179,"2.2850000000000001E+001","1.1413330000000001E+002","39,45"
"1.141133E+002","2.2859999999999999E+001",45,38,4178,"2.2850000000000001E+001","1.141233E+002","38,45"
"1.141033E+002","2.2859999999999999E+001",45,37,4177,"2.2850000000000001E+001","1.141133E+002","37,45"
"1.140933E+002","2.2859999999999999E+001",45,36,4176,"2.2850000000000001E+001","1.141033E+002","36,45"
"1.1408329999999999E+002","2.2859999999999999E+001",45,35,4175,"2.2850000000000001E+001","1.140933E+002","35,45"
"1.140733E+002","2.2859999999999999E+001",45,34,4174,"2.2850000000000001E+001","1.1408329999999999E+002","34,45"
"1.140633E+002","2.2859999999999999E+001",45,33,4173,"2.2850000000000001E+001","1.140733E+002","33,45"
"1.1405329999999999E+002","2.2859999999999999E+001",45,32,4172,"2.2850000000000001E+001","1.140633E+002","32,45"
"1.140433E+002","2.2859999999999999E+001",45,31,4171,"2.2850000000000001E+001","1.1405329999999999E+002","31,45"
"1.140333E+002","2.2859999999999999E+001",45,30,4170,"2.2850000000000001E+001","1.140433E+002","30,45"
"1.1422329999999999E+002","2.2449999999999999E+001",4,49,417,"2.2440000000000001E+001","1.142333E+002","49,4"
"1.1402330000000001E+002","2.2859999999999999E+001",45,29,4169,"2.2850000000000001E+001","1.140333E+002","29,45"
"1.140133E+002","2.2859999999999999E+001",45,28,4168,"2.2850000000000001E+001","1.1402330000000001E+002","28,45"
"1.140033E+002","2.2859999999999999E+001",45,27,4167,"2.2850000000000001E+001","1.140133E+002","27,45"
"1.139933E+002","2.2859999999999999E+001",45,26,4166,"2.2850000000000001E+001","1.140033E+002","26,45"
"1.139833E+002","2.2859999999999999E+001",45,25,4165,"2.2850000000000001E+001","1.139933E+002","25,45"
"1.1397329999999999E+002","2.2859999999999999E+001",45,24,4164,"2.2850000000000001E+001","1.139833E+002","24,45"
"1.139633E+002","2.2859999999999999E+001",45,23,4163,"2.2850000000000001E+001","1.1397329999999999E+002","23,45"
"1.139533E+002","2.2859999999999999E+001",45,22,4162,"2.2850000000000001E+001","1.139633E+002","22,45"
"1.1394329999999999E+002","2.2859999999999999E+001",45,21,4161,"2.2850000000000001E+001","1.139533E+002","21,45"
"1.139333E+002","2.2859999999999999E+001",45,20,4160,"2.2850000000000001E+001","1.1394329999999999E+002","20,45"
"1.142133E+002","2.2449999999999999E+001",4,48,416,"2.2440000000000001E+001","1.1422329999999999E+002","48,4"
"1.139233E+002","2.2859999999999999E+001",45,19,4159,"2.2850000000000001E+001","1.139333E+002","19,45"
"1.1391330000000001E+002","2.2859999999999999E+001",45,18,4158,"2.2850000000000001E+001","1.139233E+002","18,45"
"1.139033E+002","2.2859999999999999E+001",45,17,4157,"2.2850000000000001E+001","1.1391330000000001E+002","17,45"
"1.138933E+002","2.2859999999999999E+001",45,16,4156,"2.2850000000000001E+001","1.139033E+002","16,45"
"1.1388330000000001E+002","2.2859999999999999E+001",45,15,4155,"2.2850000000000001E+001","1.138933E+002","15,45"
"1.138733E+002","2.2859999999999999E+001",45,14,4154,"2.2850000000000001E+001","1.1388330000000001E+002","14,45"
"1.138633E+002","2.2859999999999999E+001",45,13,4153,"2.2850000000000001E+001","1.138733E+002","13,45"
"1.138533E+002","2.2859999999999999E+001",45,12,4152,"2.2850000000000001E+001","1.138633E+002","12,45"
"1.138433E+002","2.2859999999999999E+001",45,11,4151,"2.2850000000000001E+001","1.138533E+002","11,45"
"1.1383329999999999E+002","2.2859999999999999E+001",45,10,4150,"2.2850000000000001E+001","1.138433E+002","10,45"
"1.142033E+002","2.2449999999999999E+001",4,47,415,"2.2440000000000001E+001","1.142133E+002","47,4"
"1.138233E+002","2.2859999999999999E+001",45,9,4149,"2.2850000000000001E+001","1.1383329999999999E+002","9,45"
"1.138133E+002","2.2859999999999999E+001",45,8,4148,"2.2850000000000001E+001","1.138233E+002","8,45"
"1.1380329999999999E+002","2.2859999999999999E+001",45,7,4147,"2.2850000000000001E+001","1.138133E+002","7,45"
"1.137933E+002","2.2859999999999999E+001",45,6,4146,"2.2850000000000001E+001","1.1380329999999999E+002","6,45"
"1.137833E+002","2.2859999999999999E+001",45,5,4145,"2.2850000000000001E+001","1.137933E+002","5,45"
"1.1377330000000001E+002","2.2859999999999999E+001",45,4,4144,"2.2850000000000001E+001","1.137833E+002","4,45"
"1.137633E+002","2.2859999999999999E+001",45,3,4143,"2.2850000000000001E+001","1.1377330000000001E+002","3,45"
"1.137533E+002","2.2859999999999999E+001",45,2,4142,"2.2850000000000001E+001","1.137633E+002","2,45"
"1.137433E+002","2.2859999999999999E+001",45,1,4141,"2.2850000000000001E+001","1.137533E+002","1,45"
"1.137333E+002","2.2859999999999999E+001",45,0,4140,"2.2850000000000001E+001","1.137433E+002","0,45"
"1.1419329999999999E+002","2.2449999999999999E+001",4,46,414,"2.2440000000000001E+001","1.142033E+002","46,4"
"1.146433E+002","2.2850000000000001E+001",44,91,4139,"2.284E+001","1.146533E+002","91,44"
"1.1463330000000001E+002","2.2850000000000001E+001",44,90,4138,"2.284E+001","1.146433E+002","90,44"
"1.146233E+002","2.2850000000000001E+001",44,89,4137,"2.284E+001","1.1463330000000001E+002","89,44"
"1.146133E+002","2.2850000000000001E+001",44,88,4136,"2.284E+001","1.146233E+002","88,44"
"1.146033E+002","2.2850000000000001E+001",44,87,4135,"2.284E+001","1.146133E+002","87,44"
"1.145933E+002","2.2850000000000001E+001",44,86,4134,"2.284E+001","1.146033E+002","86,44"
"1.1458329999999999E+002","2.2850000000000001E+001",44,85,4133,"2.284E+001","1.145933E+002","85,44"
"1.145733E+002","2.2850000000000001E+001",44,84,4132,"2.284E+001","1.1458329999999999E+002","84,44"
"1.145633E+002","2.2850000000000001E+001",44,83,4131,"2.284E+001","1.145733E+002","83,44"
"1.1455329999999999E+002","2.2850000000000001E+001",44,82,4130,"2.284E+001","1.145633E+002","82,44"
"1.140633E+002","2.2800000000000001E+001",39,33,3621,"2.2789999999999999E+001","1.140733E+002","33,39"
"1.1405329999999999E+002","2.2800000000000001E+001",39,32,3620,"2.2789999999999999E+001","1.140633E+002","32,39"
"1.145933E+002","2.2440000000000001E+001",3,86,362,"2.243E+001","1.146033E+002","86,3"
"1.140433E+002","2.2800000000000001E+001",39,31,3619,"2.2789999999999999E+001","1.1405329999999999E+002","31,39"
"1.140333E+002","2.2800000000000001E+001",39,30,3618,"2.2789999999999999E+001","1.140433E+002","30,39"
"1.1402330000000001E+002","2.2800000000000001E+001",39,29,3617,"2.2789999999999999E+001","1.140333E+002","29,39"
"1.140133E+002","2.2800000000000001E+001",39,28,3616,"2.2789999999999999E+001","1.1402330000000001E+002","28,39"
"1.140033E+002","2.2800000000000001E+001",39,27,3615,"2.2789999999999999E+001","1.140133E+002","27,39"
"1.139933E+002","2.2800000000000001E+001",39,26,3614,"2.2789999999999999E+001","1.140033E+002","26,39"
"1.139833E+002","2.2800000000000001E+001",39,25,3613,"2.2789999999999999E+001","1.139933E+002","25,39"
"1.1397329999999999E+002","2.2800000000000001E+001",39,24,3612,"2.2789999999999999E+001","1.139833E+002","24,39"
"1.139633E+002","2.2800000000000001E+001",39,23,3611,"2.2789999999999999E+001","1.1397329999999999E+002","23,39"
"1.139533E+002","2.2800000000000001E+001",39,22,3610,"2.2789999999999999E+001","1.139633E+002","22,39"
"1.1458329999999999E+002","2.2440000000000001E+001",3,85,361,"2.243E+001","1.145933E+002","85,3"
"1.1394329999999999E+002","2.2800000000000001E+001",39,21,3609,"2.2789999999999999E+001","1.139533E+002","21,39"
"1.139333E+002","2.2800000000000001E+001",39,20,3608,"2.2789999999999999E+001","1.1394329999999999E+002","20,39"
"1.139233E+002","2.2800000000000001E+001",39,19,3607,"2.2789999999999999E+001","1.139333E+002","19,39"
"1.1391330000000001E+002","2.2800000000000001E+001",39,18,3606,"2.2789999999999999E+001","1.139233E+002","18,39"
"1.139033E+002","2.2800000000000001E+001",39,17,3605,"2.2789999999999999E+001","1.1391330000000001E+002","17,39"
"1.138933E+002","2.2800000000000001E+001",39,16,3604,"2.2789999999999999E+001","1.139033E+002","16,39"
"1.1388330000000001E+002","2.2800000000000001E+001",39,15,3603,"2.2789999999999999E+001","1.138933E+002","15,39"
"1.138733E+002","2.2800000000000001E+001",39,14,3602,"2.2789999999999999E+001","1.1388330000000001E+002","14,39"
"1.138633E+002","2.2800000000000001E+001",39,13,3601,"2.2789999999999999E+001","1.138733E+002","13,39"
"1.138533E+002","2.2800000000000001E+001",39,12,3600,"2.2789999999999999E+001","1.138633E+002","12,39"
"1.145733E+002","2.2440000000000001E+001",3,84,360,"2.243E+001","1.1458329999999999E+002","84,3"
"1.140933E+002","2.241E+001",0,36,36,"2.2399999999999999E+001","1.141033E+002","36,0"
"1.138433E+002","2.2800000000000001E+001",39,11,3599,"2.2789999999999999E+001","1.138533E+002","11,39"
"1.1383329999999999E+002","2.2800000000000001E+001",39,10,3598,"2.2789999999999999E+001","1.138433E+002","10,39"
"1.138233E+002","2.2800000000000001E+001",39,9,3597,"2.2789999999999999E+001","1.1383329999999999E+002","9,39"
"1.138133E+002","2.2800000000000001E+001",39,8,3596,"2.2789999999999999E+001","1.138233E+002","8,39"
"1.1380329999999999E+002","2.2800000000000001E+001",39,7,3595,"2.2789999999999999E+001","1.138133E+002","7,39"
"1.137933E+002","2.2800000000000001E+001",39,6,3594,"2.2789999999999999E+001","1.1380329999999999E+002","6,39"
"1.137833E+002","2.2800000000000001E+001",39,5,3593,"2.2789999999999999E+001","1.137933E+002","5,39"
"1.1377330000000001E+002","2.2800000000000001E+001",39,4,3592,"2.2789999999999999E+001","1.137833E+002","4,39"
"1.137633E+002","2.2800000000000001E+001",39,3,3591,"2.2789999999999999E+001","1.1377330000000001E+002","3,39"
"1.137533E+002","2.2800000000000001E+001",39,2,3590,"2.2789999999999999E+001","1.137633E+002","2,39"
"1.145633E+002","2.2440000000000001E+001",3,83,359,"2.243E+001","1.145733E+002","83,3"
"1.137433E+002","2.2800000000000001E+001",39,1,3589,"2.2789999999999999E+001","1.137533E+002","1,39"
"1.137333E+002","2.2800000000000001E+001",39,0,3588,"2.2789999999999999E+001","1.137433E+002","0,39"
"1.146433E+002","2.2789999999999999E+001",38,91,3587,"2.2780000000000001E+001","1.146533E+002","91,38"
"1.1463330000000001E+002","2.2789999999999999E+001",38,90,3586,"2.2780000000000001E+001","1.146433E+002","90,38"
"1.146233E+002","2.2789999999999999E+001",38,89,3585,"2.2780000000000001E+001","1.1463330000000001E+002","89,38"
"1.146133E+002","2.2789999999999999E+001",38,88,3584,"2.2780000000000001E+001","1.146233E+002","88,38"
"1.146033E+002","2.2789999999999999E+001",38,87,3583,"2.2780000000000001E+001","1.146133E+002","87,38"
"1.145933E+002","2.2789999999999999E+001",38,86,3582,"2.2780000000000001E+001","1.146033E+002","86,38"
"1.1458329999999999E+002","2.2789999999999999E+001",38,85,3581,"2.2780000000000001E+001","1.145933E+002","85,38"
"1.145733E+002","2.2789999999999999E+001",38,84,3580,"2.2780000000000001E+001","1.1458329999999999E+002","84,38"
"1.1455329999999999E+002","2.2440000000000001E+001",3,82,358,"2.243E+001","1.145633E+002","82,3"
"1.145633E+002","2.2789999999999999E+001",38,83,3579,"2.2780000000000001E+001","1.145733E+002","83,38"
"1.1455329999999999E+002","2.2789999999999999E+001",38,82,3578,"2.2780000000000001E+001","1.145633E+002","82,38"
"1.145433E+002","2.2789999999999999E+001",38,81,3577,"2.2780000000000001E+001","1.1455329999999999E+002","81,38"
"1.145333E+002","2.2789999999999999E+001",38,80,3576,"2.2780000000000001E+001","1.145433E+002","80,38"
"1.1452330000000001E+002","2.2789999999999999E+001",38,79,3575,"2.2780000000000001E+001","1.145333E+002","79,38"
"1.145133E+002","2.2789999999999999E+001",38,78,3574,"2.2780000000000001E+001","1.1452330000000001E+002","78,38"
"1.145033E+002","2.2789999999999999E+001",38,77,3573,"2.2780000000000001E+001","1.145133E+002","77,38"
"1.144933E+002","2.2789999999999999E+001",38,76,3572,"2.2780000000000001E+001","1.145033E+002","76,38"
"1.144833E+002","2.2789999999999999E+001",38,75,3571,"2.2780000000000001E+001","1.144933E+002","75,38"
"1.1447329999999999E+002","2.2789999999999999E+001",38,74,3570,"2.2780000000000001E+001","1.144833E+002","74,38"
"1.145433E+002","2.2440000000000001E+001",3,81,357,"2.243E+001","1.1455329999999999E+002","81,3"
"1.144633E+002","2.2789999999999999E+001",38,73,3569,"2.2780000000000001E+001","1.1447329999999999E+002","73,38"
"1.144533E+002","2.2789999999999999E+001",38,72,3568,"2.2780000000000001E+001","1.144633E+002","72,38"
"1.1444329999999999E+002","2.2789999999999999E+001",38,71,3567,"2.2780000000000001E+001","1.144533E+002","71,38"
"1.144333E+002","2.2789999999999999E+001",38,70,3566,"2.2780000000000001E+001","1.1444329999999999E+002","70,38"
"1.144233E+002","2.2789999999999999E+001",38,69,3565,"2.2780000000000001E+001","1.144333E+002","69,38"
"1.1441330000000001E+002","2.2789999999999999E+001",38,68,3564,"2.2780000000000001E+001","1.144233E+002","68,38"
"1.144033E+002","2.2789999999999999E+001",38,67,3563,"2.2780000000000001E+001","1.1441330000000001E+002","67,38"
"1.143933E+002","2.2789999999999999E+001",38,66,3562,"2.2780000000000001E+001","1.144033E+002","66,38"
"1.1438330000000001E+002","2.2789999999999999E+001",38,65,3561,"2.2780000000000001E+001","1.143933E+002","65,38"
"1.139333E+002","2.2469999999999999E+001",6,20,572,"2.2460000000000001E+001","1.1394329999999999E+002","20,6"
"1.139233E+002","2.2469999999999999E+001",6,19,571,"2.2460000000000001E+001","1.139333E+002","19,6"
"1.1391330000000001E+002","2.2469999999999999E+001",6,18,570,"2.2460000000000001E+001","1.139233E+002","18,6"
"1.1430329999999999E+002","2.241E+001",0,57,57,"2.2399999999999999E+001","1.143133E+002","57,0"
"1.139033E+002","2.2469999999999999E+001",6,17,569,"2.2460000000000001E+001","1.1391330000000001E+002","17,6"
"1.138933E+002","2.2469999999999999E+001",6,16,568,"2.2460000000000001E+001","1.139033E+002","16,6"
"1.1388330000000001E+002","2.2469999999999999E+001",6,15,567,"2.2460000000000001E+001","1.138933E+002","15,6"
"1.138733E+002","2.2469999999999999E+001",6,14,566,"2.2460000000000001E+001","1.1388330000000001E+002","14,6"
"1.138633E+002","2.2469999999999999E+001",6,13,565,"2.2460000000000001E+001","1.138733E+002","13,6"
"1.138533E+002","2.2469999999999999E+001",6,12,564,"2.2460000000000001E+001","1.138633E+002","12,6"
"1.138433E+002","2.2469999999999999E+001",6,11,563,"2.2460000000000001E+001","1.138533E+002","11,6"
"1.1383329999999999E+002","2.2469999999999999E+001",6,10,562,"2.2460000000000001E+001","1.138433E+002","10,6"
"1.138233E+002","2.2469999999999999E+001",6,9,561,"2.2460000000000001E+001","1.1383329999999999E+002","9,6"
"1.138133E+002","2.2469999999999999E+001",6,8,560,"2.2460000000000001E+001","1.138233E+002","8,6"
"1.142933E+002","2.241E+001",0,56,56,"2.2399999999999999E+001","1.1430329999999999E+002","56,0"
"1.1380329999999999E+002","2.2469999999999999E+001",6,7,559,"2.2460000000000001E+001","1.138133E+002","7,6"
"1.137933E+002","2.2469999999999999E+001",6,6,558,"2.2460000000000001E+001","1.1380329999999999E+002","6,6"
"1.137833E+002","2.2469999999999999E+001",6,5,557,"2.2460000000000001E+001","1.137933E+002","5,6"
"1.1377330000000001E+002","2.2469999999999999E+001",6,4,556,"2.2460000000000001E+001","1.137833E+002","4,6"
"1.137633E+002","2.2469999999999999E+001",6,3,555,"2.2460000000000001E+001","1.1377330000000001E+002","3,6"
"1.137533E+002","2.2469999999999999E+001",6,2,554,"2.2460000000000001E+001","1.137633E+002","2,6"
"1.137433E+002","2.2469999999999999E+001",6,1,553,"2.2460000000000001E+001","1.137533E+002","1,6"
"1.137333E+002","2.2469999999999999E+001",6,0,552,"2.2460000000000001E+001","1.137433E+002","0,6"
"1.146433E+002","2.2460000000000001E+001",5,91,551,"2.2449999999999999E+001","1.146533E+002","91,5"
"1.1463330000000001E+002","2.2460000000000001E+001",5,90,550,"2.2449999999999999E+001","1.146433E+002","90,5"
"1.142833E+002","2.241E+001",0,55,55,"2.2399999999999999E+001","1.142933E+002","55,0"
"1.146233E+002","2.2460000000000001E+001",5,89,549,"2.2449999999999999E+001","1.1463330000000001E+002","89,5"
"1.146133E+002","2.2460000000000001E+001",5,88,548,"2.2449999999999999E+001","1.146233E+002","88,5"
"1.146033E+002","2.2460000000000001E+001",5,87,547,"2.2449999999999999E+001","1.146133E+002","87,5"
"1.145933E+002","2.2460000000000001E+001",5,86,546,"2.2449999999999999E+001","1.146033E+002","86,5"
"1.1458329999999999E+002","2.2460000000000001E+001",5,85,545,"2.2449999999999999E+001","1.145933E+002","85,5"
"1.145733E+002","2.2460000000000001E+001",5,84,544,"2.2449999999999999E+001","1.1458329999999999E+002","84,5"
"1.145633E+002","2.2460000000000001E+001",5,83,543,"2.2449999999999999E+001","1.145733E+002","83,5"
"1.1455329999999999E+002","2.2460000000000001E+001",5,82,542,"2.2449999999999999E+001","1.145633E+002","82,5"
"1.145433E+002","2.2460000000000001E+001",5,81,541,"2.2449999999999999E+001","1.1455329999999999E+002","81,5"
"1.145333E+002","2.2460000000000001E+001",5,80,540,"2.2449999999999999E+001","1.145433E+002","80,5"
"1.1427330000000001E+002","2.241E+001",0,54,54,"2.2399999999999999E+001","1.142833E+002","54,0"
"1.1452330000000001E+002","2.2460000000000001E+001",5,79,539,"2.2449999999999999E+001","1.145333E+002","79,5"
"1.145133E+002","2.2460000000000001E+001",5,78,538,"2.2449999999999999E+001","1.1452330000000001E+002","78,5"
"1.145033E+002","2.2460000000000001E+001",5,77,537,"2.2449999999999999E+001","1.145133E+002","77,5"
"1.144933E+002","2.2460000000000001E+001",5,76,536,"2.2449999999999999E+001","1.145033E+002","76,5"
"1.144833E+002","2.2460000000000001E+001",5,75,535,"2.2449999999999999E+001","1.144933E+002","75,5"
"1.1447329999999999E+002","2.2460000000000001E+001",5,74,534,"2.2449999999999999E+001","1.144833E+002","74,5"
"1.144633E+002","2.2460000000000001E+001",5,73,533,"2.2449999999999999E+001","1.1447329999999999E+002","73,5"
"1.144533E+002","2.2460000000000001E+001",5,72,532,"2.2449999999999999E+001","1.144633E+002","72,5"
"1.1444329999999999E+002","2.2460000000000001E+001",5,71,531,"2.2449999999999999E+001","1.144533E+002","71,5"
"1.144333E+002","2.2460000000000001E+001",5,70,530,"2.2449999999999999E+001","1.1444329999999999E+002","70,5"
"1.142633E+002","2.241E+001",0,53,53,"2.2399999999999999E+001","1.1427330000000001E+002","53,0"
"1.144233E+002","2.2460000000000001E+001",5,69,529,"2.2449999999999999E+001","1.144333E+002","69,5"
"1.1441330000000001E+002","2.2460000000000001E+001",5,68,528,"2.2449999999999999E+001","1.144233E+002","68,5"
"1.144033E+002","2.2460000000000001E+001",5,67,527,"2.2449999999999999E+001","1.1441330000000001E+002","67,5"
"1.143933E+002","2.2460000000000001E+001",5,66,526,"2.2449999999999999E+001","1.144033E+002","66,5"
"1.1438330000000001E+002","2.2460000000000001E+001",5,65,525,"2.2449999999999999E+001","1.143933E+002","65,5"
"1.143733E+002","2.2460000000000001E+001",5,64,524,"2.2449999999999999E+001","1.1438330000000001E+002","64,5"
"1.143633E+002","2.2460000000000001E+001",5,63,523,"2.2449999999999999E+001","1.143733E+002","63,5"
"1.143533E+002","2.2460000000000001E+001",5,62,522,"2.2449999999999999E+001","1.143633E+002","62,5"
"1.143433E+002","2.2460000000000001E+001",5,61,521,"2.2449999999999999E+001","1.143533E+002","61,5"
"1.1433329999999999E+002","2.2460000000000001E+001",5,60,520,"2.2449999999999999E+001","1.143433E+002","60,5"
"1.142533E+002","2.241E+001",0,52,52,"2.2399999999999999E+001","1.142633E+002","52,0"
"1.143233E+002","2.2460000000000001E+001",5,59,519,"2.2449999999999999E+001","1.1433329999999999E+002","59,5"
"1.143133E+002","2.2460000000000001E+001",5,58,518,"2.2449999999999999E+001","1.143233E+002","58,5"
"1.1430329999999999E+002","2.2460000000000001E+001",5,57,517,"2.2449999999999999E+001","1.143133E+002","57,5"
"1.142933E+002","2.2460000000000001E+001",5,56,516,"2.2449999999999999E+001","1.1430329999999999E+002","56,5"
"1.142833E+002","2.2460000000000001E+001",5,55,515,"2.2449999999999999E+001","1.142933E+002","55,5"
"1.1427330000000001E+002","2.2460000000000001E+001",5,54,514,"2.2449999999999999E+001","1.142833E+002","54,5"
"1.142633E+002","2.2460000000000001E+001",5,53,513,"2.2449999999999999E+001","1.1427330000000001E+002","53,5"
"1.142533E+002","2.2460000000000001E+001",5,52,512,"2.2449999999999999E+001","1.142633E+002","52,5"
"1.142433E+002","2.2460000000000001E+001",5,51,511,"2.2449999999999999E+001","1.142533E+002","51,5"
"1.142333E+002","2.2460000000000001E+001",5,50,510,"2.2449999999999999E+001","1.142433E+002","50,5"
"1.142433E+002","2.241E+001",0,51,51,"2.2399999999999999E+001","1.142533E+002","51,0"
"1.145333E+002","2.257E+001",16,80,1552,"2.2559999999999999E+001","1.145433E+002","80,16"
"1.1452330000000001E+002","2.257E+001",16,79,1551,"2.2559999999999999E+001","1.145333E+002","79,16"
"1.145133E+002","2.257E+001",16,78,1550,"2.2559999999999999E+001","1.1452330000000001E+002","78,16"
"1.143633E+002","2.2420000000000002E+001",1,63,155,"2.241E+001","1.143733E+002","63,1"
"1.145033E+002","2.257E+001",16,77,1549,"2.2559999999999999E+001","1.145133E+002","77,16"
"1.144933E+002","2.257E+001",16,76,1548,"2.2559999999999999E+001","1.145033E+002","76,16"
"1.144833E+002","2.257E+001",16,75,1547,"2.2559999999999999E+001","1.144933E+002","75,16"
"1.1447329999999999E+002","2.257E+001",16,74,1546,"2.2559999999999999E+001","1.144833E+002","74,16"
"1.144633E+002","2.257E+001",16,73,1545,"2.2559999999999999E+001","1.1447329999999999E+002","73,16"
"1.144533E+002","2.257E+001",16,72,1544,"2.2559999999999999E+001","1.144633E+002","72,16"
"1.1444329999999999E+002","2.257E+001",16,71,1543,"2.2559999999999999E+001","1.144533E+002","71,16"
"1.144333E+002","2.257E+001",16,70,1542,"2.2559999999999999E+001","1.1444329999999999E+002","70,16"
"1.144233E+002","2.257E+001",16,69,1541,"2.2559999999999999E+001","1.144333E+002","69,16"
"1.1441330000000001E+002","2.257E+001",16,68,1540,"2.2559999999999999E+001","1.144233E+002","68,16"
"1.143533E+002","2.2420000000000002E+001",1,62,154,"2.241E+001","1.143633E+002","62,1"
"1.144033E+002","2.257E+001",16,67,1539,"2.2559999999999999E+001","1.1441330000000001E+002","67,16"
"1.143933E+002","2.257E+001",16,66,1538,"2.2559999999999999E+001","1.144033E+002","66,16"
"1.1438330000000001E+002","2.257E+001",16,65,1537,"2.2559999999999999E+001","1.143933E+002","65,16"
"1.143733E+002","2.257E+001",16,64,1536,"2.2559999999999999E+001","1.1438330000000001E+002","64,16"
"1.143633E+002","2.257E+001",16,63,1535,"2.2559999999999999E+001","1.143733E+002","63,16"
"1.143533E+002","2.257E+001",16,62,1534,"2.2559999999999999E+001","1.143633E+002","62,16"
"1.143433E+002","2.257E+001",16,61,1533,"2.2559999999999999E+001","1.143533E+002","61,16"
"1.1433329999999999E+002","2.257E+001",16,60,1532,"2.2559999999999999E+001","1.143433E+002","60,16"
"1.143233E+002","2.257E+001",16,59,1531,"2.2559999999999999E+001","1.1433329999999999E+002","59,16"
"1.143133E+002","2.257E+001",16,58,1530,"2.2559999999999999E+001","1.143233E+002","58,16"
"1.143433E+002","2.2420000000000002E+001",1,61,153,"2.241E+001","1.143533E+002","61,1"
"1.1430329999999999E+002","2.257E+001",16,57,1529,"2.2559999999999999E+001","1.143133E+002","57,16"
"1.142933E+002","2.257E+001",16,56,1528,"2.2559999999999999E+001","1.1430329999999999E+002","56,16"
"1.142833E+002","2.257E+001",16,55,1527,"2.2559999999999999E+001","1.142933E+002","55,16"
"1.1427330000000001E+002","2.257E+001",16,54,1526,"2.2559999999999999E+001","1.142833E+002","54,16"
"1.142633E+002","2.257E+001",16,53,1525,"2.2559999999999999E+001","1.1427330000000001E+002","53,16"
"1.142533E+002","2.257E+001",16,52,1524,"2.2559999999999999E+001","1.142633E+002","52,16"
"1.142433E+002","2.257E+001",16,51,1523,"2.2559999999999999E+001","1.142533E+002","51,16"
"1.142333E+002","2.257E+001",16,50,1522,"2.2559999999999999E+001","1.142433E+002","50,16"
"1.1422329999999999E+002","2.257E+001",16,49,1521,"2.2559999999999999E+001","1.142333E+002","49,16"
"1.142133E+002","2.257E+001",16,48,1520,"2.2559999999999999E+001","1.1422329999999999E+002","48,16"
"1.1433329999999999E+002","2.2420000000000002E+001",1,60,152,"2.241E+001","1.143433E+002","60,1"
"1.142033E+002","2.257E+001",16,47,1519,"2.2559999999999999E+001","1.142133E+002","47,16"
"1.1419329999999999E+002","2.257E+001",16,46,1518,"2.2559999999999999E+001","1.142033E+002","46,16"
"1.141833E+002","2.257E+001",16,45,1517,"2.2559999999999999E+001","1.1419329999999999E+002","45,16"
"1.141733E+002","2.257E+001",16,44,1516,"2.2559999999999999E+001","1.141833E+002","44,16"
"1.1416330000000001E+002","2.257E+001",16,43,1515,"2.2559999999999999E+001","1.141733E+002","43,16"
"1.141533E+002","2.257E+001",16,42,1514,"2.2559999999999999E+001","1.1416330000000001E+002","42,16"
"1.141433E+002","2.257E+001",16,41,1513,"2.2559999999999999E+001","1.141533E+002","41,16"
"1.1413330000000001E+002","2.257E+001",16,40,1512,"2.2559999999999999E+001","1.141433E+002","40,16"
"1.141233E+002","2.257E+001",16,39,1511,"2.2559999999999999E+001","1.1413330000000001E+002","39,16"
"1.141133E+002","2.257E+001",16,38,1510,"2.2559999999999999E+001","1.141233E+002","38,16"
"1.143233E+002","2.2420000000000002E+001",1,59,151,"2.241E+001","1.1433329999999999E+002","59,1"
"1.141033E+002","2.257E+001",16,37,1509,"2.2559999999999999E+001","1.141133E+002","37,16"
"1.140933E+002","2.257E+001",16,36,1508,"2.2559999999999999E+001","1.141033E+002","36,16"
"1.1408329999999999E+002","2.257E+001",16,35,1507,"2.2559999999999999E+001","1.140933E+002","35,16"
"1.140733E+002","2.257E+001",16,34,1506,"2.2559999999999999E+001","1.1408329999999999E+002","34,16"
"1.140633E+002","2.257E+001",16,33,1505,"2.2559999999999999E+001","1.140733E+002","33,16"
"1.1405329999999999E+002","2.257E+001",16,32,1504,"2.2559999999999999E+001","1.140633E+002","32,16"
"1.140433E+002","2.257E+001",16,31,1503,"2.2559999999999999E+001","1.1405329999999999E+002","31,16"
"1.140333E+002","2.257E+001",16,30,1502,"2.2559999999999999E+001","1.140433E+002","30,16"
"1.1402330000000001E+002","2.257E+001",16,29,1501,"2.2559999999999999E+001","1.140333E+002","29,16"
"1.140133E+002","2.257E+001",16,28,1500,"2.2559999999999999E+001","1.1402330000000001E+002","28,16"
"1.143133E+002","2.2420000000000002E+001",1,58,150,"2.241E+001","1.143233E+002","58,1"
"1.1388330000000001E+002","2.241E+001",0,15,15,"2.2399999999999999E+001","1.138933E+002","15,0"
"1.140033E+002","2.257E+001",16,27,1499,"2.2559999999999999E+001","1.140133E+002","27,16"
"1.139933E+002","2.257E+001",16,26,1498,"2.2559999999999999E+001","1.140033E+002","26,16"
"1.139833E+002","2.257E+001",16,25,1497,"2.2559999999999999E+001","1.139933E+002","25,16"
"1.1397329999999999E+002","2.257E+001",16,24,1496,"2.2559999999999999E+001","1.139833E+002","24,16"
"1.139633E+002","2.257E+001",16,23,1495,"2.2559999999999999E+001","1.1397329999999999E+002","23,16"
"1.139533E+002","2.257E+001",16,22,1494,"2.2559999999999999E+001","1.139633E+002","22,16"
"1.1394329999999999E+002","2.257E+001",16,21,1493,"2.2559999999999999E+001","1.139533E+002","21,16"
"1.1408329999999999E+002","2.2780000000000001E+001",37,35,3439,"2.277E+001","1.140933E+002","35,37"
"1.140733E+002","2.2780000000000001E+001",37,34,3438,"2.277E+001","1.1408329999999999E+002","34,37"
"1.140633E+002","2.2780000000000001E+001",37,33,3437,"2.277E+001","1.140733E+002","33,37"
"1.1405329999999999E+002","2.2780000000000001E+001",37,32,3436,"2.277E+001","1.140633E+002","32,37"
"1.140433E+002","2.2780000000000001E+001",37,31,3435,"2.277E+001","1.1405329999999999E+002","31,37"
"1.140333E+002","2.2780000000000001E+001",37,30,3434,"2.277E+001","1.140433E+002","30,37"
"1.1402330000000001E+002","2.2780000000000001E+001",37,29,3433,"2.277E+001","1.140333E+002","29,37"
"1.140133E+002","2.2780000000000001E+001",37,28,3432,"2.277E+001","1.1402330000000001E+002","28,37"
"1.140033E+002","2.2780000000000001E+001",37,27,3431,"2.277E+001","1.140133E+002","27,37"
"1.139933E+002","2.2780000000000001E+001",37,26,3430,"2.277E+001","1.140033E+002","26,37"
"1.144033E+002","2.2440000000000001E+001",3,67,343,"2.243E+001","1.1441330000000001E+002","67,3"
"1.139833E+002","2.2780000000000001E+001",37,25,3429,"2.277E+001","1.139933E+002","25,37"
"1.1397329999999999E+002","2.2780000000000001E+001",37,24,3428,"2.277E+001","1.139833E+002","24,37"
"1.139633E+002","2.2780000000000001E+001",37,23,3427,"2.277E+001","1.1397329999999999E+002","23,37"
"1.139533E+002","2.2780000000000001E+001",37,22,3426,"2.277E+001","1.139633E+002","22,37"
"1.1394329999999999E+002","2.2780000000000001E+001",37,21,3425,"2.277E+001","1.139533E+002","21,37"
"1.139333E+002","2.2780000000000001E+001",37,20,3424,"2.277E+001","1.1394329999999999E+002","20,37"
"1.139233E+002","2.2780000000000001E+001",37,19,3423,"2.277E+001","1.139333E+002","19,37"
"1.1391330000000001E+002","2.2780000000000001E+001",37,18,3422,"2.277E+001","1.139233E+002","18,37"
"1.139033E+002","2.2780000000000001E+001",37,17,3421,"2.277E+001","1.1391330000000001E+002","17,37"
"1.138933E+002","2.2780000000000001E+001",37,16,3420,"2.277E+001","1.139033E+002","16,37"
"1.143933E+002","2.2440000000000001E+001",3,66,342,"2.243E+001","1.144033E+002","66,3"
"1.1388330000000001E+002","2.2780000000000001E+001",37,15,3419,"2.277E+001","1.138933E+002","15,37"
"1.138733E+002","2.2780000000000001E+001",37,14,3418,"2.277E+001","1.1388330000000001E+002","14,37"
"1.138633E+002","2.2780000000000001E+001",37,13,3417,"2.277E+001","1.138733E+002","13,37"
"1.138533E+002","2.2780000000000001E+001",37,12,3416,"2.277E+001","1.138633E+002","12,37"
"1.138433E+002","2.2780000000000001E+001",37,11,3415,"2.277E+001","1.138533E+002","11,37"
"1.1383329999999999E+002","2.2780000000000001E+001",37,10,3414,"2.277E+001","1.138433E+002","10,37"
"1.138233E+002","2.2780000000000001E+001",37,9,3413,"2.277E+001","1.1383329999999999E+002","9,37"
"1.138133E+002","2.2780000000000001E+001",37,8,3412,"2.277E+001","1.138233E+002","8,37"
"1.1380329999999999E+002","2.2780000000000001E+001",37,7,3411,"2.277E+001","1.138133E+002","7,37"
"1.137933E+002","2.2780000000000001E+001",37,6,3410,"2.277E+001","1.1380329999999999E+002","6,37"
"1.1438330000000001E+002","2.2440000000000001E+001",3,65,341,"2.243E+001","1.143933E+002","65,3"
"1.137833E+002","2.2780000000000001E+001",37,5,3409,"2.277E+001","1.137933E+002","5,37"
"1.1377330000000001E+002","2.2780000000000001E+001",37,4,3408,"2.277E+001","1.137833E+002","4,37"
"1.137633E+002","2.2780000000000001E+001",37,3,3407,"2.277E+001","1.1377330000000001E+002","3,37"
"1.137533E+002","2.2780000000000001E+001",37,2,3406,"2.277E+001","1.137633E+002","2,37"
"1.137433E+002","2.2780000000000001E+001",37,1,3405,"2.277E+001","1.137533E+002","1,37"
"1.137333E+002","2.2780000000000001E+001",37,0,3404,"2.277E+001","1.137433E+002","0,37"
"1.146433E+002","2.277E+001",36,91,3403,"2.2760000000000002E+001","1.146533E+002","91,36"
"1.1463330000000001E+002","2.277E+001",36,90,3402,"2.2760000000000002E+001","1.146433E+002","90,36"
"1.146233E+002","2.277E+001",36,89,3401,"2.2760000000000002E+001","1.1463330000000001E+002","89,36"
"1.146133E+002","2.277E+001",36,88,3400,"2.2760000000000002E+001","1.146233E+002","88,36"
"1.143733E+002","2.2440000000000001E+001",3,64,340,"2.243E+001","1.1438330000000001E+002","64,3"
"1.140733E+002","2.241E+001",0,34,34,"2.2399999999999999E+001","1.1408329999999999E+002","34,0"
"1.146033E+002","2.277E+001",36,87,3399,"2.2760000000000002E+001","1.146133E+002","87,36"
"1.145933E+002","2.277E+001",36,86,3398,"2.2760000000000002E+001","1.146033E+002","86,36"
"1.1458329999999999E+002","2.277E+001",36,85,3397,"2.2760000000000002E+001","1.145933E+002","85,36"
"1.145733E+002","2.277E+001",36,84,3396,"2.2760000000000002E+001","1.1458329999999999E+002","84,36"
"1.145633E+002","2.277E+001",36,83,3395,"2.2760000000000002E+001","1.145733E+002","83,36"
"1.1455329999999999E+002","2.277E+001",36,82,3394,"2.2760000000000002E+001","1.145633E+002","82,36"
"1.145433E+002","2.277E+001",36,81,3393,"2.2760000000000002E+001","1.1455329999999999E+002","81,36"
"1.145333E+002","2.277E+001",36,80,3392,"2.2760000000000002E+001","1.145433E+002","80,36"
"1.1452330000000001E+002","2.277E+001",36,79,3391,"2.2760000000000002E+001","1.145333E+002","79,36"
"1.145133E+002","2.277E+001",36,78,3390,"2.2760000000000002E+001","1.1452330000000001E+002","78,36"
"1.143633E+002","2.2440000000000001E+001",3,63,339,"2.243E+001","1.143733E+002","63,3"
"1.145033E+002","2.277E+001",36,77,3389,"2.2760000000000002E+001","1.145133E+002","77,36"
"1.144933E+002","2.277E+001",36,76,3388,"2.2760000000000002E+001","1.145033E+002","76,36"
"1.144833E+002","2.277E+001",36,75,3387,"2.2760000000000002E+001","1.144933E+002","75,36"
"1.1447329999999999E+002","2.277E+001",36,74,3386,"2.2760000000000002E+001","1.144833E+002","74,36"
"1.144633E+002","2.277E+001",36,73,3385,"2.2760000000000002E+001","1.1447329999999999E+002","73,36"
"1.144533E+002","2.277E+001",36,72,3384,"2.2760000000000002E+001","1.144633E+002","72,36"
"1.1444329999999999E+002","2.277E+001",36,71,3383,"2.2760000000000002E+001","1.144533E+002","71,36"
"1.144333E+002","2.277E+001",36,70,3382,"2.2760000000000002E+001","1.1444329999999999E+002","70,36"
"1.144233E+002","2.277E+001",36,69,3381,"2.2760000000000002E+001","1.144333E+002","69,36"
"1.1441330000000001E+002","2.277E+001",36,68,3380,"2.2760000000000002E+001","1.144233E+002","68,36"
"1.143533E+002","2.2440000000000001E+001",3,62,338,"2.243E+001","1.143633E+002","62,3"
"1.144033E+002","2.277E+001",36,67,3379,"2.2760000000000002E+001","1.1441330000000001E+002","67,36"
"1.145733E+002","2.2829999999999998E+001",42,84,3948,"2.282E+001","1.1458329999999999E+002","84,42"
"1.145633E+002","2.2829999999999998E+001",42,83,3947,"2.282E+001","1.145733E+002","83,42"
"1.1455329999999999E+002","2.2829999999999998E+001",42,82,3946,"2.282E+001","1.145633E+002","82,42"
"1.145433E+002","2.2829999999999998E+001",42,81,3945,"2.282E+001","1.1455329999999999E+002","81,42"
"1.145333E+002","2.2829999999999998E+001",42,80,3944,"2.282E+001","1.145433E+002","80,42"
"1.1452330000000001E+002","2.2829999999999998E+001",42,79,3943,"2.282E+001","1.145333E+002","79,42"
"1.145133E+002","2.2829999999999998E+001",42,78,3942,"2.282E+001","1.1452330000000001E+002","78,42"
"1.145033E+002","2.2829999999999998E+001",42,77,3941,"2.282E+001","1.145133E+002","77,42"
"1.144933E+002","2.2829999999999998E+001",42,76,3940,"2.282E+001","1.145033E+002","76,42"
"1.139933E+002","2.2449999999999999E+001",4,26,394,"2.2440000000000001E+001","1.140033E+002","26,4"
"1.144833E+002","2.2829999999999998E+001",42,75,3939,"2.282E+001","1.144933E+002","75,42"
"1.1447329999999999E+002","2.2829999999999998E+001",42,74,3938,"2.282E+001","1.144833E+002","74,42"
"1.144633E+002","2.2829999999999998E+001",42,73,3937,"2.282E+001","1.1447329999999999E+002","73,42"
"1.144533E+002","2.2829999999999998E+001",42,72,3936,"2.282E+001","1.144633E+002","72,42"
"1.1444329999999999E+002","2.2829999999999998E+001",42,71,3935,"2.282E+001","1.144533E+002","71,42"
"1.144333E+002","2.2829999999999998E+001",42,70,3934,"2.282E+001","1.1444329999999999E+002","70,42"
"1.144233E+002","2.2829999999999998E+001",42,69,3933,"2.282E+001","1.144333E+002","69,42"
"1.1441330000000001E+002","2.2829999999999998E+001",42,68,3932,"2.282E+001","1.144233E+002","68,42"
"1.144033E+002","2.2829999999999998E+001",42,67,3931,"2.282E+001","1.1441330000000001E+002","67,42"
"1.143933E+002","2.2829999999999998E+001",42,66,3930,"2.282E+001","1.144033E+002","66,42"
"1.139833E+002","2.2449999999999999E+001",4,25,393,"2.2440000000000001E+001","1.139933E+002","25,4"
"1.1438330000000001E+002","2.2829999999999998E+001",42,65,3929,"2.282E+001","1.143933E+002","65,42"
"1.143733E+002","2.2829999999999998E+001",42,64,3928,"2.282E+001","1.1438330000000001E+002","64,42"
"1.143633E+002","2.2829999999999998E+001",42,63,3927,"2.282E+001","1.143733E+002","63,42"
"1.143533E+002","2.2829999999999998E+001",42,62,3926,"2.282E+001","1.143633E+002","62,42"
"1.143433E+002","2.2829999999999998E+001",42,61,3925,"2.282E+001","1.143533E+002","61,42"
"1.1433329999999999E+002","2.2829999999999998E+001",42,60,3924,"2.282E+001","1.143433E+002","60,42"
"1.143233E+002","2.2829999999999998E+001",42,59,3923,"2.282E+001","1.1433329999999999E+002","59,42"
"1.143133E+002","2.2829999999999998E+001",42,58,3922,"2.282E+001","1.143233E+002","58,42"
"1.1430329999999999E+002","2.2829999999999998E+001",42,57,3921,"2.282E+001","1.143133E+002","57,42"
"1.142933E+002","2.2829999999999998E+001",42,56,3920,"2.282E+001","1.1430329999999999E+002","56,42"
"1.1397329999999999E+002","2.2449999999999999E+001",4,24,392,"2.2440000000000001E+001","1.139833E+002","24,4"
"1.142833E+002","2.2829999999999998E+001",42,55,3919,"2.282E+001","1.142933E+002","55,42"
"1.1427330000000001E+002","2.2829999999999998E+001",42,54,3918,"2.282E+001","1.142833E+002","54,42"
"1.142633E+002","2.2829999999999998E+001",42,53,3917,"2.282E+001","1.1427330000000001E+002","53,42"
"1.142533E+002","2.2829999999999998E+001",42,52,3916,"2.282E+001","1.142633E+002","52,42"
"1.142433E+002","2.2829999999999998E+001",42,51,3915,"2.282E+001","1.142533E+002","51,42"
"1.142333E+002","2.2829999999999998E+001",42,50,3914,"2.282E+001","1.142433E+002","50,42"
"1.1422329999999999E+002","2.2829999999999998E+001",42,49,3913,"2.282E+001","1.142333E+002","49,42"
"1.142133E+002","2.2829999999999998E+001",42,48,3912,"2.282E+001","1.1422329999999999E+002","48,42"
"1.142033E+002","2.2829999999999998E+001",42,47,3911,"2.282E+001","1.142133E+002","47,42"
"1.1419329999999999E+002","2.2829999999999998E+001",42,46,3910,"2.282E+001","1.142033E+002","46,42"
"1.139633E+002","2.2449999999999999E+001",4,23,391,"2.2440000000000001E+001","1.1397329999999999E+002","23,4"
"1.141833E+002","2.2829999999999998E+001",42,45,3909,"2.282E+001","1.1419329999999999E+002","45,42"
"1.141733E+002","2.2829999999999998E+001",42,44,3908,"2.282E+001","1.141833E+002","44,42"
"1.1416330000000001E+002","2.2829999999999998E+001",42,43,3907,"2.282E+001","1.141733E+002","43,42"
"1.141533E+002","2.2829999999999998E+001",42,42,3906,"2.282E+001","1.1416330000000001E+002","42,42"
"1.141433E+002","2.2829999999999998E+001",42,41,3905,"2.282E+001","1.141533E+002","41,42"
"1.1413330000000001E+002","2.2829999999999998E+001",42,40,3904,"2.282E+001","1.141433E+002","40,42"
"1.141233E+002","2.2829999999999998E+001",42,39,3903,"2.282E+001","1.1413330000000001E+002","39,42"
"1.141133E+002","2.2829999999999998E+001",42,38,3902,"2.282E+001","1.141233E+002","38,42"
"1.141033E+002","2.2829999999999998E+001",42,37,3901,"2.282E+001","1.141133E+002","37,42"
"1.140933E+002","2.2829999999999998E+001",42,36,3900,"2.282E+001","1.141033E+002","36,42"
"1.139533E+002","2.2449999999999999E+001",4,22,390,"2.2440000000000001E+001","1.139633E+002","22,4"
"1.141233E+002","2.241E+001",0,39,39,"2.2399999999999999E+001","1.1413330000000001E+002","39,0"
"1.1408329999999999E+002","2.2829999999999998E+001",42,35,3899,"2.282E+001","1.140933E+002","35,42"
"1.140733E+002","2.2829999999999998E+001",42,34,3898,"2.282E+001","1.1408329999999999E+002","34,42"
"1.140633E+002","2.2829999999999998E+001",42,33,3897,"2.282E+001","1.140733E+002","33,42"
"1.1405329999999999E+002","2.2829999999999998E+001",42,32,3896,"2.282E+001","1.140633E+002","32,42"
"1.140433E+002","2.2829999999999998E+001",42,31,3895,"2.282E+001","1.1405329999999999E+002","31,42"
"1.140333E+002","2.2829999999999998E+001",42,30,3894,"2.282E+001","1.140433E+002","30,42"
"1.1402330000000001E+002","2.2829999999999998E+001",42,29,3893,"2.282E+001","1.140333E+002","29,42"
"1.140133E+002","2.2829999999999998E+001",42,28,3892,"2.282E+001","1.1402330000000001E+002","28,42"
"1.140033E+002","2.2829999999999998E+001",42,27,3891,"2.282E+001","1.140133E+002","27,42"
"1.139933E+002","2.2829999999999998E+001",42,26,3890,"2.282E+001","1.140033E+002","26,42"
"1.1394329999999999E+002","2.2449999999999999E+001",4,21,389,"2.2440000000000001E+001","1.139533E+002","21,4"
"1.139833E+002","2.2829999999999998E+001",42,25,3889,"2.282E+001","1.139933E+002","25,42"
"1.140433E+002","2.2489999999999998E+001",8,31,767,"2.248E+001","1.1405329999999999E+002","31,8"
"1.140333E+002","2.2489999999999998E+001",8,30,766,"2.248E+001","1.140433E+002","30,8"
"1.1402330000000001E+002","2.2489999999999998E+001",8,29,765,"2.248E+001","1.140333E+002","29,8"
"1.140133E+002","2.2489999999999998E+001",8,28,764,"2.248E+001","1.1402330000000001E+002","28,8"
"1.140033E+002","2.2489999999999998E+001",8,27,763,"2.248E+001","1.140133E+002","27,8"
"1.139933E+002","2.2489999999999998E+001",8,26,762,"2.248E+001","1.140033E+002","26,8"
"1.139833E+002","2.2489999999999998E+001",8,25,761,"2.248E+001","1.139933E+002","25,8"
"1.1397329999999999E+002","2.2489999999999998E+001",8,24,760,"2.248E+001","1.139833E+002","24,8"
"1.144933E+002","2.241E+001",0,76,76,"2.2399999999999999E+001","1.145033E+002","76,0"
"1.139633E+002","2.2489999999999998E+001",8,23,759,"2.248E+001","1.1397329999999999E+002","23,8"
"1.139533E+002","2.2489999999999998E+001",8,22,758,"2.248E+001","1.139633E+002","22,8"
"1.1394329999999999E+002","2.2489999999999998E+001",8,21,757,"2.248E+001","1.139533E+002","21,8"
"1.139333E+002","2.2489999999999998E+001",8,20,756,"2.248E+001","1.1394329999999999E+002","20,8"
"1.139233E+002","2.2489999999999998E+001",8,19,755,"2.248E+001","1.139333E+002","19,8"
"1.1391330000000001E+002","2.2489999999999998E+001",8,18,754,"2.248E+001","1.139233E+002","18,8"
"1.139033E+002","2.2489999999999998E+001",8,17,753,"2.248E+001","1.1391330000000001E+002","17,8"
"1.138933E+002","2.2489999999999998E+001",8,16,752,"2.248E+001","1.139033E+002","16,8"
"1.1388330000000001E+002","2.2489999999999998E+001",8,15,751,"2.248E+001","1.138933E+002","15,8"
"1.138733E+002","2.2489999999999998E+001",8,14,750,"2.248E+001","1.1388330000000001E+002","14,8"
"1.144833E+002","2.241E+001",0,75,75,"2.2399999999999999E+001","1.144933E+002","75,0"
"1.145033E+002","2.2800000000000001E+001",39,77,3665,"2.2789999999999999E+001","1.145133E+002","77,39"
"1.144933E+002","2.2800000000000001E+001",39,76,3664,"2.2789999999999999E+001","1.145033E+002","76,39"
"1.144833E+002","2.2800000000000001E+001",39,75,3663,"2.2789999999999999E+001","1.144933E+002","75,39"
"1.1447329999999999E+002","2.2800000000000001E+001",39,74,3662,"2.2789999999999999E+001","1.144833E+002","74,39"
"1.144633E+002","2.2800000000000001E+001",39,73,3661,"2.2789999999999999E+001","1.1447329999999999E+002","73,39"
"1.144533E+002","2.2800000000000001E+001",39,72,3660,"2.2789999999999999E+001","1.144633E+002","72,39"
"1.1463330000000001E+002","2.2440000000000001E+001",3,90,366,"2.243E+001","1.146433E+002","90,3"
"1.1444329999999999E+002","2.2800000000000001E+001",39,71,3659,"2.2789999999999999E+001","1.144533E+002","71,39"
"1.144333E+002","2.2800000000000001E+001",39,70,3658,"2.2789999999999999E+001","1.1444329999999999E+002","70,39"
"1.144233E+002","2.2800000000000001E+001",39,69,3657,"2.2789999999999999E+001","1.144333E+002","69,39"
"1.1441330000000001E+002","2.2800000000000001E+001",39,68,3656,"2.2789999999999999E+001","1.144233E+002","68,39"
"1.144033E+002","2.2800000000000001E+001",39,67,3655,"2.2789999999999999E+001","1.1441330000000001E+002","67,39"
"1.143933E+002","2.2800000000000001E+001",39,66,3654,"2.2789999999999999E+001","1.144033E+002","66,39"
"1.1438330000000001E+002","2.2800000000000001E+001",39,65,3653,"2.2789999999999999E+001","1.143933E+002","65,39"
"1.143733E+002","2.2800000000000001E+001",39,64,3652,"2.2789999999999999E+001","1.1438330000000001E+002","64,39"
"1.143633E+002","2.2800000000000001E+001",39,63,3651,"2.2789999999999999E+001","1.143733E+002","63,39"
"1.143533E+002","2.2800000000000001E+001",39,62,3650,"2.2789999999999999E+001","1.143633E+002","62,39"
"1.146233E+002","2.2440000000000001E+001",3,89,365,"2.243E+001","1.1463330000000001E+002","89,3"
"1.143433E+002","2.2800000000000001E+001",39,61,3649,"2.2789999999999999E+001","1.143533E+002","61,39"
"1.1433329999999999E+002","2.2800000000000001E+001",39,60,3648,"2.2789999999999999E+001","1.143433E+002","60,39"
"1.143233E+002","2.2800000000000001E+001",39,59,3647,"2.2789999999999999E+001","1.1433329999999999E+002","59,39"
"1.143133E+002","2.2800000000000001E+001",39,58,3646,"2.2789999999999999E+001","1.143233E+002","58,39"
"1.1430329999999999E+002","2.2800000000000001E+001",39,57,3645,"2.2789999999999999E+001","1.143133E+002","57,39"
"1.142933E+002","2.2800000000000001E+001",39,56,3644,"2.2789999999999999E+001","1.1430329999999999E+002","56,39"
"1.142833E+002","2.2800000000000001E+001",39,55,3643,"2.2789999999999999E+001","1.142933E+002","55,39"
"1.1427330000000001E+002","2.2800000000000001E+001",39,54,3642,"2.2789999999999999E+001","1.142833E+002","54,39"
"1.142633E+002","2.2800000000000001E+001",39,53,3641,"2.2789999999999999E+001","1.1427330000000001E+002","53,39"
"1.142533E+002","2.2800000000000001E+001",39,52,3640,"2.2789999999999999E+001","1.142633E+002","52,39"
"1.146133E+002","2.2440000000000001E+001",3,88,364,"2.243E+001","1.146233E+002","88,3"
"1.142433E+002","2.2800000000000001E+001",39,51,3639,"2.2789999999999999E+001","1.142533E+002","51,39"
"1.142333E+002","2.2800000000000001E+001",39,50,3638,"2.2789999999999999E+001","1.142433E+002","50,39"
"1.1422329999999999E+002","2.2800000000000001E+001",39,49,3637,"2.2789999999999999E+001","1.142333E+002","49,39"
"1.142133E+002","2.2800000000000001E+001",39,48,3636,"2.2789999999999999E+001","1.1422329999999999E+002","48,39"
"1.142033E+002","2.2800000000000001E+001",39,47,3635,"2.2789999999999999E+001","1.142133E+002","47,39"
"1.1419329999999999E+002","2.2800000000000001E+001",39,46,3634,"2.2789999999999999E+001","1.142033E+002","46,39"
"1.141833E+002","2.2800000000000001E+001",39,45,3633,"2.2789999999999999E+001","1.1419329999999999E+002","45,39"
"1.141733E+002","2.2800000000000001E+001",39,44,3632,"2.2789999999999999E+001","1.141833E+002","44,39"
"1.1416330000000001E+002","2.2800000000000001E+001",39,43,3631,"2.2789999999999999E+001","1.141733E+002","43,39"
"1.141533E+002","2.2800000000000001E+001",39,42,3630,"2.2789999999999999E+001","1.1416330000000001E+002","42,39"
"1.146033E+002","2.2440000000000001E+001",3,87,363,"2.243E+001","1.146133E+002","87,3"
"1.141433E+002","2.2800000000000001E+001",39,41,3629,"2.2789999999999999E+001","1.141533E+002","41,39"
"1.1413330000000001E+002","2.2800000000000001E+001",39,40,3628,"2.2789999999999999E+001","1.141433E+002","40,39"
"1.141233E+002","2.2800000000000001E+001",39,39,3627,"2.2789999999999999E+001","1.1413330000000001E+002","39,39"
"1.141133E+002","2.2800000000000001E+001",39,38,3626,"2.2789999999999999E+001","1.141233E+002","38,39"
"1.141033E+002","2.2800000000000001E+001",39,37,3625,"2.2789999999999999E+001","1.141133E+002","37,39"
"1.140933E+002","2.2800000000000001E+001",39,36,3624,"2.2789999999999999E+001","1.141033E+002","36,39"
"1.1408329999999999E+002","2.2800000000000001E+001",39,35,3623,"2.2789999999999999E+001","1.140933E+002","35,39"
"1.140733E+002","2.2800000000000001E+001",39,34,3622,"2.2789999999999999E+001","1.1408329999999999E+002","34,39"
"1.1441330000000001E+002","2.2710000000000001E+001",30,68,2828,"2.2699999999999999E+001","1.144233E+002","68,30"
"1.144033E+002","2.2710000000000001E+001",30,67,2827,"2.2699999999999999E+001","1.1441330000000001E+002","67,30"
"1.143933E+002","2.2710000000000001E+001",30,66,2826,"2.2699999999999999E+001","1.144033E+002","66,30"
"1.1438330000000001E+002","2.2710000000000001E+001",30,65,2825,"2.2699999999999999E+001","1.143933E+002","65,30"
"1.143733E+002","2.2710000000000001E+001",30,64,2824,"2.2699999999999999E+001","1.1438330000000001E+002","64,30"
"1.143633E+002","2.2710000000000001E+001",30,63,2823,"2.2699999999999999E+001","1.143733E+002","63,30"
"1.143533E+002","2.2710000000000001E+001",30,62,2822,"2.2699999999999999E+001","1.143633E+002","62,30"
"1.143433E+002","2.2710000000000001E+001",30,61,2821,"2.2699999999999999E+001","1.143533E+002","61,30"
"1.1433329999999999E+002","2.2710000000000001E+001",30,60,2820,"2.2699999999999999E+001","1.143433E+002","60,30"
"1.137933E+002","2.2440000000000001E+001",3,6,282,"2.243E+001","1.1380329999999999E+002","6,3"
"1.143233E+002","2.2710000000000001E+001",30,59,2819,"2.2699999999999999E+001","1.1433329999999999E+002","59,30"
"1.143133E+002","2.2710000000000001E+001",30,58,2818,"2.2699999999999999E+001","1.143233E+002","58,30"
"1.1430329999999999E+002","2.2710000000000001E+001",30,57,2817,"2.2699999999999999E+001","1.143133E+002","57,30"
"1.142933E+002","2.2710000000000001E+001",30,56,2816,"2.2699999999999999E+001","1.1430329999999999E+002","56,30"
"1.142833E+002","2.2710000000000001E+001",30,55,2815,"2.2699999999999999E+001","1.142933E+002","55,30"
"1.1427330000000001E+002","2.2710000000000001E+001",30,54,2814,"2.2699999999999999E+001","1.142833E+002","54,30"
"1.142633E+002","2.2710000000000001E+001",30,53,2813,"2.2699999999999999E+001","1.1427330000000001E+002","53,30"
"1.142533E+002","2.2710000000000001E+001",30,52,2812,"2.2699999999999999E+001","1.142633E+002","52,30"
"1.142433E+002","2.2710000000000001E+001",30,51,2811,"2.2699999999999999E+001","1.142533E+002","51,30"
"1.142333E+002","2.2710000000000001E+001",30,50,2810,"2.2699999999999999E+001","1.142433E+002","50,30"
"1.137833E+002","2.2440000000000001E+001",3,5,281,"2.243E+001","1.137933E+002","5,3"
"1.1422329999999999E+002","2.2710000000000001E+001",30,49,2809,"2.2699999999999999E+001","1.142333E+002","49,30"
"1.142133E+002","2.2710000000000001E+001",30,48,2808,"2.2699999999999999E+001","1.1422329999999999E+002","48,30"
"1.142033E+002","2.2710000000000001E+001",30,47,2807,"2.2699999999999999E+001","1.142133E+002","47,30"
"1.1419329999999999E+002","2.2710000000000001E+001",30,46,2806,"2.2699999999999999E+001","1.142033E+002","46,30"
"1.141833E+002","2.2710000000000001E+001",30,45,2805,"2.2699999999999999E+001","1.1419329999999999E+002","45,30"
"1.141733E+002","2.2710000000000001E+001",30,44,2804,"2.2699999999999999E+001","1.141833E+002","44,30"
"1.1416330000000001E+002","2.2710000000000001E+001",30,43,2803,"2.2699999999999999E+001","1.141733E+002","43,30"
"1.141533E+002","2.2710000000000001E+001",30,42,2802,"2.2699999999999999E+001","1.1416330000000001E+002","42,30"
"1.141433E+002","2.2710000000000001E+001",30,41,2801,"2.2699999999999999E+001","1.141533E+002","41,30"
"1.1413330000000001E+002","2.2710000000000001E+001",30,40,2800,"2.2699999999999999E+001","1.141433E+002","40,30"
"1.1377330000000001E+002","2.2440000000000001E+001",3,4,280,"2.243E+001","1.137833E+002","4,3"
"1.140133E+002","2.241E+001",0,28,28,"2.2399999999999999E+001","1.1402330000000001E+002","28,0"
"1.141233E+002","2.2710000000000001E+001",30,39,2799,"2.2699999999999999E+001","1.1413330000000001E+002","39,30"
"1.141133E+002","2.2710000000000001E+001",30,38,2798,"2.2699999999999999E+001","1.141233E+002","38,30"
"1.141033E+002","2.2710000000000001E+001",30,37,2797,"2.2699999999999999E+001","1.141133E+002","37,30"
"1.140933E+002","2.2710000000000001E+001",30,36,2796,"2.2699999999999999E+001","1.141033E+002","36,30"
"1.1408329999999999E+002","2.2710000000000001E+001",30,35,2795,"2.2699999999999999E+001","1.140933E+002","35,30"
"1.140733E+002","2.2710000000000001E+001",30,34,2794,"2.2699999999999999E+001","1.1408329999999999E+002","34,30"
"1.140633E+002","2.2710000000000001E+001",30,33,2793,"2.2699999999999999E+001","1.140733E+002","33,30"
"1.1405329999999999E+002","2.2710000000000001E+001",30,32,2792,"2.2699999999999999E+001","1.140633E+002","32,30"
"1.140433E+002","2.2710000000000001E+001",30,31,2791,"2.2699999999999999E+001","1.1405329999999999E+002","31,30"
"1.140333E+002","2.2710000000000001E+001",30,30,2790,"2.2699999999999999E+001","1.140433E+002","30,30"
"1.137633E+002","2.2440000000000001E+001",3,3,279,"2.243E+001","1.1377330000000001E+002","3,3"
"1.1402330000000001E+002","2.2710000000000001E+001",30,29,2789,"2.2699999999999999E+001","1.140333E+002","29,30"
"1.140133E+002","2.2710000000000001E+001",30,28,2788,"2.2699999999999999E+001","1.1402330000000001E+002","28,30"
"1.140033E+002","2.2710000000000001E+001",30,27,2787,"2.2699999999999999E+001","1.140133E+002","27,30"
"1.139933E+002","2.2710000000000001E+001",30,26,2786,"2.2699999999999999E+001","1.140033E+002","26,30"
"1.139833E+002","2.2710000000000001E+001",30,25,2785,"2.2699999999999999E+001","1.139933E+002","25,30"
"1.1397329999999999E+002","2.2710000000000001E+001",30,24,2784,"2.2699999999999999E+001","1.139833E+002","24,30"
"1.139633E+002","2.2710000000000001E+001",30,23,2783,"2.2699999999999999E+001","1.1397329999999999E+002","23,30"
"1.139533E+002","2.2710000000000001E+001",30,22,2782,"2.2699999999999999E+001","1.139633E+002","22,30"
"1.1394329999999999E+002","2.2710000000000001E+001",30,21,2781,"2.2699999999999999E+001","1.139533E+002","21,30"
"1.139333E+002","2.2710000000000001E+001",30,20,2780,"2.2699999999999999E+001","1.1394329999999999E+002","20,30"
"1.137533E+002","2.2440000000000001E+001",3,2,278,"2.243E+001","1.137633E+002","2,3"
"1.139233E+002","2.2710000000000001E+001",30,19,2779,"2.2699999999999999E+001","1.139333E+002","19,30"
"1.1391330000000001E+002","2.2710000000000001E+001",30,18,2778,"2.2699999999999999E+001","1.139233E+002","18,30"
"1.139033E+002","2.2710000000000001E+001",30,17,2777,"2.2699999999999999E+001","1.1391330000000001E+002","17,30"
"1.138933E+002","2.2710000000000001E+001",30,16,2776,"2.2699999999999999E+001","1.139033E+002","16,30"
"1.1388330000000001E+002","2.2710000000000001E+001",30,15,2775,"2.2699999999999999E+001","1.138933E+002","15,30"
"1.138733E+002","2.2710000000000001E+001",30,14,2774,"2.2699999999999999E+001","1.1388330000000001E+002","14,30"
"1.138633E+002","2.2710000000000001E+001",30,13,2773,"2.2699999999999999E+001","1.138733E+002","13,30"
"1.138533E+002","2.2710000000000001E+001",30,12,2772,"2.2699999999999999E+001","1.138633E+002","12,30"
"1.138433E+002","2.2710000000000001E+001",30,11,2771,"2.2699999999999999E+001","1.138533E+002","11,30"
"1.1383329999999999E+002","2.2710000000000001E+001",30,10,2770,"2.2699999999999999E+001","1.138433E+002","10,30"
"1.137433E+002","2.2440000000000001E+001",3,1,277,"2.243E+001","1.137533E+002","1,3"
"1.138233E+002","2.2710000000000001E+001",30,9,2769,"2.2699999999999999E+001","1.1383329999999999E+002","9,30"
"1.138133E+002","2.2710000000000001E+001",30,8,2768,"2.2699999999999999E+001","1.138233E+002","8,30"
"1.1405329999999999E+002","2.266E+001",25,32,2332,"2.2649999999999999E+001","1.140633E+002","32,25"
"1.140433E+002","2.266E+001",25,31,2331,"2.2649999999999999E+001","1.1405329999999999E+002","31,25"
"1.140333E+002","2.266E+001",25,30,2330,"2.2649999999999999E+001","1.140433E+002","30,25"
"1.1422329999999999E+002","2.243E+001",2,49,233,"2.2420000000000002E+001","1.142333E+002","49,2"
"1.1402330000000001E+002","2.266E+001",25,29,2329,"2.2649999999999999E+001","1.140333E+002","29,25"
"1.140133E+002","2.266E+001",25,28,2328,"2.2649999999999999E+001","1.1402330000000001E+002","28,25"
"1.140033E+002","2.266E+001",25,27,2327,"2.2649999999999999E+001","1.140133E+002","27,25"
"1.139933E+002","2.266E+001",25,26,2326,"2.2649999999999999E+001","1.140033E+002","26,25"
"1.139833E+002","2.266E+001",25,25,2325,"2.2649999999999999E+001","1.139933E+002","25,25"
"1.1397329999999999E+002","2.266E+001",25,24,2324,"2.2649999999999999E+001","1.139833E+002","24,25"
"1.139633E+002","2.266E+001",25,23,2323,"2.2649999999999999E+001","1.1397329999999999E+002","23,25"
"1.139533E+002","2.266E+001",25,22,2322,"2.2649999999999999E+001","1.139633E+002","22,25"
"1.1394329999999999E+002","2.266E+001",25,21,2321,"2.2649999999999999E+001","1.139533E+002","21,25"
"1.139333E+002","2.266E+001",25,20,2320,"2.2649999999999999E+001","1.1394329999999999E+002","20,25"
"1.142133E+002","2.243E+001",2,48,232,"2.2420000000000002E+001","1.1422329999999999E+002","48,2"
"1.139233E+002","2.266E+001",25,19,2319,"2.2649999999999999E+001","1.139333E+002","19,25"
"1.1391330000000001E+002","2.266E+001",25,18,2318,"2.2649999999999999E+001","1.139233E+002","18,25"
"1.139033E+002","2.266E+001",25,17,2317,"2.2649999999999999E+001","1.1391330000000001E+002","17,25"
"1.138933E+002","2.266E+001",25,16,2316,"2.2649999999999999E+001","1.139033E+002","16,25"
"1.1388330000000001E+002","2.266E+001",25,15,2315,"2.2649999999999999E+001","1.138933E+002","15,25"
"1.138733E+002","2.266E+001",25,14,2314,"2.2649999999999999E+001","1.1388330000000001E+002","14,25"
"1.138633E+002","2.266E+001",25,13,2313,"2.2649999999999999E+001","1.138733E+002","13,25"
"1.138533E+002","2.266E+001",25,12,2312,"2.2649999999999999E+001","1.138633E+002","12,25"
"1.138433E+002","2.266E+001",25,11,2311,"2.2649999999999999E+001","1.138533E+002","11,25"
"1.1383329999999999E+002","2.266E+001",25,10,2310,"2.2649999999999999E+001","1.138433E+002","10,25"
"1.142033E+002","2.243E+001",2,47,231,"2.2420000000000002E+001","1.142133E+002","47,2"
"1.138233E+002","2.266E+001",25,9,2309,"2.2649999999999999E+001","1.1383329999999999E+002","9,25"
"1.138133E+002","2.266E+001",25,8,2308,"2.2649999999999999E+001","1.138233E+002","8,25"
"1.1380329999999999E+002","2.266E+001",25,7,2307,"2.2649999999999999E+001","1.138133E+002","7,25"
"1.137933E+002","2.266E+001",25,6,2306,"2.2649999999999999E+001","1.1380329999999999E+002","6,25"
"1.137833E+002","2.266E+001",25,5,2305,"2.2649999999999999E+001","1.137933E+002","5,25"
"1.1377330000000001E+002","2.266E+001",25,4,2304,"2.2649999999999999E+001","1.137833E+002","4,25"
"1.137633E+002","2.266E+001",25,3,2303,"2.2649999999999999E+001","1.1377330000000001E+002","3,25"
"1.137533E+002","2.266E+001",25,2,2302,"2.2649999999999999E+001","1.137633E+002","2,25"
"1.137433E+002","2.266E+001",25,1,2301,"2.2649999999999999E+001","1.137533E+002","1,25"
"1.137333E+002","2.266E+001",25,0,2300,"2.2649999999999999E+001","1.137433E+002","0,25"
"1.1419329999999999E+002","2.243E+001",2,46,230,"2.2420000000000002E+001","1.142033E+002","46,2"
"1.139633E+002","2.241E+001",0,23,23,"2.2399999999999999E+001","1.1397329999999999E+002","23,0"
"1.146433E+002","2.2649999999999999E+001",24,91,2299,"2.2640000000000001E+001","1.146533E+002","91,24"
"1.1463330000000001E+002","2.2649999999999999E+001",24,90,2298,"2.2640000000000001E+001","1.146433E+002","90,24"
"1.146233E+002","2.2649999999999999E+001",24,89,2297,"2.2640000000000001E+001","1.1463330000000001E+002","89,24"
"1.146133E+002","2.2649999999999999E+001",24,88,2296,"2.2640000000000001E+001","1.146233E+002","88,24"
"1.146033E+002","2.2649999999999999E+001",24,87,2295,"2.2640000000000001E+001","1.146133E+002","87,24"
"1.145933E+002","2.2649999999999999E+001",24,86,2294,"2.2640000000000001E+001","1.146033E+002","86,24"
"1.1458329999999999E+002","2.2649999999999999E+001",24,85,2293,"2.2640000000000001E+001","1.145933E+002","85,24"
"1.145733E+002","2.2649999999999999E+001",24,84,2292,"2.2640000000000001E+001","1.1458329999999999E+002","84,24"
"1.145633E+002","2.2649999999999999E+001",24,83,2291,"2.2640000000000001E+001","1.145733E+002","83,24"
"1.1455329999999999E+002","2.2649999999999999E+001",24,82,2290,"2.2640000000000001E+001","1.145633E+002","82,24"
"1.141833E+002","2.243E+001",2,45,229,"2.2420000000000002E+001","1.1419329999999999E+002","45,2"
"1.145433E+002","2.2649999999999999E+001",24,81,2289,"2.2640000000000001E+001","1.1455329999999999E+002","81,24"
"1.145333E+002","2.2649999999999999E+001",24,80,2288,"2.2640000000000001E+001","1.145433E+002","80,24"
"1.1452330000000001E+002","2.2649999999999999E+001",24,79,2287,"2.2640000000000001E+001","1.145333E+002","79,24"
"1.145133E+002","2.2649999999999999E+001",24,78,2286,"2.2640000000000001E+001","1.1452330000000001E+002","78,24"
"1.145033E+002","2.2649999999999999E+001",24,77,2285,"2.2640000000000001E+001","1.145133E+002","77,24"
"1.144933E+002","2.2649999999999999E+001",24,76,2284,"2.2640000000000001E+001","1.145033E+002","76,24"
"1.144833E+002","2.2649999999999999E+001",24,75,2283,"2.2640000000000001E+001","1.144933E+002","75,24"
"1.1447329999999999E+002","2.2649999999999999E+001",24,74,2282,"2.2640000000000001E+001","1.144833E+002","74,24"
"1.144633E+002","2.2649999999999999E+001",24,73,2281,"2.2640000000000001E+001","1.1447329999999999E+002","73,24"
"1.144533E+002","2.2649999999999999E+001",24,72,2280,"2.2640000000000001E+001","1.144633E+002","72,24"
"1.141733E+002","2.243E+001",2,44,228,"2.2420000000000002E+001","1.141833E+002","44,2"
"1.1444329999999999E+002","2.2649999999999999E+001",24,71,2279,"2.2640000000000001E+001","1.144533E+002","71,24"
"1.144333E+002","2.2649999999999999E+001",24,70,2278,"2.2640000000000001E+001","1.1444329999999999E+002","70,24"
"1.144233E+002","2.2649999999999999E+001",24,69,2277,"2.2640000000000001E+001","1.144333E+002","69,24"
"1.1441330000000001E+002","2.2649999999999999E+001",24,68,2276,"2.2640000000000001E+001","1.144233E+002","68,24"
"1.144033E+002","2.2649999999999999E+001",24,67,2275,"2.2640000000000001E+001","1.1441330000000001E+002","67,24"
"1.143933E+002","2.2649999999999999E+001",24,66,2274,"2.2640000000000001E+001","1.144033E+002","66,24"
"1.1438330000000001E+002","2.2649999999999999E+001",24,65,2273,"2.2640000000000001E+001","1.143933E+002","65,24"
"1.143733E+002","2.2649999999999999E+001",24,64,2272,"2.2640000000000001E+001","1.1438330000000001E+002","64,24"
"1.145633E+002","2.241E+001",0,83,83,"2.2399999999999999E+001","1.145733E+002","83,0"
"1.137433E+002","2.25E+001",9,1,829,"2.2489999999999998E+001","1.137533E+002","1,9"
"1.137333E+002","2.25E+001",9,0,828,"2.2489999999999998E+001","1.137433E+002","0,9"
"1.146433E+002","2.2489999999999998E+001",8,91,827,"2.248E+001","1.146533E+002","91,8"
"1.1463330000000001E+002","2.2489999999999998E+001",8,90,826,"2.248E+001","1.146433E+002","90,8"
"1.146233E+002","2.2489999999999998E+001",8,89,825,"2.248E+001","1.1463330000000001E+002","89,8"
"1.146133E+002","2.2489999999999998E+001",8,88,824,"2.248E+001","1.146233E+002","88,8"
"1.146033E+002","2.2489999999999998E+001",8,87,823,"2.248E+001","1.146133E+002","87,8"
"1.145933E+002","2.2489999999999998E+001",8,86,822,"2.248E+001","1.146033E+002","86,8"
"1.1458329999999999E+002","2.2489999999999998E+001",8,85,821,"2.248E+001","1.145933E+002","85,8"
"1.145733E+002","2.2489999999999998E+001",8,84,820,"2.248E+001","1.1458329999999999E+002","84,8"
"1.1455329999999999E+002","2.241E+001",0,82,82,"2.2399999999999999E+001","1.145633E+002","82,0"
"1.145633E+002","2.2489999999999998E+001",8,83,819,"2.248E+001","1.145733E+002","83,8"
"1.1455329999999999E+002","2.2489999999999998E+001",8,82,818,"2.248E+001","1.145633E+002","82,8"
"1.145433E+002","2.2489999999999998E+001",8,81,817,"2.248E+001","1.1455329999999999E+002","81,8"
"1.145333E+002","2.2489999999999998E+001",8,80,816,"2.248E+001","1.145433E+002","80,8"
"1.1452330000000001E+002","2.2489999999999998E+001",8,79,815,"2.248E+001","1.145333E+002","79,8"
"1.145133E+002","2.2489999999999998E+001",8,78,814,"2.248E+001","1.1452330000000001E+002","78,8"
"1.145033E+002","2.2489999999999998E+001",8,77,813,"2.248E+001","1.145133E+002","77,8"
"1.144933E+002","2.2489999999999998E+001",8,76,812,"2.248E+001","1.145033E+002","76,8"
"1.144833E+002","2.2489999999999998E+001",8,75,811,"2.248E+001","1.144933E+002","75,8"
"1.1447329999999999E+002","2.2489999999999998E+001",8,74,810,"2.248E+001","1.144833E+002","74,8"
"1.145433E+002","2.241E+001",0,81,81,"2.2399999999999999E+001","1.1455329999999999E+002","81,0"
"1.144633E+002","2.2489999999999998E+001",8,73,809,"2.248E+001","1.1447329999999999E+002","73,8"
"1.144533E+002","2.2489999999999998E+001",8,72,808,"2.248E+001","1.144633E+002","72,8"
"1.1444329999999999E+002","2.2489999999999998E+001",8,71,807,"2.248E+001","1.144533E+002","71,8"
"1.144333E+002","2.2489999999999998E+001",8,70,806,"2.248E+001","1.1444329999999999E+002","70,8"
"1.144233E+002","2.2489999999999998E+001",8,69,805,"2.248E+001","1.144333E+002","69,8"
"1.1441330000000001E+002","2.2489999999999998E+001",8,68,804,"2.248E+001","1.144233E+002","68,8"
"1.144033E+002","2.2489999999999998E+001",8,67,803,"2.248E+001","1.1441330000000001E+002","67,8"
"1.143933E+002","2.2489999999999998E+001",8,66,802,"2.248E+001","1.144033E+002","66,8"
"1.1438330000000001E+002","2.2489999999999998E+001",8,65,801,"2.248E+001","1.143933E+002","65,8"
"1.143733E+002","2.2489999999999998E+001",8,64,800,"2.248E+001","1.1438330000000001E+002","64,8"
"1.145333E+002","2.241E+001",0,80,80,"2.2399999999999999E+001","1.145433E+002","80,0"
"1.138133E+002","2.241E+001",0,8,8,"2.2399999999999999E+001","1.138233E+002","8,0"
"1.143633E+002","2.2489999999999998E+001",8,63,799,"2.248E+001","1.143733E+002","63,8"
"1.143533E+002","2.2489999999999998E+001",8,62,798,"2.248E+001","1.143633E+002","62,8"
"1.143433E+002","2.2489999999999998E+001",8,61,797,"2.248E+001","1.143533E+002","61,8"
"1.1433329999999999E+002","2.2489999999999998E+001",8,60,796,"2.248E+001","1.143433E+002","60,8"
"1.143233E+002","2.2489999999999998E+001",8,59,795,"2.248E+001","1.1433329999999999E+002","59,8"
"1.143133E+002","2.2489999999999998E+001",8,58,794,"2.248E+001","1.143233E+002","58,8"
"1.1430329999999999E+002","2.2489999999999998E+001",8,57,793,"2.248E+001","1.143133E+002","57,8"
"1.142933E+002","2.2489999999999998E+001",8,56,792,"2.248E+001","1.1430329999999999E+002","56,8"
"1.142833E+002","2.2489999999999998E+001",8,55,791,"2.248E+001","1.142933E+002","55,8"
"1.1427330000000001E+002","2.2489999999999998E+001",8,54,790,"2.248E+001","1.142833E+002","54,8"
"1.1452330000000001E+002","2.241E+001",0,79,79,"2.2399999999999999E+001","1.145333E+002","79,0"
"1.142633E+002","2.2489999999999998E+001",8,53,789,"2.248E+001","1.1427330000000001E+002","53,8"
"1.142533E+002","2.2489999999999998E+001",8,52,788,"2.248E+001","1.142633E+002","52,8"
"1.142433E+002","2.2489999999999998E+001",8,51,787,"2.248E+001","1.142533E+002","51,8"
"1.142333E+002","2.2489999999999998E+001",8,50,786,"2.248E+001","1.142433E+002","50,8"
"1.1422329999999999E+002","2.2489999999999998E+001",8,49,785,"2.248E+001","1.142333E+002","49,8"
"1.142133E+002","2.2489999999999998E+001",8,48,784,"2.248E+001","1.1422329999999999E+002","48,8"
"1.142033E+002","2.2489999999999998E+001",8,47,783,"2.248E+001","1.142133E+002","47,8"
"1.1419329999999999E+002","2.2489999999999998E+001",8,46,782,"2.248E+001","1.142033E+002","46,8"
"1.141833E+002","2.2489999999999998E+001",8,45,781,"2.248E+001","1.1419329999999999E+002","45,8"
"1.141733E+002","2.2489999999999998E+001",8,44,780,"2.248E+001","1.141833E+002","44,8"
"1.145133E+002","2.241E+001",0,78,78,"2.2399999999999999E+001","1.1452330000000001E+002","78,0"
"1.1416330000000001E+002","2.2489999999999998E+001",8,43,779,"2.248E+001","1.141733E+002","43,8"
"1.141533E+002","2.2489999999999998E+001",8,42,778,"2.248E+001","1.1416330000000001E+002","42,8"
"1.141433E+002","2.2489999999999998E+001",8,41,777,"2.248E+001","1.141533E+002","41,8"
"1.1413330000000001E+002","2.2489999999999998E+001",8,40,776,"2.248E+001","1.141433E+002","40,8"
"1.141233E+002","2.2489999999999998E+001",8,39,775,"2.248E+001","1.1413330000000001E+002","39,8"
"1.141133E+002","2.2489999999999998E+001",8,38,774,"2.248E+001","1.141233E+002","38,8"
"1.141033E+002","2.2489999999999998E+001",8,37,773,"2.248E+001","1.141133E+002","37,8"
"1.140933E+002","2.2489999999999998E+001",8,36,772,"2.248E+001","1.141033E+002","36,8"
"1.1408329999999999E+002","2.2489999999999998E+001",8,35,771,"2.248E+001","1.140933E+002","35,8"
"1.140733E+002","2.2489999999999998E+001",8,34,770,"2.248E+001","1.1408329999999999E+002","34,8"
"1.145033E+002","2.241E+001",0,77,77,"2.2399999999999999E+001","1.145133E+002","77,0"
"1.140633E+002","2.2489999999999998E+001",8,33,769,"2.248E+001","1.140733E+002","33,8"
"1.1405329999999999E+002","2.2489999999999998E+001",8,32,768,"2.248E+001","1.140633E+002","32,8"
"1.139833E+002","2.2609999999999999E+001",20,25,1865,"2.2600000000000001E+001","1.139933E+002","25,20"
"1.1397329999999999E+002","2.2609999999999999E+001",20,24,1864,"2.2600000000000001E+001","1.139833E+002","24,20"
"1.139633E+002","2.2609999999999999E+001",20,23,1863,"2.2600000000000001E+001","1.1397329999999999E+002","23,20"
"1.139533E+002","2.2609999999999999E+001",20,22,1862,"2.2600000000000001E+001","1.139633E+002","22,20"
"1.1394329999999999E+002","2.2609999999999999E+001",20,21,1861,"2.2600000000000001E+001","1.139533E+002","21,20"
"1.139333E+002","2.2609999999999999E+001",20,20,1860,"2.2600000000000001E+001","1.1394329999999999E+002","20,20"
"1.137533E+002","2.243E+001",2,2,186,"2.2420000000000002E+001","1.137633E+002","2,2"
"1.139233E+002","2.2609999999999999E+001",20,19,1859,"2.2600000000000001E+001","1.139333E+002","19,20"
"1.1391330000000001E+002","2.2609999999999999E+001",20,18,1858,"2.2600000000000001E+001","1.139233E+002","18,20"
"1.139033E+002","2.2609999999999999E+001",20,17,1857,"2.2600000000000001E+001","1.1391330000000001E+002","17,20"
"1.138933E+002","2.2609999999999999E+001",20,16,1856,"2.2600000000000001E+001","1.139033E+002","16,20"
"1.1388330000000001E+002","2.2609999999999999E+001",20,15,1855,"2.2600000000000001E+001","1.138933E+002","15,20"
"1.138733E+002","2.2609999999999999E+001",20,14,1854,"2.2600000000000001E+001","1.1388330000000001E+002","14,20"
"1.138633E+002","2.2609999999999999E+001",20,13,1853,"2.2600000000000001E+001","1.138733E+002","13,20"
"1.138533E+002","2.2609999999999999E+001",20,12,1852,"2.2600000000000001E+001","1.138633E+002","12,20"
"1.138433E+002","2.2609999999999999E+001",20,11,1851,"2.2600000000000001E+001","1.138533E+002","11,20"
"1.1383329999999999E+002","2.2609999999999999E+001",20,10,1850,"2.2600000000000001E+001","1.138433E+002","10,20"
"1.137433E+002","2.243E+001",2,1,185,"2.2420000000000002E+001","1.137533E+002","1,2"
"1.138233E+002","2.2609999999999999E+001",20,9,1849,"2.2600000000000001E+001","1.1383329999999999E+002","9,20"
"1.138133E+002","2.2609999999999999E+001",20,8,1848,"2.2600000000000001E+001","1.138233E+002","8,20"
"1.1380329999999999E+002","2.2609999999999999E+001",20,7,1847,"2.2600000000000001E+001","1.138133E+002","7,20"
"1.137933E+002","2.2609999999999999E+001",20,6,1846,"2.2600000000000001E+001","1.1380329999999999E+002","6,20"
"1.137833E+002","2.2609999999999999E+001",20,5,1845,"2.2600000000000001E+001","1.137933E+002","5,20"
"1.1377330000000001E+002","2.2609999999999999E+001",20,4,1844,"2.2600000000000001E+001","1.137833E+002","4,20"
"1.137633E+002","2.2609999999999999E+001",20,3,1843,"2.2600000000000001E+001","1.1377330000000001E+002","3,20"
"1.137533E+002","2.2609999999999999E+001",20,2,1842,"2.2600000000000001E+001","1.137633E+002","2,20"
"1.137433E+002","2.2609999999999999E+001",20,1,1841,"2.2600000000000001E+001","1.137533E+002","1,20"
"1.137333E+002","2.2609999999999999E+001",20,0,1840,"2.2600000000000001E+001","1.137433E+002","0,20"
"1.137333E+002","2.243E+001",2,0,184,"2.2420000000000002E+001","1.137433E+002","0,2"
"1.146433E+002","2.2600000000000001E+001",19,91,1839,"2.259E+001","1.146533E+002","91,19"
"1.1463330000000001E+002","2.2600000000000001E+001",19,90,1838,"2.259E+001","1.146433E+002","90,19"
"1.146233E+002","2.2600000000000001E+001",19,89,1837,"2.259E+001","1.1463330000000001E+002","89,19"
"1.146133E+002","2.2600000000000001E+001",19,88,1836,"2.259E+001","1.146233E+002","88,19"
"1.146033E+002","2.2600000000000001E+001",19,87,1835,"2.259E+001","1.146133E+002","87,19"
"1.145933E+002","2.2600000000000001E+001",19,86,1834,"2.259E+001","1.146033E+002","86,19"
"1.1458329999999999E+002","2.2600000000000001E+001",19,85,1833,"2.259E+001","1.145933E+002","85,19"
"1.145733E+002","2.2600000000000001E+001",19,84,1832,"2.259E+001","1.1458329999999999E+002","84,19"
"1.145633E+002","2.2600000000000001E+001",19,83,1831,"2.259E+001","1.145733E+002","83,19"
"1.1455329999999999E+002","2.2600000000000001E+001",19,82,1830,"2.259E+001","1.145633E+002","82,19"
"1.146433E+002","2.2420000000000002E+001",1,91,183,"2.241E+001","1.146533E+002","91,1"
"1.145433E+002","2.2600000000000001E+001",19,81,1829,"2.259E+001","1.1455329999999999E+002","81,19"
"1.145333E+002","2.2600000000000001E+001",19,80,1828,"2.259E+001","1.145433E+002","80,19"
"1.1452330000000001E+002","2.2600000000000001E+001",19,79,1827,"2.259E+001","1.145333E+002","79,19"
"1.145133E+002","2.2600000000000001E+001",19,78,1826,"2.259E+001","1.1452330000000001E+002","78,19"
"1.145033E+002","2.2600000000000001E+001",19,77,1825,"2.259E+001","1.145133E+002","77,19"
"1.144933E+002","2.2600000000000001E+001",19,76,1824,"2.259E+001","1.145033E+002","76,19"
"1.144833E+002","2.2600000000000001E+001",19,75,1823,"2.259E+001","1.144933E+002","75,19"
"1.1447329999999999E+002","2.2600000000000001E+001",19,74,1822,"2.259E+001","1.144833E+002","74,19"
"1.144633E+002","2.2600000000000001E+001",19,73,1821,"2.259E+001","1.1447329999999999E+002","73,19"
"1.144533E+002","2.2600000000000001E+001",19,72,1820,"2.259E+001","1.144633E+002","72,19"
"1.1463330000000001E+002","2.2420000000000002E+001",1,90,182,"2.241E+001","1.146433E+002","90,1"
"1.1444329999999999E+002","2.2600000000000001E+001",19,71,1819,"2.259E+001","1.144533E+002","71,19"
"1.144333E+002","2.2600000000000001E+001",19,70,1818,"2.259E+001","1.1444329999999999E+002","70,19"
"1.144233E+002","2.2600000000000001E+001",19,69,1817,"2.259E+001","1.144333E+002","69,19"
"1.1441330000000001E+002","2.2600000000000001E+001",19,68,1816,"2.259E+001","1.144233E+002","68,19"
"1.144033E+002","2.2600000000000001E+001",19,67,1815,"2.259E+001","1.1441330000000001E+002","67,19"
"1.143933E+002","2.2600000000000001E+001",19,66,1814,"2.259E+001","1.144033E+002","66,19"
"1.1438330000000001E+002","2.2600000000000001E+001",19,65,1813,"2.259E+001","1.143933E+002","65,19"
"1.143733E+002","2.2600000000000001E+001",19,64,1812,"2.259E+001","1.1438330000000001E+002","64,19"
"1.143633E+002","2.2600000000000001E+001",19,63,1811,"2.259E+001","1.143733E+002","63,19"
"1.143533E+002","2.2600000000000001E+001",19,62,1810,"2.259E+001","1.143633E+002","62,19"
"1.146233E+002","2.2420000000000002E+001",1,89,181,"2.241E+001","1.1463330000000001E+002","89,1"
"1.143433E+002","2.2600000000000001E+001",19,61,1809,"2.259E+001","1.143533E+002","61,19"
"1.1433329999999999E+002","2.2600000000000001E+001",19,60,1808,"2.259E+001","1.143433E+002","60,19"
"1.143233E+002","2.2600000000000001E+001",19,59,1807,"2.259E+001","1.1433329999999999E+002","59,19"
"1.143133E+002","2.2600000000000001E+001",19,58,1806,"2.259E+001","1.143233E+002","58,19"
"1.1430329999999999E+002","2.2600000000000001E+001",19,57,1805,"2.259E+001","1.143133E+002","57,19"
"1.142933E+002","2.2600000000000001E+001",19,56,1804,"2.259E+001","1.1430329999999999E+002","56,19"
"1.143733E+002","2.2789999999999999E+001",38,64,3560,"2.2780000000000001E+001","1.1438330000000001E+002","64,38"
"1.145333E+002","2.2440000000000001E+001",3,80,356,"2.243E+001","1.145433E+002","80,3"
"1.143633E+002","2.2789999999999999E+001",38,63,3559,"2.2780000000000001E+001","1.143733E+002","63,38"
"1.143533E+002","2.2789999999999999E+001",38,62,3558,"2.2780000000000001E+001","1.143633E+002","62,38"
"1.143433E+002","2.2789999999999999E+001",38,61,3557,"2.2780000000000001E+001","1.143533E+002","61,38"
"1.1433329999999999E+002","2.2789999999999999E+001",38,60,3556,"2.2780000000000001E+001","1.143433E+002","60,38"
"1.143233E+002","2.2789999999999999E+001",38,59,3555,"2.2780000000000001E+001","1.1433329999999999E+002","59,38"
"1.143133E+002","2.2789999999999999E+001",38,58,3554,"2.2780000000000001E+001","1.143233E+002","58,38"
"1.1430329999999999E+002","2.2789999999999999E+001",38,57,3553,"2.2780000000000001E+001","1.143133E+002","57,38"
"1.142933E+002","2.2789999999999999E+001",38,56,3552,"2.2780000000000001E+001","1.1430329999999999E+002","56,38"
"1.142833E+002","2.2789999999999999E+001",38,55,3551,"2.2780000000000001E+001","1.142933E+002","55,38"
"1.1427330000000001E+002","2.2789999999999999E+001",38,54,3550,"2.2780000000000001E+001","1.142833E+002","54,38"
"1.1452330000000001E+002","2.2440000000000001E+001",3,79,355,"2.243E+001","1.145333E+002","79,3"
"1.142633E+002","2.2789999999999999E+001",38,53,3549,"2.2780000000000001E+001","1.1427330000000001E+002","53,38"
"1.142533E+002","2.2789999999999999E+001",38,52,3548,"2.2780000000000001E+001","1.142633E+002","52,38"
"1.142433E+002","2.2789999999999999E+001",38,51,3547,"2.2780000000000001E+001","1.142533E+002","51,38"
"1.142333E+002","2.2789999999999999E+001",38,50,3546,"2.2780000000000001E+001","1.142433E+002","50,38"
"1.1422329999999999E+002","2.2789999999999999E+001",38,49,3545,"2.2780000000000001E+001","1.142333E+002","49,38"
"1.142133E+002","2.2789999999999999E+001",38,48,3544,"2.2780000000000001E+001","1.1422329999999999E+002","48,38"
"1.142033E+002","2.2789999999999999E+001",38,47,3543,"2.2780000000000001E+001","1.142133E+002","47,38"
"1.1419329999999999E+002","2.2789999999999999E+001",38,46,3542,"2.2780000000000001E+001","1.142033E+002","46,38"
"1.141833E+002","2.2789999999999999E+001",38,45,3541,"2.2780000000000001E+001","1.1419329999999999E+002","45,38"
"1.141733E+002","2.2789999999999999E+001",38,44,3540,"2.2780000000000001E+001","1.141833E+002","44,38"
"1.145133E+002","2.2440000000000001E+001",3,78,354,"2.243E+001","1.1452330000000001E+002","78,3"
"1.1416330000000001E+002","2.2789999999999999E+001",38,43,3539,"2.2780000000000001E+001","1.141733E+002","43,38"
"1.141533E+002","2.2789999999999999E+001",38,42,3538,"2.2780000000000001E+001","1.1416330000000001E+002","42,38"
"1.141433E+002","2.2789999999999999E+001",38,41,3537,"2.2780000000000001E+001","1.141533E+002","41,38"
"1.1413330000000001E+002","2.2789999999999999E+001",38,40,3536,"2.2780000000000001E+001","1.141433E+002","40,38"
"1.141233E+002","2.2789999999999999E+001",38,39,3535,"2.2780000000000001E+001","1.1413330000000001E+002","39,38"
"1.141133E+002","2.2789999999999999E+001",38,38,3534,"2.2780000000000001E+001","1.141233E+002","38,38"
"1.141033E+002","2.2789999999999999E+001",38,37,3533,"2.2780000000000001E+001","1.141133E+002","37,38"
"1.140933E+002","2.2789999999999999E+001",38,36,3532,"2.2780000000000001E+001","1.141033E+002","36,38"
"1.1408329999999999E+002","2.2789999999999999E+001",38,35,3531,"2.2780000000000001E+001","1.140933E+002","35,38"
"1.140733E+002","2.2789999999999999E+001",38,34,3530,"2.2780000000000001E+001","1.1408329999999999E+002","34,38"
"1.145033E+002","2.2440000000000001E+001",3,77,353,"2.243E+001","1.145133E+002","77,3"
"1.140633E+002","2.2789999999999999E+001",38,33,3529,"2.2780000000000001E+001","1.140733E+002","33,38"
"1.1405329999999999E+002","2.2789999999999999E+001",38,32,3528,"2.2780000000000001E+001","1.140633E+002","32,38"
"1.140433E+002","2.2789999999999999E+001",38,31,3527,"2.2780000000000001E+001","1.1405329999999999E+002","31,38"
"1.140333E+002","2.2789999999999999E+001",38,30,3526,"2.2780000000000001E+001","1.140433E+002","30,38"
"1.1402330000000001E+002","2.2789999999999999E+001",38,29,3525,"2.2780000000000001E+001","1.140333E+002","29,38"
"1.140133E+002","2.2789999999999999E+001",38,28,3524,"2.2780000000000001E+001","1.1402330000000001E+002","28,38"
"1.140033E+002","2.2789999999999999E+001",38,27,3523,"2.2780000000000001E+001","1.140133E+002","27,38"
"1.139933E+002","2.2789999999999999E+001",38,26,3522,"2.2780000000000001E+001","1.140033E+002","26,38"
"1.139833E+002","2.2789999999999999E+001",38,25,3521,"2.2780000000000001E+001","1.139933E+002","25,38"
"1.1397329999999999E+002","2.2789999999999999E+001",38,24,3520,"2.2780000000000001E+001","1.139833E+002","24,38"
"1.144933E+002","2.2440000000000001E+001",3,76,352,"2.243E+001","1.145033E+002","76,3"
"1.139633E+002","2.2789999999999999E+001",38,23,3519,"2.2780000000000001E+001","1.1397329999999999E+002","23,38"
"1.139533E+002","2.2789999999999999E+001",38,22,3518,"2.2780000000000001E+001","1.139633E+002","22,38"
"1.1394329999999999E+002","2.2789999999999999E+001",38,21,3517,"2.2780000000000001E+001","1.139533E+002","21,38"
"1.139333E+002","2.2789999999999999E+001",38,20,3516,"2.2780000000000001E+001","1.1394329999999999E+002","20,38"
"1.139233E+002","2.2789999999999999E+001",38,19,3515,"2.2780000000000001E+001","1.139333E+002","19,38"
"1.1391330000000001E+002","2.2789999999999999E+001",38,18,3514,"2.2780000000000001E+001","1.139233E+002","18,38"
"1.139033E+002","2.2789999999999999E+001",38,17,3513,"2.2780000000000001E+001","1.1391330000000001E+002","17,38"
"1.138933E+002","2.2789999999999999E+001",38,16,3512,"2.2780000000000001E+001","1.139033E+002","16,38"
"1.1388330000000001E+002","2.2789999999999999E+001",38,15,3511,"2.2780000000000001E+001","1.138933E+002","15,38"
"1.138733E+002","2.2789999999999999E+001",38,14,3510,"2.2780000000000001E+001","1.1388330000000001E+002","14,38"
"1.144833E+002","2.2440000000000001E+001",3,75,351,"2.243E+001","1.144933E+002","75,3"
"1.138633E+002","2.2789999999999999E+001",38,13,3509,"2.2780000000000001E+001","1.138733E+002","13,38"
"1.138533E+002","2.2789999999999999E+001",38,12,3508,"2.2780000000000001E+001","1.138633E+002","12,38"
"1.138433E+002","2.2789999999999999E+001",38,11,3507,"2.2780000000000001E+001","1.138533E+002","11,38"
"1.1383329999999999E+002","2.2789999999999999E+001",38,10,3506,"2.2780000000000001E+001","1.138433E+002","10,38"
"1.138233E+002","2.2789999999999999E+001",38,9,3505,"2.2780000000000001E+001","1.1383329999999999E+002","9,38"
"1.138133E+002","2.2789999999999999E+001",38,8,3504,"2.2780000000000001E+001","1.138233E+002","8,38"
"1.1380329999999999E+002","2.2789999999999999E+001",38,7,3503,"2.2780000000000001E+001","1.138133E+002","7,38"
"1.137933E+002","2.2789999999999999E+001",38,6,3502,"2.2780000000000001E+001","1.1380329999999999E+002","6,38"
"1.137833E+002","2.2789999999999999E+001",38,5,3501,"2.2780000000000001E+001","1.137933E+002","5,38"
"1.1377330000000001E+002","2.2789999999999999E+001",38,4,3500,"2.2780000000000001E+001","1.137833E+002","4,38"
"1.139333E+002","2.257E+001",16,20,1492,"2.2559999999999999E+001","1.1394329999999999E+002","20,16"
"1.139233E+002","2.257E+001",16,19,1491,"2.2559999999999999E+001","1.139333E+002","19,16"
"1.1391330000000001E+002","2.257E+001",16,18,1490,"2.2559999999999999E+001","1.139233E+002","18,16"
"1.1430329999999999E+002","2.2420000000000002E+001",1,57,149,"2.241E+001","1.143133E+002","57,1"
"1.139033E+002","2.257E+001",16,17,1489,"2.2559999999999999E+001","1.1391330000000001E+002","17,16"
"1.138933E+002","2.257E+001",16,16,1488,"2.2559999999999999E+001","1.139033E+002","16,16"
"1.1388330000000001E+002","2.257E+001",16,15,1487,"2.2559999999999999E+001","1.138933E+002","15,16"
"1.138733E+002","2.257E+001",16,14,1486,"2.2559999999999999E+001","1.1388330000000001E+002","14,16"
"1.138633E+002","2.257E+001",16,13,1485,"2.2559999999999999E+001","1.138733E+002","13,16"
"1.138533E+002","2.257E+001",16,12,1484,"2.2559999999999999E+001","1.138633E+002","12,16"
"1.138433E+002","2.257E+001",16,11,1483,"2.2559999999999999E+001","1.138533E+002","11,16"
"1.1383329999999999E+002","2.257E+001",16,10,1482,"2.2559999999999999E+001","1.138433E+002","10,16"
"1.138233E+002","2.257E+001",16,9,1481,"2.2559999999999999E+001","1.1383329999999999E+002","9,16"
"1.138133E+002","2.257E+001",16,8,1480,"2.2559999999999999E+001","1.138233E+002","8,16"
"1.142933E+002","2.2420000000000002E+001",1,56,148,"2.241E+001","1.1430329999999999E+002","56,1"
"1.1380329999999999E+002","2.257E+001",16,7,1479,"2.2559999999999999E+001","1.138133E+002","7,16"
"1.137933E+002","2.257E+001",16,6,1478,"2.2559999999999999E+001","1.1380329999999999E+002","6,16"
"1.137833E+002","2.257E+001",16,5,1477,"2.2559999999999999E+001","1.137933E+002","5,16"
"1.1377330000000001E+002","2.257E+001",16,4,1476,"2.2559999999999999E+001","1.137833E+002","4,16"
"1.137633E+002","2.257E+001",16,3,1475,"2.2559999999999999E+001","1.1377330000000001E+002","3,16"
"1.137533E+002","2.257E+001",16,2,1474,"2.2559999999999999E+001","1.137633E+002","2,16"
"1.137433E+002","2.257E+001",16,1,1473,"2.2559999999999999E+001","1.137533E+002","1,16"
"1.137333E+002","2.257E+001",16,0,1472,"2.2559999999999999E+001","1.137433E+002","0,16"
"1.146433E+002","2.2559999999999999E+001",15,91,1471,"2.2550000000000001E+001","1.146533E+002","91,15"
"1.1463330000000001E+002","2.2559999999999999E+001",15,90,1470,"2.2550000000000001E+001","1.146433E+002","90,15"
"1.142833E+002","2.2420000000000002E+001",1,55,147,"2.241E+001","1.142933E+002","55,1"
"1.146233E+002","2.2559999999999999E+001",15,89,1469,"2.2550000000000001E+001","1.1463330000000001E+002","89,15"
"1.146133E+002","2.2559999999999999E+001",15,88,1468,"2.2550000000000001E+001","1.146233E+002","88,15"
"1.146033E+002","2.2559999999999999E+001",15,87,1467,"2.2550000000000001E+001","1.146133E+002","87,15"
"1.145933E+002","2.2559999999999999E+001",15,86,1466,"2.2550000000000001E+001","1.146033E+002","86,15"
"1.1458329999999999E+002","2.2559999999999999E+001",15,85,1465,"2.2550000000000001E+001","1.145933E+002","85,15"
"1.145733E+002","2.2559999999999999E+001",15,84,1464,"2.2550000000000001E+001","1.1458329999999999E+002","84,15"
"1.145633E+002","2.2559999999999999E+001",15,83,1463,"2.2550000000000001E+001","1.145733E+002","83,15"
"1.1455329999999999E+002","2.2559999999999999E+001",15,82,1462,"2.2550000000000001E+001","1.145633E+002","82,15"
"1.145433E+002","2.2559999999999999E+001",15,81,1461,"2.2550000000000001E+001","1.1455329999999999E+002","81,15"
"1.145333E+002","2.2559999999999999E+001",15,80,1460,"2.2550000000000001E+001","1.145433E+002","80,15"
"1.1427330000000001E+002","2.2420000000000002E+001",1,54,146,"2.241E+001","1.142833E+002","54,1"
"1.1452330000000001E+002","2.2559999999999999E+001",15,79,1459,"2.2550000000000001E+001","1.145333E+002","79,15"
"1.145133E+002","2.2559999999999999E+001",15,78,1458,"2.2550000000000001E+001","1.1452330000000001E+002","78,15"
"1.145033E+002","2.2559999999999999E+001",15,77,1457,"2.2550000000000001E+001","1.145133E+002","77,15"
"1.144933E+002","2.2559999999999999E+001",15,76,1456,"2.2550000000000001E+001","1.145033E+002","76,15"
"1.144833E+002","2.2559999999999999E+001",15,75,1455,"2.2550000000000001E+001","1.144933E+002","75,15"
"1.1447329999999999E+002","2.2559999999999999E+001",15,74,1454,"2.2550000000000001E+001","1.144833E+002","74,15"
"1.144633E+002","2.2559999999999999E+001",15,73,1453,"2.2550000000000001E+001","1.1447329999999999E+002","73,15"
"1.144533E+002","2.2559999999999999E+001",15,72,1452,"2.2550000000000001E+001","1.144633E+002","72,15"
"1.1444329999999999E+002","2.2559999999999999E+001",15,71,1451,"2.2550000000000001E+001","1.144533E+002","71,15"
"1.144333E+002","2.2559999999999999E+001",15,70,1450,"2.2550000000000001E+001","1.1444329999999999E+002","70,15"
"1.142633E+002","2.2420000000000002E+001",1,53,145,"2.241E+001","1.1427330000000001E+002","53,1"
"1.144233E+002","2.2559999999999999E+001",15,69,1449,"2.2550000000000001E+001","1.144333E+002","69,15"
"1.1441330000000001E+002","2.2559999999999999E+001",15,68,1448,"2.2550000000000001E+001","1.144233E+002","68,15"
"1.144033E+002","2.2559999999999999E+001",15,67,1447,"2.2550000000000001E+001","1.1441330000000001E+002","67,15"
"1.143933E+002","2.2559999999999999E+001",15,66,1446,"2.2550000000000001E+001","1.144033E+002","66,15"
"1.1438330000000001E+002","2.2559999999999999E+001",15,65,1445,"2.2550000000000001E+001","1.143933E+002","65,15"
"1.143733E+002","2.2559999999999999E+001",15,64,1444,"2.2550000000000001E+001","1.1438330000000001E+002","64,15"
"1.143633E+002","2.2559999999999999E+001",15,63,1443,"2.2550000000000001E+001","1.143733E+002","63,15"
"1.143533E+002","2.2559999999999999E+001",15,62,1442,"2.2550000000000001E+001","1.143633E+002","62,15"
"1.143433E+002","2.2559999999999999E+001",15,61,1441,"2.2550000000000001E+001","1.143533E+002","61,15"
"1.1433329999999999E+002","2.2559999999999999E+001",15,60,1440,"2.2550000000000001E+001","1.143433E+002","60,15"
"1.142533E+002","2.2420000000000002E+001",1,52,144,"2.241E+001","1.142633E+002","52,1"
"1.143233E+002","2.2559999999999999E+001",15,59,1439,"2.2550000000000001E+001","1.1433329999999999E+002","59,15"
"1.143133E+002","2.2559999999999999E+001",15,58,1438,"2.2550000000000001E+001","1.143233E+002","58,15"
"1.1430329999999999E+002","2.2559999999999999E+001",15,57,1437,"2.2550000000000001E+001","1.143133E+002","57,15"
"1.142933E+002","2.2559999999999999E+001",15,56,1436,"2.2550000000000001E+001","1.1430329999999999E+002","56,15"
"1.142833E+002","2.2559999999999999E+001",15,55,1435,"2.2550000000000001E+001","1.142933E+002","55,15"
"1.1427330000000001E+002","2.2559999999999999E+001",15,54,1434,"2.2550000000000001E+001","1.142833E+002","54,15"
"1.142633E+002","2.2559999999999999E+001",15,53,1433,"2.2550000000000001E+001","1.1427330000000001E+002","53,15"
"1.142533E+002","2.2559999999999999E+001",15,52,1432,"2.2550000000000001E+001","1.142633E+002","52,15"
"1.142433E+002","2.2559999999999999E+001",15,51,1431,"2.2550000000000001E+001","1.142533E+002","51,15"
"1.143933E+002","2.275E+001",34,66,3194,"2.2739999999999998E+001","1.144033E+002","66,34"
"1.1438330000000001E+002","2.275E+001",34,65,3193,"2.2739999999999998E+001","1.143933E+002","65,34"
"1.143733E+002","2.275E+001",34,64,3192,"2.2739999999999998E+001","1.1438330000000001E+002","64,34"
"1.143633E+002","2.275E+001",34,63,3191,"2.2739999999999998E+001","1.143733E+002","63,34"
"1.143533E+002","2.275E+001",34,62,3190,"2.2739999999999998E+001","1.143633E+002","62,34"
"1.1416330000000001E+002","2.2440000000000001E+001",3,43,319,"2.243E+001","1.141733E+002","43,3"
"1.143433E+002","2.275E+001",34,61,3189,"2.2739999999999998E+001","1.143533E+002","61,34"
"1.1433329999999999E+002","2.275E+001",34,60,3188,"2.2739999999999998E+001","1.143433E+002","60,34"
"1.143233E+002","2.275E+001",34,59,3187,"2.2739999999999998E+001","1.1433329999999999E+002","59,34"
"1.143133E+002","2.275E+001",34,58,3186,"2.2739999999999998E+001","1.143233E+002","58,34"
"1.1430329999999999E+002","2.275E+001",34,57,3185,"2.2739999999999998E+001","1.143133E+002","57,34"
"1.142933E+002","2.275E+001",34,56,3184,"2.2739999999999998E+001","1.1430329999999999E+002","56,34"
"1.142833E+002","2.275E+001",34,55,3183,"2.2739999999999998E+001","1.142933E+002","55,34"
"1.1427330000000001E+002","2.275E+001",34,54,3182,"2.2739999999999998E+001","1.142833E+002","54,34"
"1.142633E+002","2.275E+001",34,53,3181,"2.2739999999999998E+001","1.1427330000000001E+002","53,34"
"1.142533E+002","2.275E+001",34,52,3180,"2.2739999999999998E+001","1.142633E+002","52,34"
"1.141533E+002","2.2440000000000001E+001",3,42,318,"2.243E+001","1.1416330000000001E+002","42,3"
"1.142433E+002","2.275E+001",34,51,3179,"2.2739999999999998E+001","1.142533E+002","51,34"
"1.142333E+002","2.275E+001",34,50,3178,"2.2739999999999998E+001","1.142433E+002","50,34"
"1.1422329999999999E+002","2.275E+001",34,49,3177,"2.2739999999999998E+001","1.142333E+002","49,34"
"1.142133E+002","2.275E+001",34,48,3176,"2.2739999999999998E+001","1.1422329999999999E+002","48,34"
"1.142033E+002","2.275E+001",34,47,3175,"2.2739999999999998E+001","1.142133E+002","47,34"
"1.1419329999999999E+002","2.275E+001",34,46,3174,"2.2739999999999998E+001","1.142033E+002","46,34"
"1.141833E+002","2.275E+001",34,45,3173,"2.2739999999999998E+001","1.1419329999999999E+002","45,34"
"1.141733E+002","2.275E+001",34,44,3172,"2.2739999999999998E+001","1.141833E+002","44,34"
"1.1416330000000001E+002","2.275E+001",34,43,3171,"2.2739999999999998E+001","1.141733E+002","43,34"
"1.141533E+002","2.275E+001",34,42,3170,"2.2739999999999998E+001","1.1416330000000001E+002","42,34"
"1.141433E+002","2.2440000000000001E+001",3,41,317,"2.243E+001","1.141533E+002","41,3"
"1.141433E+002","2.275E+001",34,41,3169,"2.2739999999999998E+001","1.141533E+002","41,34"
"1.1413330000000001E+002","2.275E+001",34,40,3168,"2.2739999999999998E+001","1.141433E+002","40,34"
"1.141233E+002","2.275E+001",34,39,3167,"2.2739999999999998E+001","1.1413330000000001E+002","39,34"
"1.141133E+002","2.275E+001",34,38,3166,"2.2739999999999998E+001","1.141233E+002","38,34"
"1.141033E+002","2.275E+001",34,37,3165,"2.2739999999999998E+001","1.141133E+002","37,34"
"1.140933E+002","2.275E+001",34,36,3164,"2.2739999999999998E+001","1.141033E+002","36,34"
"1.1408329999999999E+002","2.275E+001",34,35,3163,"2.2739999999999998E+001","1.140933E+002","35,34"
"1.140733E+002","2.275E+001",34,34,3162,"2.2739999999999998E+001","1.1408329999999999E+002","34,34"
"1.140633E+002","2.275E+001",34,33,3161,"2.2739999999999998E+001","1.140733E+002","33,34"
"1.1405329999999999E+002","2.275E+001",34,32,3160,"2.2739999999999998E+001","1.140633E+002","32,34"
"1.1413330000000001E+002","2.2440000000000001E+001",3,40,316,"2.243E+001","1.141433E+002","40,3"
"1.140433E+002","2.275E+001",34,31,3159,"2.2739999999999998E+001","1.1405329999999999E+002","31,34"
"1.140333E+002","2.275E+001",34,30,3158,"2.2739999999999998E+001","1.140433E+002","30,34"
"1.1402330000000001E+002","2.275E+001",34,29,3157,"2.2739999999999998E+001","1.140333E+002","29,34"
"1.140133E+002","2.275E+001",34,28,3156,"2.2739999999999998E+001","1.1402330000000001E+002","28,34"
"1.140033E+002","2.275E+001",34,27,3155,"2.2739999999999998E+001","1.140133E+002","27,34"
"1.139933E+002","2.275E+001",34,26,3154,"2.2739999999999998E+001","1.140033E+002","26,34"
"1.139833E+002","2.275E+001",34,25,3153,"2.2739999999999998E+001","1.139933E+002","25,34"
"1.1397329999999999E+002","2.275E+001",34,24,3152,"2.2739999999999998E+001","1.139833E+002","24,34"
"1.139633E+002","2.275E+001",34,23,3151,"2.2739999999999998E+001","1.1397329999999999E+002","23,34"
"1.139533E+002","2.275E+001",34,22,3150,"2.2739999999999998E+001","1.139633E+002","22,34"
"1.141233E+002","2.2440000000000001E+001",3,39,315,"2.243E+001","1.1413330000000001E+002","39,3"
"1.1394329999999999E+002","2.275E+001",34,21,3149,"2.2739999999999998E+001","1.139533E+002","21,34"
"1.139333E+002","2.275E+001",34,20,3148,"2.2739999999999998E+001","1.1394329999999999E+002","20,34"
"1.139233E+002","2.275E+001",34,19,3147,"2.2739999999999998E+001","1.139333E+002","19,34"
"1.1391330000000001E+002","2.275E+001",34,18,3146,"2.2739999999999998E+001","1.139233E+002","18,34"
"1.139033E+002","2.275E+001",34,17,3145,"2.2739999999999998E+001","1.1391330000000001E+002","17,34"
"1.138933E+002","2.275E+001",34,16,3144,"2.2739999999999998E+001","1.139033E+002","16,34"
"1.1388330000000001E+002","2.275E+001",34,15,3143,"2.2739999999999998E+001","1.138933E+002","15,34"
"1.138733E+002","2.275E+001",34,14,3142,"2.2739999999999998E+001","1.1388330000000001E+002","14,34"
"1.138633E+002","2.275E+001",34,13,3141,"2.2739999999999998E+001","1.138733E+002","13,34"
"1.138533E+002","2.275E+001",34,12,3140,"2.2739999999999998E+001","1.138633E+002","12,34"
"1.141133E+002","2.2440000000000001E+001",3,38,314,"2.243E+001","1.141233E+002","38,3"
"1.138433E+002","2.275E+001",34,11,3139,"2.2739999999999998E+001","1.138533E+002","11,34"
"1.1383329999999999E+002","2.275E+001",34,10,3138,"2.2739999999999998E+001","1.138433E+002","10,34"
"1.138233E+002","2.275E+001",34,9,3137,"2.2739999999999998E+001","1.1383329999999999E+002","9,34"
"1.138133E+002","2.275E+001",34,8,3136,"2.2739999999999998E+001","1.138233E+002","8,34"
"1.1380329999999999E+002","2.275E+001",34,7,3135,"2.2739999999999998E+001","1.138133E+002","7,34"
"1.137933E+002","2.275E+001",34,6,3134,"2.2739999999999998E+001","1.1380329999999999E+002","6,34"
"1.137833E+002","2.275E+001",34,5,3133,"2.2739999999999998E+001","1.137933E+002","5,34"
"1.1408329999999999E+002","2.2739999999999998E+001",33,35,3071,"2.273E+001","1.140933E+002","35,33"
"1.140733E+002","2.2739999999999998E+001",33,34,3070,"2.273E+001","1.1408329999999999E+002","34,33"
"1.140433E+002","2.2440000000000001E+001",3,31,307,"2.243E+001","1.1405329999999999E+002","31,3"
"1.140633E+002","2.2739999999999998E+001",33,33,3069,"2.273E+001","1.140733E+002","33,33"
"1.1405329999999999E+002","2.2739999999999998E+001",33,32,3068,"2.273E+001","1.140633E+002","32,33"
"1.140433E+002","2.2739999999999998E+001",33,31,3067,"2.273E+001","1.1405329999999999E+002","31,33"
"1.140333E+002","2.2739999999999998E+001",33,30,3066,"2.273E+001","1.140433E+002","30,33"
"1.1402330000000001E+002","2.2739999999999998E+001",33,29,3065,"2.273E+001","1.140333E+002","29,33"
"1.140133E+002","2.2739999999999998E+001",33,28,3064,"2.273E+001","1.1402330000000001E+002","28,33"
"1.140033E+002","2.2739999999999998E+001",33,27,3063,"2.273E+001","1.140133E+002","27,33"
"1.139933E+002","2.2739999999999998E+001",33,26,3062,"2.273E+001","1.140033E+002","26,33"
"1.139833E+002","2.2739999999999998E+001",33,25,3061,"2.273E+001","1.139933E+002","25,33"
"1.1397329999999999E+002","2.2739999999999998E+001",33,24,3060,"2.273E+001","1.139833E+002","24,33"
"1.140333E+002","2.2440000000000001E+001",3,30,306,"2.243E+001","1.140433E+002","30,3"
"1.139633E+002","2.2739999999999998E+001",33,23,3059,"2.273E+001","1.1397329999999999E+002","23,33"
"1.139533E+002","2.2739999999999998E+001",33,22,3058,"2.273E+001","1.139633E+002","22,33"
"1.1394329999999999E+002","2.2739999999999998E+001",33,21,3057,"2.273E+001","1.139533E+002","21,33"
"1.139333E+002","2.2739999999999998E+001",33,20,3056,"2.273E+001","1.1394329999999999E+002","20,33"
"1.139233E+002","2.2739999999999998E+001",33,19,3055,"2.273E+001","1.139333E+002","19,33"
"1.1391330000000001E+002","2.2739999999999998E+001",33,18,3054,"2.273E+001","1.139233E+002","18,33"
"1.139033E+002","2.2739999999999998E+001",33,17,3053,"2.273E+001","1.1391330000000001E+002","17,33"
"1.138933E+002","2.2739999999999998E+001",33,16,3052,"2.273E+001","1.139033E+002","16,33"
"1.1388330000000001E+002","2.2739999999999998E+001",33,15,3051,"2.273E+001","1.138933E+002","15,33"
"1.138733E+002","2.2739999999999998E+001",33,14,3050,"2.273E+001","1.1388330000000001E+002","14,33"
"1.1402330000000001E+002","2.2440000000000001E+001",3,29,305,"2.243E+001","1.140333E+002","29,3"
"1.138633E+002","2.2739999999999998E+001",33,13,3049,"2.273E+001","1.138733E+002","13,33"
"1.138533E+002","2.2739999999999998E+001",33,12,3048,"2.273E+001","1.138633E+002","12,33"
"1.138433E+002","2.2739999999999998E+001",33,11,3047,"2.273E+001","1.138533E+002","11,33"
"1.1383329999999999E+002","2.2739999999999998E+001",33,10,3046,"2.273E+001","1.138433E+002","10,33"
"1.138233E+002","2.2739999999999998E+001",33,9,3045,"2.273E+001","1.1383329999999999E+002","9,33"
"1.138133E+002","2.2739999999999998E+001",33,8,3044,"2.273E+001","1.138233E+002","8,33"
"1.1380329999999999E+002","2.2739999999999998E+001",33,7,3043,"2.273E+001","1.138133E+002","7,33"
"1.137933E+002","2.2739999999999998E+001",33,6,3042,"2.273E+001","1.1380329999999999E+002","6,33"
"1.137833E+002","2.2739999999999998E+001",33,5,3041,"2.273E+001","1.137933E+002","5,33"
"1.1377330000000001E+002","2.2739999999999998E+001",33,4,3040,"2.273E+001","1.137833E+002","4,33"
"1.140133E+002","2.2440000000000001E+001",3,28,304,"2.243E+001","1.1402330000000001E+002","28,3"
"1.137633E+002","2.2739999999999998E+001",33,3,3039,"2.273E+001","1.1377330000000001E+002","3,33"
"1.137533E+002","2.2739999999999998E+001",33,2,3038,"2.273E+001","1.137633E+002","2,33"
"1.137433E+002","2.2739999999999998E+001",33,1,3037,"2.273E+001","1.137533E+002","1,33"
"1.137333E+002","2.2739999999999998E+001",33,0,3036,"2.273E+001","1.137433E+002","0,33"
"1.146433E+002","2.273E+001",32,91,3035,"2.2719999999999999E+001","1.146533E+002","91,32"
"1.1463330000000001E+002","2.273E+001",32,90,3034,"2.2719999999999999E+001","1.146433E+002","90,32"
"1.146233E+002","2.273E+001",32,89,3033,"2.2719999999999999E+001","1.1463330000000001E+002","89,32"
"1.146133E+002","2.273E+001",32,88,3032,"2.2719999999999999E+001","1.146233E+002","88,32"
"1.146033E+002","2.273E+001",32,87,3031,"2.2719999999999999E+001","1.146133E+002","87,32"
"1.145933E+002","2.273E+001",32,86,3030,"2.2719999999999999E+001","1.146033E+002","86,32"
"1.140033E+002","2.2440000000000001E+001",3,27,303,"2.243E+001","1.140133E+002","27,3"
"1.1458329999999999E+002","2.273E+001",32,85,3029,"2.2719999999999999E+001","1.145933E+002","85,32"
"1.145733E+002","2.273E+001",32,84,3028,"2.2719999999999999E+001","1.1458329999999999E+002","84,32"
"1.145633E+002","2.273E+001",32,83,3027,"2.2719999999999999E+001","1.145733E+002","83,32"
"1.1455329999999999E+002","2.273E+001",32,82,3026,"2.2719999999999999E+001","1.145633E+002","82,32"
"1.145433E+002","2.273E+001",32,81,3025,"2.2719999999999999E+001","1.1455329999999999E+002","81,32"
"1.145333E+002","2.273E+001",32,80,3024,"2.2719999999999999E+001","1.145433E+002","80,32"
"1.1452330000000001E+002","2.273E+001",32,79,3023,"2.2719999999999999E+001","1.145333E+002","79,32"
"1.145133E+002","2.273E+001",32,78,3022,"2.2719999999999999E+001","1.1452330000000001E+002","78,32"
"1.145033E+002","2.273E+001",32,77,3021,"2.2719999999999999E+001","1.145133E+002","77,32"
"1.144933E+002","2.273E+001",32,76,3020,"2.2719999999999999E+001","1.145033E+002","76,32"
"1.139933E+002","2.2440000000000001E+001",3,26,302,"2.243E+001","1.140033E+002","26,3"
"1.144833E+002","2.273E+001",32,75,3019,"2.2719999999999999E+001","1.144933E+002","75,32"
"1.1447329999999999E+002","2.273E+001",32,74,3018,"2.2719999999999999E+001","1.144833E+002","74,32"
"1.144633E+002","2.273E+001",32,73,3017,"2.2719999999999999E+001","1.1447329999999999E+002","73,32"
"1.144533E+002","2.273E+001",32,72,3016,"2.2719999999999999E+001","1.144633E+002","72,32"
"1.1444329999999999E+002","2.273E+001",32,71,3015,"2.2719999999999999E+001","1.144533E+002","71,32"
"1.144333E+002","2.273E+001",32,70,3014,"2.2719999999999999E+001","1.1444329999999999E+002","70,32"
"1.144233E+002","2.273E+001",32,69,3013,"2.2719999999999999E+001","1.144333E+002","69,32"
"1.1441330000000001E+002","2.273E+001",32,68,3012,"2.2719999999999999E+001","1.144233E+002","68,32"
"1.144033E+002","2.273E+001",32,67,3011,"2.2719999999999999E+001","1.1441330000000001E+002","67,32"
"1.143933E+002","2.273E+001",32,66,3010,"2.2719999999999999E+001","1.144033E+002","66,32"
"1.142833E+002","2.248E+001",7,55,699,"2.2469999999999999E+001","1.142933E+002","55,7"
"1.1427330000000001E+002","2.248E+001",7,54,698,"2.2469999999999999E+001","1.142833E+002","54,7"
"1.142633E+002","2.248E+001",7,53,697,"2.2469999999999999E+001","1.1427330000000001E+002","53,7"
"1.142533E+002","2.248E+001",7,52,696,"2.2469999999999999E+001","1.142633E+002","52,7"
"1.142433E+002","2.248E+001",7,51,695,"2.2469999999999999E+001","1.142533E+002","51,7"
"1.142333E+002","2.248E+001",7,50,694,"2.2469999999999999E+001","1.142433E+002","50,7"
"1.1422329999999999E+002","2.248E+001",7,49,693,"2.2469999999999999E+001","1.142333E+002","49,7"
"1.142133E+002","2.248E+001",7,48,692,"2.2469999999999999E+001","1.1422329999999999E+002","48,7"
"1.142033E+002","2.248E+001",7,47,691,"2.2469999999999999E+001","1.142133E+002","47,7"
"1.1419329999999999E+002","2.248E+001",7,46,690,"2.2469999999999999E+001","1.142033E+002","46,7"
"1.144233E+002","2.241E+001",0,69,69,"2.2399999999999999E+001","1.144333E+002","69,0"
"1.141833E+002","2.248E+001",7,45,689,"2.2469999999999999E+001","1.1419329999999999E+002","45,7"
"1.141733E+002","2.248E+001",7,44,688,"2.2469999999999999E+001","1.141833E+002","44,7"
"1.1416330000000001E+002","2.248E+001",7,43,687,"2.2469999999999999E+001","1.141733E+002","43,7"
"1.141533E+002","2.248E+001",7,42,686,"2.2469999999999999E+001","1.1416330000000001E+002","42,7"
"1.141433E+002","2.248E+001",7,41,685,"2.2469999999999999E+001","1.141533E+002","41,7"
"1.1413330000000001E+002","2.248E+001",7,40,684,"2.2469999999999999E+001","1.141433E+002","40,7"
"1.141233E+002","2.248E+001",7,39,683,"2.2469999999999999E+001","1.1413330000000001E+002","39,7"
"1.141133E+002","2.248E+001",7,38,682,"2.2469999999999999E+001","1.141233E+002","38,7"
"1.141033E+002","2.248E+001",7,37,681,"2.2469999999999999E+001","1.141133E+002","37,7"
"1.140933E+002","2.248E+001",7,36,680,"2.2469999999999999E+001","1.141033E+002","36,7"
"1.1441330000000001E+002","2.241E+001",0,68,68,"2.2399999999999999E+001","1.144233E+002","68,0"
"1.1408329999999999E+002","2.248E+001",7,35,679,"2.2469999999999999E+001","1.140933E+002","35,7"
"1.140733E+002","2.248E+001",7,34,678,"2.2469999999999999E+001","1.1408329999999999E+002","34,7"
"1.140633E+002","2.248E+001",7,33,677,"2.2469999999999999E+001","1.140733E+002","33,7"
"1.1405329999999999E+002","2.248E+001",7,32,676,"2.2469999999999999E+001","1.140633E+002","32,7"
"1.140433E+002","2.248E+001",7,31,675,"2.2469999999999999E+001","1.1405329999999999E+002","31,7"
"1.140333E+002","2.248E+001",7,30,674,"2.2469999999999999E+001","1.140433E+002","30,7"
"1.1402330000000001E+002","2.248E+001",7,29,673,"2.2469999999999999E+001","1.140333E+002","29,7"
"1.140133E+002","2.248E+001",7,28,672,"2.2469999999999999E+001","1.1402330000000001E+002","28,7"
"1.140033E+002","2.248E+001",7,27,671,"2.2469999999999999E+001","1.140133E+002","27,7"
"1.139933E+002","2.248E+001",7,26,670,"2.2469999999999999E+001","1.140033E+002","26,7"
"1.144033E+002","2.241E+001",0,67,67,"2.2399999999999999E+001","1.1441330000000001E+002","67,0"
"1.139833E+002","2.248E+001",7,25,669,"2.2469999999999999E+001","1.139933E+002","25,7"
"1.1397329999999999E+002","2.248E+001",7,24,668,"2.2469999999999999E+001","1.139833E+002","24,7"
"1.139633E+002","2.248E+001",7,23,667,"2.2469999999999999E+001","1.1397329999999999E+002","23,7"
"1.139533E+002","2.248E+001",7,22,666,"2.2469999999999999E+001","1.139633E+002","22,7"
"1.1394329999999999E+002","2.248E+001",7,21,665,"2.2469999999999999E+001","1.139533E+002","21,7"
"1.139333E+002","2.248E+001",7,20,664,"2.2469999999999999E+001","1.1394329999999999E+002","20,7"
"1.139233E+002","2.248E+001",7,19,663,"2.2469999999999999E+001","1.139333E+002","19,7"
"1.1391330000000001E+002","2.248E+001",7,18,662,"2.2469999999999999E+001","1.139233E+002","18,7"
"1.139033E+002","2.248E+001",7,17,661,"2.2469999999999999E+001","1.1391330000000001E+002","17,7"
"1.138933E+002","2.248E+001",7,16,660,"2.2469999999999999E+001","1.139033E+002","16,7"
"1.143933E+002","2.241E+001",0,66,66,"2.2399999999999999E+001","1.144033E+002","66,0"
"1.1388330000000001E+002","2.248E+001",7,15,659,"2.2469999999999999E+001","1.138933E+002","15,7"
"1.138733E+002","2.248E+001",7,14,658,"2.2469999999999999E+001","1.1388330000000001E+002","14,7"
"1.138633E+002","2.248E+001",7,13,657,"2.2469999999999999E+001","1.138733E+002","13,7"
"1.138533E+002","2.248E+001",7,12,656,"2.2469999999999999E+001","1.138633E+002","12,7"
"1.138433E+002","2.248E+001",7,11,655,"2.2469999999999999E+001","1.138533E+002","11,7"
"1.1383329999999999E+002","2.248E+001",7,10,654,"2.2469999999999999E+001","1.138433E+002","10,7"
"1.138233E+002","2.248E+001",7,9,653,"2.2469999999999999E+001","1.1383329999999999E+002","9,7"
"1.138133E+002","2.248E+001",7,8,652,"2.2469999999999999E+001","1.138233E+002","8,7"
"1.1380329999999999E+002","2.248E+001",7,7,651,"2.2469999999999999E+001","1.138133E+002","7,7"
"1.137933E+002","2.248E+001",7,6,650,"2.2469999999999999E+001","1.1380329999999999E+002","6,7"
"1.1438330000000001E+002","2.241E+001",0,65,65,"2.2399999999999999E+001","1.143933E+002","65,0"
"1.137833E+002","2.248E+001",7,5,649,"2.2469999999999999E+001","1.137933E+002","5,7"
"1.1377330000000001E+002","2.248E+001",7,4,648,"2.2469999999999999E+001","1.137833E+002","4,7"
"1.137633E+002","2.248E+001",7,3,647,"2.2469999999999999E+001","1.1377330000000001E+002","3,7"
"1.137533E+002","2.248E+001",7,2,646,"2.2469999999999999E+001","1.137633E+002","2,7"
"1.137433E+002","2.248E+001",7,1,645,"2.2469999999999999E+001","1.137533E+002","1,7"
"1.137333E+002","2.248E+001",7,0,644,"2.2469999999999999E+001","1.137433E+002","0,7"
"1.146433E+002","2.2469999999999999E+001",6,91,643,"2.2460000000000001E+001","1.146533E+002","91,6"
"1.1463330000000001E+002","2.2469999999999999E+001",6,90,642,"2.2460000000000001E+001","1.146433E+002","90,6"
"1.146233E+002","2.2469999999999999E+001",6,89,641,"2.2460000000000001E+001","1.1463330000000001E+002","89,6"
"1.146133E+002","2.2469999999999999E+001",6,88,640,"2.2460000000000001E+001","1.146233E+002","88,6"
"1.143733E+002","2.241E+001",0,64,64,"2.2399999999999999E+001","1.1438330000000001E+002","64,0"
"1.146033E+002","2.2469999999999999E+001",6,87,639,"2.2460000000000001E+001","1.146133E+002","87,6"
"1.145933E+002","2.2469999999999999E+001",6,86,638,"2.2460000000000001E+001","1.146033E+002","86,6"
"1.1458329999999999E+002","2.2469999999999999E+001",6,85,637,"2.2460000000000001E+001","1.145933E+002","85,6"
"1.145733E+002","2.2469999999999999E+001",6,84,636,"2.2460000000000001E+001","1.1458329999999999E+002","84,6"
"1.141833E+002","2.2449999999999999E+001",4,45,413,"2.2440000000000001E+001","1.1419329999999999E+002","45,4"
"1.145433E+002","2.2850000000000001E+001",44,81,4129,"2.284E+001","1.1455329999999999E+002","81,44"
"1.145333E+002","2.2850000000000001E+001",44,80,4128,"2.284E+001","1.145433E+002","80,44"
"1.1452330000000001E+002","2.2850000000000001E+001",44,79,4127,"2.284E+001","1.145333E+002","79,44"
"1.145133E+002","2.2850000000000001E+001",44,78,4126,"2.284E+001","1.1452330000000001E+002","78,44"
"1.145033E+002","2.2850000000000001E+001",44,77,4125,"2.284E+001","1.145133E+002","77,44"
"1.144933E+002","2.2850000000000001E+001",44,76,4124,"2.284E+001","1.145033E+002","76,44"
"1.144833E+002","2.2850000000000001E+001",44,75,4123,"2.284E+001","1.144933E+002","75,44"
"1.1447329999999999E+002","2.2850000000000001E+001",44,74,4122,"2.284E+001","1.144833E+002","74,44"
"1.144633E+002","2.2850000000000001E+001",44,73,4121,"2.284E+001","1.1447329999999999E+002","73,44"
"1.144533E+002","2.2850000000000001E+001",44,72,4120,"2.284E+001","1.144633E+002","72,44"
"1.141733E+002","2.2449999999999999E+001",4,44,412,"2.2440000000000001E+001","1.141833E+002","44,4"
"1.1444329999999999E+002","2.2850000000000001E+001",44,71,4119,"2.284E+001","1.144533E+002","71,44"
"1.144333E+002","2.2850000000000001E+001",44,70,4118,"2.284E+001","1.1444329999999999E+002","70,44"
"1.144233E+002","2.2850000000000001E+001",44,69,4117,"2.284E+001","1.144333E+002","69,44"
"1.1441330000000001E+002","2.2850000000000001E+001",44,68,4116,"2.284E+001","1.144233E+002","68,44"
"1.144033E+002","2.2850000000000001E+001",44,67,4115,"2.284E+001","1.1441330000000001E+002","67,44"
"1.143933E+002","2.2850000000000001E+001",44,66,4114,"2.284E+001","1.144033E+002","66,44"
"1.1438330000000001E+002","2.2850000000000001E+001",44,65,4113,"2.284E+001","1.143933E+002","65,44"
"1.143733E+002","2.2850000000000001E+001",44,64,4112,"2.284E+001","1.1438330000000001E+002","64,44"
"1.143633E+002","2.2850000000000001E+001",44,63,4111,"2.284E+001","1.143733E+002","63,44"
"1.143533E+002","2.2850000000000001E+001",44,62,4110,"2.284E+001","1.143633E+002","62,44"
"1.1416330000000001E+002","2.2449999999999999E+001",4,43,411,"2.2440000000000001E+001","1.141733E+002","43,4"
"1.143433E+002","2.2850000000000001E+001",44,61,4109,"2.284E+001","1.143533E+002","61,44"
"1.1433329999999999E+002","2.2850000000000001E+001",44,60,4108,"2.284E+001","1.143433E+002","60,44"
"1.143233E+002","2.2850000000000001E+001",44,59,4107,"2.284E+001","1.1433329999999999E+002","59,44"
"1.143133E+002","2.2850000000000001E+001",44,58,4106,"2.284E+001","1.143233E+002","58,44"
"1.1430329999999999E+002","2.2850000000000001E+001",44,57,4105,"2.284E+001","1.143133E+002","57,44"
"1.142933E+002","2.2850000000000001E+001",44,56,4104,"2.284E+001","1.1430329999999999E+002","56,44"
"1.142833E+002","2.2850000000000001E+001",44,55,4103,"2.284E+001","1.142933E+002","55,44"
"1.1427330000000001E+002","2.2850000000000001E+001",44,54,4102,"2.284E+001","1.142833E+002","54,44"
"1.142633E+002","2.2850000000000001E+001",44,53,4101,"2.284E+001","1.1427330000000001E+002","53,44"
"1.142533E+002","2.2850000000000001E+001",44,52,4100,"2.284E+001","1.142633E+002","52,44"
"1.141533E+002","2.2449999999999999E+001",4,42,410,"2.2440000000000001E+001","1.1416330000000001E+002","42,4"
"1.141433E+002","2.241E+001",0,41,41,"2.2399999999999999E+001","1.141533E+002","41,0"
"1.142433E+002","2.2850000000000001E+001",44,51,4099,"2.284E+001","1.142533E+002","51,44"
"1.142333E+002","2.2850000000000001E+001",44,50,4098,"2.284E+001","1.142433E+002","50,44"
"1.1422329999999999E+002","2.2850000000000001E+001",44,49,4097,"2.284E+001","1.142333E+002","49,44"
"1.142133E+002","2.2850000000000001E+001",44,48,4096,"2.284E+001","1.1422329999999999E+002","48,44"
"1.142033E+002","2.2850000000000001E+001",44,47,4095,"2.284E+001","1.142133E+002","47,44"
"1.1419329999999999E+002","2.2850000000000001E+001",44,46,4094,"2.284E+001","1.142033E+002","46,44"
"1.141833E+002","2.2850000000000001E+001",44,45,4093,"2.284E+001","1.1419329999999999E+002","45,44"
"1.141733E+002","2.2850000000000001E+001",44,44,4092,"2.284E+001","1.141833E+002","44,44"
"1.1416330000000001E+002","2.2850000000000001E+001",44,43,4091,"2.284E+001","1.141733E+002","43,44"
"1.141533E+002","2.2850000000000001E+001",44,42,4090,"2.284E+001","1.1416330000000001E+002","42,44"
"1.141433E+002","2.2449999999999999E+001",4,41,409,"2.2440000000000001E+001","1.141533E+002","41,4"
"1.141433E+002","2.2850000000000001E+001",44,41,4089,"2.284E+001","1.141533E+002","41,44"
"1.1413330000000001E+002","2.2850000000000001E+001",44,40,4088,"2.284E+001","1.141433E+002","40,44"
"1.141233E+002","2.2850000000000001E+001",44,39,4087,"2.284E+001","1.1413330000000001E+002","39,44"
"1.141133E+002","2.2850000000000001E+001",44,38,4086,"2.284E+001","1.141233E+002","38,44"
"1.141033E+002","2.2850000000000001E+001",44,37,4085,"2.284E+001","1.141133E+002","37,44"
"1.140933E+002","2.2850000000000001E+001",44,36,4084,"2.284E+001","1.141033E+002","36,44"
"1.1408329999999999E+002","2.2850000000000001E+001",44,35,4083,"2.284E+001","1.140933E+002","35,44"
"1.140733E+002","2.2850000000000001E+001",44,34,4082,"2.284E+001","1.1408329999999999E+002","34,44"
"1.140633E+002","2.2850000000000001E+001",44,33,4081,"2.284E+001","1.140733E+002","33,44"
"1.1405329999999999E+002","2.2850000000000001E+001",44,32,4080,"2.284E+001","1.140633E+002","32,44"
"1.1413330000000001E+002","2.2449999999999999E+001",4,40,408,"2.2440000000000001E+001","1.141433E+002","40,4"
"1.140433E+002","2.2850000000000001E+001",44,31,4079,"2.284E+001","1.1405329999999999E+002","31,44"
"1.140333E+002","2.2850000000000001E+001",44,30,4078,"2.284E+001","1.140433E+002","30,44"
"1.1402330000000001E+002","2.2850000000000001E+001",44,29,4077,"2.284E+001","1.140333E+002","29,44"
"1.140133E+002","2.2850000000000001E+001",44,28,4076,"2.284E+001","1.1402330000000001E+002","28,44"
"1.140033E+002","2.2850000000000001E+001",44,27,4075,"2.284E+001","1.140133E+002","27,44"
"1.139933E+002","2.2850000000000001E+001",44,26,4074,"2.284E+001","1.140033E+002","26,44"
"1.139833E+002","2.2850000000000001E+001",44,25,4073,"2.284E+001","1.139933E+002","25,44"
"1.1397329999999999E+002","2.2850000000000001E+001",44,24,4072,"2.284E+001","1.139833E+002","24,44"
"1.139633E+002","2.2850000000000001E+001",44,23,4071,"2.284E+001","1.1397329999999999E+002","23,44"
"1.139533E+002","2.2850000000000001E+001",44,22,4070,"2.284E+001","1.139633E+002","22,44"
"1.1408329999999999E+002","2.2760000000000002E+001",35,35,3255,"2.275E+001","1.140933E+002","35,35"
"1.140733E+002","2.2760000000000002E+001",35,34,3254,"2.275E+001","1.1408329999999999E+002","34,35"
"1.140633E+002","2.2760000000000002E+001",35,33,3253,"2.275E+001","1.140733E+002","33,35"
"1.1405329999999999E+002","2.2760000000000002E+001",35,32,3252,"2.275E+001","1.140633E+002","32,35"
"1.140433E+002","2.2760000000000002E+001",35,31,3251,"2.275E+001","1.1405329999999999E+002","31,35"
"1.140333E+002","2.2760000000000002E+001",35,30,3250,"2.275E+001","1.140433E+002","30,35"
"1.1422329999999999E+002","2.2440000000000001E+001",3,49,325,"2.243E+001","1.142333E+002","49,3"
"1.1402330000000001E+002","2.2760000000000002E+001",35,29,3249,"2.275E+001","1.140333E+002","29,35"
"1.140133E+002","2.2760000000000002E+001",35,28,3248,"2.275E+001","1.1402330000000001E+002","28,35"
"1.140033E+002","2.2760000000000002E+001",35,27,3247,"2.275E+001","1.140133E+002","27,35"
"1.139933E+002","2.2760000000000002E+001",35,26,3246,"2.275E+001","1.140033E+002","26,35"
"1.139833E+002","2.2760000000000002E+001",35,25,3245,"2.275E+001","1.139933E+002","25,35"
"1.1397329999999999E+002","2.2760000000000002E+001",35,24,3244,"2.275E+001","1.139833E+002","24,35"
"1.139633E+002","2.2760000000000002E+001",35,23,3243,"2.275E+001","1.1397329999999999E+002","23,35"
"1.139533E+002","2.2760000000000002E+001",35,22,3242,"2.275E+001","1.139633E+002","22,35"
"1.1394329999999999E+002","2.2760000000000002E+001",35,21,3241,"2.275E+001","1.139533E+002","21,35"
"1.139333E+002","2.2760000000000002E+001",35,20,3240,"2.275E+001","1.1394329999999999E+002","20,35"
"1.142133E+002","2.2440000000000001E+001",3,48,324,"2.243E+001","1.1422329999999999E+002","48,3"
"1.139233E+002","2.2760000000000002E+001",35,19,3239,"2.275E+001","1.139333E+002","19,35"
"1.1391330000000001E+002","2.2760000000000002E+001",35,18,3238,"2.275E+001","1.139233E+002","18,35"
"1.139033E+002","2.2760000000000002E+001",35,17,3237,"2.275E+001","1.1391330000000001E+002","17,35"
"1.138933E+002","2.2760000000000002E+001",35,16,3236,"2.275E+001","1.139033E+002","16,35"
"1.1388330000000001E+002","2.2760000000000002E+001",35,15,3235,"2.275E+001","1.138933E+002","15,35"
"1.138733E+002","2.2760000000000002E+001",35,14,3234,"2.275E+001","1.1388330000000001E+002","14,35"
"1.138633E+002","2.2760000000000002E+001",35,13,3233,"2.275E+001","1.138733E+002","13,35"
"1.138533E+002","2.2760000000000002E+001",35,12,3232,"2.275E+001","1.138633E+002","12,35"
"1.138433E+002","2.2760000000000002E+001",35,11,3231,"2.275E+001","1.138533E+002","11,35"
"1.1383329999999999E+002","2.2760000000000002E+001",35,10,3230,"2.275E+001","1.138433E+002","10,35"
"1.142033E+002","2.2440000000000001E+001",3,47,323,"2.243E+001","1.142133E+002","47,3"
"1.138233E+002","2.2760000000000002E+001",35,9,3229,"2.275E+001","1.1383329999999999E+002","9,35"
"1.138133E+002","2.2760000000000002E+001",35,8,3228,"2.275E+001","1.138233E+002","8,35"
"1.1380329999999999E+002","2.2760000000000002E+001",35,7,3227,"2.275E+001","1.138133E+002","7,35"
"1.137933E+002","2.2760000000000002E+001",35,6,3226,"2.275E+001","1.1380329999999999E+002","6,35"
"1.137833E+002","2.2760000000000002E+001",35,5,3225,"2.275E+001","1.137933E+002","5,35"
"1.1377330000000001E+002","2.2760000000000002E+001",35,4,3224,"2.275E+001","1.137833E+002","4,35"
"1.137633E+002","2.2760000000000002E+001",35,3,3223,"2.275E+001","1.1377330000000001E+002","3,35"
"1.137533E+002","2.2760000000000002E+001",35,2,3222,"2.275E+001","1.137633E+002","2,35"
"1.137433E+002","2.2760000000000002E+001",35,1,3221,"2.275E+001","1.137533E+002","1,35"
"1.137333E+002","2.2760000000000002E+001",35,0,3220,"2.275E+001","1.137433E+002","0,35"
"1.1419329999999999E+002","2.2440000000000001E+001",3,46,322,"2.243E+001","1.142033E+002","46,3"
"1.146433E+002","2.275E+001",34,91,3219,"2.2739999999999998E+001","1.146533E+002","91,34"
"1.1463330000000001E+002","2.275E+001",34,90,3218,"2.2739999999999998E+001","1.146433E+002","90,34"
"1.146233E+002","2.275E+001",34,89,3217,"2.2739999999999998E+001","1.1463330000000001E+002","89,34"
"1.146133E+002","2.275E+001",34,88,3216,"2.2739999999999998E+001","1.146233E+002","88,34"
"1.146033E+002","2.275E+001",34,87,3215,"2.2739999999999998E+001","1.146133E+002","87,34"
"1.145933E+002","2.275E+001",34,86,3214,"2.2739999999999998E+001","1.146033E+002","86,34"
"1.1458329999999999E+002","2.275E+001",34,85,3213,"2.2739999999999998E+001","1.145933E+002","85,34"
"1.145733E+002","2.275E+001",34,84,3212,"2.2739999999999998E+001","1.1458329999999999E+002","84,34"
"1.145633E+002","2.275E+001",34,83,3211,"2.2739999999999998E+001","1.145733E+002","83,34"
"1.1455329999999999E+002","2.275E+001",34,82,3210,"2.2739999999999998E+001","1.145633E+002","82,34"
"1.141833E+002","2.2440000000000001E+001",3,45,321,"2.243E+001","1.1419329999999999E+002","45,3"
"1.145433E+002","2.275E+001",34,81,3209,"2.2739999999999998E+001","1.1455329999999999E+002","81,34"
"1.145333E+002","2.275E+001",34,80,3208,"2.2739999999999998E+001","1.145433E+002","80,34"
"1.1452330000000001E+002","2.275E+001",34,79,3207,"2.2739999999999998E+001","1.145333E+002","79,34"
"1.145133E+002","2.275E+001",34,78,3206,"2.2739999999999998E+001","1.1452330000000001E+002","78,34"
"1.145033E+002","2.275E+001",34,77,3205,"2.2739999999999998E+001","1.145133E+002","77,34"
"1.144933E+002","2.275E+001",34,76,3204,"2.2739999999999998E+001","1.145033E+002","76,34"
"1.144833E+002","2.275E+001",34,75,3203,"2.2739999999999998E+001","1.144933E+002","75,34"
"1.1447329999999999E+002","2.275E+001",34,74,3202,"2.2739999999999998E+001","1.144833E+002","74,34"
"1.144633E+002","2.275E+001",34,73,3201,"2.2739999999999998E+001","1.1447329999999999E+002","73,34"
"1.144533E+002","2.275E+001",34,72,3200,"2.2739999999999998E+001","1.144633E+002","72,34"
"1.141733E+002","2.2440000000000001E+001",3,44,320,"2.243E+001","1.141833E+002","44,3"
"1.1405329999999999E+002","2.241E+001",0,32,32,"2.2399999999999999E+001","1.140633E+002","32,0"
"1.1444329999999999E+002","2.275E+001",34,71,3199,"2.2739999999999998E+001","1.144533E+002","71,34"
"1.144333E+002","2.275E+001",34,70,3198,"2.2739999999999998E+001","1.1444329999999999E+002","70,34"
"1.144233E+002","2.275E+001",34,69,3197,"2.2739999999999998E+001","1.144333E+002","69,34"
"1.1441330000000001E+002","2.275E+001",34,68,3196,"2.2739999999999998E+001","1.144233E+002","68,34"
"1.144033E+002","2.275E+001",34,67,3195,"2.2739999999999998E+001","1.1441330000000001E+002","67,34"
"1.1397329999999999E+002","2.2829999999999998E+001",42,24,3888,"2.282E+001","1.139833E+002","24,42"
"1.139633E+002","2.2829999999999998E+001",42,23,3887,"2.282E+001","1.1397329999999999E+002","23,42"
"1.139533E+002","2.2829999999999998E+001",42,22,3886,"2.282E+001","1.139633E+002","22,42"
"1.1394329999999999E+002","2.2829999999999998E+001",42,21,3885,"2.282E+001","1.139533E+002","21,42"
"1.139333E+002","2.2829999999999998E+001",42,20,3884,"2.282E+001","1.1394329999999999E+002","20,42"
"1.139233E+002","2.2829999999999998E+001",42,19,3883,"2.282E+001","1.139333E+002","19,42"
"1.1391330000000001E+002","2.2829999999999998E+001",42,18,3882,"2.282E+001","1.139233E+002","18,42"
"1.139033E+002","2.2829999999999998E+001",42,17,3881,"2.282E+001","1.1391330000000001E+002","17,42"
"1.138933E+002","2.2829999999999998E+001",42,16,3880,"2.282E+001","1.139033E+002","16,42"
"1.139333E+002","2.2449999999999999E+001",4,20,388,"2.2440000000000001E+001","1.1394329999999999E+002","20,4"
"1.1388330000000001E+002","2.2829999999999998E+001",42,15,3879,"2.282E+001","1.138933E+002","15,42"
"1.138733E+002","2.2829999999999998E+001",42,14,3878,"2.282E+001","1.1388330000000001E+002","14,42"
"1.138633E+002","2.2829999999999998E+001",42,13,3877,"2.282E+001","1.138733E+002","13,42"
"1.138533E+002","2.2829999999999998E+001",42,12,3876,"2.282E+001","1.138633E+002","12,42"
"1.138433E+002","2.2829999999999998E+001",42,11,3875,"2.282E+001","1.138533E+002","11,42"
"1.1383329999999999E+002","2.2829999999999998E+001",42,10,3874,"2.282E+001","1.138433E+002","10,42"
"1.138233E+002","2.2829999999999998E+001",42,9,3873,"2.282E+001","1.1383329999999999E+002","9,42"
"1.138133E+002","2.2829999999999998E+001",42,8,3872,"2.282E+001","1.138233E+002","8,42"
"1.1380329999999999E+002","2.2829999999999998E+001",42,7,3871,"2.282E+001","1.138133E+002","7,42"
"1.137933E+002","2.2829999999999998E+001",42,6,3870,"2.282E+001","1.1380329999999999E+002","6,42"
"1.139233E+002","2.2449999999999999E+001",4,19,387,"2.2440000000000001E+001","1.139333E+002","19,4"
"1.137833E+002","2.2829999999999998E+001",42,5,3869,"2.282E+001","1.137933E+002","5,42"
"1.1377330000000001E+002","2.2829999999999998E+001",42,4,3868,"2.282E+001","1.137833E+002","4,42"
"1.137633E+002","2.2829999999999998E+001",42,3,3867,"2.282E+001","1.1377330000000001E+002","3,42"
"1.137533E+002","2.2829999999999998E+001",42,2,3866,"2.282E+001","1.137633E+002","2,42"
"1.137433E+002","2.2829999999999998E+001",42,1,3865,"2.282E+001","1.137533E+002","1,42"
"1.137333E+002","2.2829999999999998E+001",42,0,3864,"2.282E+001","1.137433E+002","0,42"
"1.146433E+002","2.282E+001",41,91,3863,"2.2809999999999999E+001","1.146533E+002","91,41"
"1.1463330000000001E+002","2.282E+001",41,90,3862,"2.2809999999999999E+001","1.146433E+002","90,41"
"1.146233E+002","2.282E+001",41,89,3861,"2.2809999999999999E+001","1.1463330000000001E+002","89,41"
"1.146133E+002","2.282E+001",41,88,3860,"2.2809999999999999E+001","1.146233E+002","88,41"
"1.1391330000000001E+002","2.2449999999999999E+001",4,18,386,"2.2440000000000001E+001","1.139233E+002","18,4"
"1.146033E+002","2.282E+001",41,87,3859,"2.2809999999999999E+001","1.146133E+002","87,41"
"1.145933E+002","2.282E+001",41,86,3858,"2.2809999999999999E+001","1.146033E+002","86,41"
"1.1458329999999999E+002","2.282E+001",41,85,3857,"2.2809999999999999E+001","1.145933E+002","85,41"
"1.145733E+002","2.282E+001",41,84,3856,"2.2809999999999999E+001","1.1458329999999999E+002","84,41"
"1.145633E+002","2.282E+001",41,83,3855,"2.2809999999999999E+001","1.145733E+002","83,41"
"1.1455329999999999E+002","2.282E+001",41,82,3854,"2.2809999999999999E+001","1.145633E+002","82,41"
"1.145433E+002","2.282E+001",41,81,3853,"2.2809999999999999E+001","1.1455329999999999E+002","81,41"
"1.145333E+002","2.282E+001",41,80,3852,"2.2809999999999999E+001","1.145433E+002","80,41"
"1.1452330000000001E+002","2.282E+001",41,79,3851,"2.2809999999999999E+001","1.145333E+002","79,41"
"1.145133E+002","2.282E+001",41,78,3850,"2.2809999999999999E+001","1.1452330000000001E+002","78,41"
"1.139033E+002","2.2449999999999999E+001",4,17,385,"2.2440000000000001E+001","1.1391330000000001E+002","17,4"
"1.145033E+002","2.282E+001",41,77,3849,"2.2809999999999999E+001","1.145133E+002","77,41"
"1.144933E+002","2.282E+001",41,76,3848,"2.2809999999999999E+001","1.145033E+002","76,41"
"1.144833E+002","2.282E+001",41,75,3847,"2.2809999999999999E+001","1.144933E+002","75,41"
"1.1447329999999999E+002","2.282E+001",41,74,3846,"2.2809999999999999E+001","1.144833E+002","74,41"
"1.144633E+002","2.282E+001",41,73,3845,"2.2809999999999999E+001","1.1447329999999999E+002","73,41"
"1.144533E+002","2.282E+001",41,72,3844,"2.2809999999999999E+001","1.144633E+002","72,41"
"1.1444329999999999E+002","2.282E+001",41,71,3843,"2.2809999999999999E+001","1.144533E+002","71,41"
"1.144333E+002","2.282E+001",41,70,3842,"2.2809999999999999E+001","1.1444329999999999E+002","70,41"
"1.144233E+002","2.282E+001",41,69,3841,"2.2809999999999999E+001","1.144333E+002","69,41"
"1.1441330000000001E+002","2.282E+001",41,68,3840,"2.2809999999999999E+001","1.144233E+002","68,41"
"1.138933E+002","2.2449999999999999E+001",4,16,384,"2.2440000000000001E+001","1.139033E+002","16,4"
"1.144033E+002","2.282E+001",41,67,3839,"2.2809999999999999E+001","1.1441330000000001E+002","67,41"
"1.143933E+002","2.282E+001",41,66,3838,"2.2809999999999999E+001","1.144033E+002","66,41"
"1.1438330000000001E+002","2.282E+001",41,65,3837,"2.2809999999999999E+001","1.143933E+002","65,41"
"1.143733E+002","2.282E+001",41,64,3836,"2.2809999999999999E+001","1.1438330000000001E+002","64,41"
"1.143633E+002","2.282E+001",41,63,3835,"2.2809999999999999E+001","1.143733E+002","63,41"
"1.143533E+002","2.282E+001",41,62,3834,"2.2809999999999999E+001","1.143633E+002","62,41"
"1.143433E+002","2.282E+001",41,61,3833,"2.2809999999999999E+001","1.143533E+002","61,41"
"1.1433329999999999E+002","2.282E+001",41,60,3832,"2.2809999999999999E+001","1.143433E+002","60,41"
"1.143233E+002","2.282E+001",41,59,3831,"2.2809999999999999E+001","1.1433329999999999E+002","59,41"
"1.143133E+002","2.282E+001",41,58,3830,"2.2809999999999999E+001","1.143233E+002","58,41"
"1.1388330000000001E+002","2.2449999999999999E+001",4,15,383,"2.2440000000000001E+001","1.138933E+002","15,4"
"1.1430329999999999E+002","2.282E+001",41,57,3829,"2.2809999999999999E+001","1.143133E+002","57,41"
"1.142933E+002","2.282E+001",41,56,3828,"2.2809999999999999E+001","1.1430329999999999E+002","56,41"
"1.142833E+002","2.282E+001",41,55,3827,"2.2809999999999999E+001","1.142933E+002","55,41"
"1.1438330000000001E+002","2.25E+001",9,65,893,"2.2489999999999998E+001","1.143933E+002","65,9"
"1.143733E+002","2.25E+001",9,64,892,"2.2489999999999998E+001","1.1438330000000001E+002","64,9"
"1.143633E+002","2.25E+001",9,63,891,"2.2489999999999998E+001","1.143733E+002","63,9"
"1.143533E+002","2.25E+001",9,62,890,"2.2489999999999998E+001","1.143633E+002","62,9"
"1.146233E+002","2.241E+001",0,89,89,"2.2399999999999999E+001","1.1463330000000001E+002","89,0"
"1.143433E+002","2.25E+001",9,61,889,"2.2489999999999998E+001","1.143533E+002","61,9"
"1.1433329999999999E+002","2.25E+001",9,60,888,"2.2489999999999998E+001","1.143433E+002","60,9"
"1.143233E+002","2.25E+001",9,59,887,"2.2489999999999998E+001","1.1433329999999999E+002","59,9"
"1.143133E+002","2.25E+001",9,58,886,"2.2489999999999998E+001","1.143233E+002","58,9"
"1.1430329999999999E+002","2.25E+001",9,57,885,"2.2489999999999998E+001","1.143133E+002","57,9"
"1.142933E+002","2.25E+001",9,56,884,"2.2489999999999998E+001","1.1430329999999999E+002","56,9"
"1.142833E+002","2.25E+001",9,55,883,"2.2489999999999998E+001","1.142933E+002","55,9"
"1.1427330000000001E+002","2.25E+001",9,54,882,"2.2489999999999998E+001","1.142833E+002","54,9"
"1.142633E+002","2.25E+001",9,53,881,"2.2489999999999998E+001","1.1427330000000001E+002","53,9"
"1.142533E+002","2.25E+001",9,52,880,"2.2489999999999998E+001","1.142633E+002","52,9"
"1.146133E+002","2.241E+001",0,88,88,"2.2399999999999999E+001","1.146233E+002","88,0"
"1.142433E+002","2.25E+001",9,51,879,"2.2489999999999998E+001","1.142533E+002","51,9"
"1.142333E+002","2.25E+001",9,50,878,"2.2489999999999998E+001","1.142433E+002","50,9"
"1.1422329999999999E+002","2.25E+001",9,49,877,"2.2489999999999998E+001","1.142333E+002","49,9"
"1.142133E+002","2.25E+001",9,48,876,"2.2489999999999998E+001","1.1422329999999999E+002","48,9"
"1.142033E+002","2.25E+001",9,47,875,"2.2489999999999998E+001","1.142133E+002","47,9"
"1.1419329999999999E+002","2.25E+001",9,46,874,"2.2489999999999998E+001","1.142033E+002","46,9"
"1.141833E+002","2.25E+001",9,45,873,"2.2489999999999998E+001","1.1419329999999999E+002","45,9"
"1.141733E+002","2.25E+001",9,44,872,"2.2489999999999998E+001","1.141833E+002","44,9"
"1.1416330000000001E+002","2.25E+001",9,43,871,"2.2489999999999998E+001","1.141733E+002","43,9"
"1.141533E+002","2.25E+001",9,42,870,"2.2489999999999998E+001","1.1416330000000001E+002","42,9"
"1.146033E+002","2.241E+001",0,87,87,"2.2399999999999999E+001","1.146133E+002","87,0"
"1.141433E+002","2.25E+001",9,41,869,"2.2489999999999998E+001","1.141533E+002","41,9"
"1.1413330000000001E+002","2.25E+001",9,40,868,"2.2489999999999998E+001","1.141433E+002","40,9"
"1.141233E+002","2.25E+001",9,39,867,"2.2489999999999998E+001","1.1413330000000001E+002","39,9"
"1.141133E+002","2.25E+001",9,38,866,"2.2489999999999998E+001","1.141233E+002","38,9"
"1.141033E+002","2.25E+001",9,37,865,"2.2489999999999998E+001","1.141133E+002","37,9"
"1.140933E+002","2.25E+001",9,36,864,"2.2489999999999998E+001","1.141033E+002","36,9"
"1.1408329999999999E+002","2.25E+001",9,35,863,"2.2489999999999998E+001","1.140933E+002","35,9"
"1.140733E+002","2.25E+001",9,34,862,"2.2489999999999998E+001","1.1408329999999999E+002","34,9"
"1.140633E+002","2.25E+001",9,33,861,"2.2489999999999998E+001","1.140733E+002","33,9"
"1.1405329999999999E+002","2.25E+001",9,32,860,"2.2489999999999998E+001","1.140633E+002","32,9"
"1.145933E+002","2.241E+001",0,86,86,"2.2399999999999999E+001","1.146033E+002","86,0"
"1.140433E+002","2.25E+001",9,31,859,"2.2489999999999998E+001","1.1405329999999999E+002","31,9"
"1.140333E+002","2.25E+001",9,30,858,"2.2489999999999998E+001","1.140433E+002","30,9"
"1.1402330000000001E+002","2.25E+001",9,29,857,"2.2489999999999998E+001","1.140333E+002","29,9"
"1.140133E+002","2.25E+001",9,28,856,"2.2489999999999998E+001","1.1402330000000001E+002","28,9"
"1.140033E+002","2.25E+001",9,27,855,"2.2489999999999998E+001","1.140133E+002","27,9"
"1.139933E+002","2.25E+001",9,26,854,"2.2489999999999998E+001","1.140033E+002","26,9"
"1.139833E+002","2.25E+001",9,25,853,"2.2489999999999998E+001","1.139933E+002","25,9"
"1.1397329999999999E+002","2.25E+001",9,24,852,"2.2489999999999998E+001","1.139833E+002","24,9"
"1.139633E+002","2.25E+001",9,23,851,"2.2489999999999998E+001","1.1397329999999999E+002","23,9"
"1.139533E+002","2.25E+001",9,22,850,"2.2489999999999998E+001","1.139633E+002","22,9"
"1.1458329999999999E+002","2.241E+001",0,85,85,"2.2399999999999999E+001","1.145933E+002","85,0"
"1.1394329999999999E+002","2.25E+001",9,21,849,"2.2489999999999998E+001","1.139533E+002","21,9"
"1.139333E+002","2.25E+001",9,20,848,"2.2489999999999998E+001","1.1394329999999999E+002","20,9"
"1.139233E+002","2.25E+001",9,19,847,"2.2489999999999998E+001","1.139333E+002","19,9"
"1.1391330000000001E+002","2.25E+001",9,18,846,"2.2489999999999998E+001","1.139233E+002","18,9"
"1.139033E+002","2.25E+001",9,17,845,"2.2489999999999998E+001","1.1391330000000001E+002","17,9"
"1.138933E+002","2.25E+001",9,16,844,"2.2489999999999998E+001","1.139033E+002","16,9"
"1.1388330000000001E+002","2.25E+001",9,15,843,"2.2489999999999998E+001","1.138933E+002","15,9"
"1.138733E+002","2.25E+001",9,14,842,"2.2489999999999998E+001","1.1388330000000001E+002","14,9"
"1.138633E+002","2.25E+001",9,13,841,"2.2489999999999998E+001","1.138733E+002","13,9"
"1.138533E+002","2.25E+001",9,12,840,"2.2489999999999998E+001","1.138633E+002","12,9"
"1.145733E+002","2.241E+001",0,84,84,"2.2399999999999999E+001","1.1458329999999999E+002","84,0"
"1.138433E+002","2.25E+001",9,11,839,"2.2489999999999998E+001","1.138533E+002","11,9"
"1.1383329999999999E+002","2.25E+001",9,10,838,"2.2489999999999998E+001","1.138433E+002","10,9"
"1.138233E+002","2.25E+001",9,9,837,"2.2489999999999998E+001","1.1383329999999999E+002","9,9"
"1.138133E+002","2.25E+001",9,8,836,"2.2489999999999998E+001","1.138233E+002","8,9"
"1.1380329999999999E+002","2.25E+001",9,7,835,"2.2489999999999998E+001","1.138133E+002","7,9"
"1.137933E+002","2.25E+001",9,6,834,"2.2489999999999998E+001","1.1380329999999999E+002","6,9"
"1.137833E+002","2.25E+001",9,5,833,"2.2489999999999998E+001","1.137933E+002","5,9"
"1.1377330000000001E+002","2.25E+001",9,4,832,"2.2489999999999998E+001","1.137833E+002","4,9"
"1.137633E+002","2.25E+001",9,3,831,"2.2489999999999998E+001","1.1377330000000001E+002","3,9"
"1.137533E+002","2.25E+001",9,2,830,"2.2489999999999998E+001","1.137633E+002","2,9"
"1.1416330000000001E+002","2.2510000000000002E+001",10,43,963,"2.25E+001","1.141733E+002","43,10"
"1.141533E+002","2.2510000000000002E+001",10,42,962,"2.25E+001","1.1416330000000001E+002","42,10"
"1.141433E+002","2.2510000000000002E+001",10,41,961,"2.25E+001","1.141533E+002","41,10"
"1.1413330000000001E+002","2.2510000000000002E+001",10,40,960,"2.25E+001","1.141433E+002","40,10"
"1.1377330000000001E+002","2.2420000000000002E+001",1,4,96,"2.241E+001","1.137833E+002","4,1"
"1.141233E+002","2.2510000000000002E+001",10,39,959,"2.25E+001","1.1413330000000001E+002","39,10"
"1.141133E+002","2.2510000000000002E+001",10,38,958,"2.25E+001","1.141233E+002","38,10"
"1.141033E+002","2.2510000000000002E+001",10,37,957,"2.25E+001","1.141133E+002","37,10"
"1.140933E+002","2.2510000000000002E+001",10,36,956,"2.25E+001","1.141033E+002","36,10"
"1.1408329999999999E+002","2.2510000000000002E+001",10,35,955,"2.25E+001","1.140933E+002","35,10"
"1.140733E+002","2.2510000000000002E+001",10,34,954,"2.25E+001","1.1408329999999999E+002","34,10"
"1.140633E+002","2.2510000000000002E+001",10,33,953,"2.25E+001","1.140733E+002","33,10"
"1.1405329999999999E+002","2.2510000000000002E+001",10,32,952,"2.25E+001","1.140633E+002","32,10"
"1.140433E+002","2.2510000000000002E+001",10,31,951,"2.25E+001","1.1405329999999999E+002","31,10"
"1.140333E+002","2.2510000000000002E+001",10,30,950,"2.25E+001","1.140433E+002","30,10"
"1.137633E+002","2.2420000000000002E+001",1,3,95,"2.241E+001","1.1377330000000001E+002","3,1"
"1.1402330000000001E+002","2.2510000000000002E+001",10,29,949,"2.25E+001","1.140333E+002","29,10"
"1.140133E+002","2.2510000000000002E+001",10,28,948,"2.25E+001","1.1402330000000001E+002","28,10"
"1.140033E+002","2.2510000000000002E+001",10,27,947,"2.25E+001","1.140133E+002","27,10"
"1.139933E+002","2.2510000000000002E+001",10,26,946,"2.25E+001","1.140033E+002","26,10"
"1.139833E+002","2.2510000000000002E+001",10,25,945,"2.25E+001","1.139933E+002","25,10"
"1.1397329999999999E+002","2.2510000000000002E+001",10,24,944,"2.25E+001","1.139833E+002","24,10"
"1.139633E+002","2.2510000000000002E+001",10,23,943,"2.25E+001","1.1397329999999999E+002","23,10"
"1.139533E+002","2.2510000000000002E+001",10,22,942,"2.25E+001","1.139633E+002","22,10"
"1.1394329999999999E+002","2.2510000000000002E+001",10,21,941,"2.25E+001","1.139533E+002","21,10"
"1.139333E+002","2.2510000000000002E+001",10,20,940,"2.25E+001","1.1394329999999999E+002","20,10"
"1.137533E+002","2.2420000000000002E+001",1,2,94,"2.241E+001","1.137633E+002","2,1"
"1.139233E+002","2.2510000000000002E+001",10,19,939,"2.25E+001","1.139333E+002","19,10"
"1.1391330000000001E+002","2.2510000000000002E+001",10,18,938,"2.25E+001","1.139233E+002","18,10"
"1.139033E+002","2.2510000000000002E+001",10,17,937,"2.25E+001","1.1391330000000001E+002","17,10"
"1.138933E+002","2.2510000000000002E+001",10,16,936,"2.25E+001","1.139033E+002","16,10"
"1.1388330000000001E+002","2.2510000000000002E+001",10,15,935,"2.25E+001","1.138933E+002","15,10"
"1.138733E+002","2.2510000000000002E+001",10,14,934,"2.25E+001","1.1388330000000001E+002","14,10"
"1.138633E+002","2.2510000000000002E+001",10,13,933,"2.25E+001","1.138733E+002","13,10"
"1.138533E+002","2.2510000000000002E+001",10,12,932,"2.25E+001","1.138633E+002","12,10"
"1.138433E+002","2.2510000000000002E+001",10,11,931,"2.25E+001","1.138533E+002","11,10"
"1.1383329999999999E+002","2.2510000000000002E+001",10,10,930,"2.25E+001","1.138433E+002","10,10"
"1.137433E+002","2.2420000000000002E+001",1,1,93,"2.241E+001","1.137533E+002","1,1"
"1.138233E+002","2.2510000000000002E+001",10,9,929,"2.25E+001","1.1383329999999999E+002","9,10"
"1.138133E+002","2.2510000000000002E+001",10,8,928,"2.25E+001","1.138233E+002","8,10"
"1.1380329999999999E+002","2.2510000000000002E+001",10,7,927,"2.25E+001","1.138133E+002","7,10"
"1.137933E+002","2.2510000000000002E+001",10,6,926,"2.25E+001","1.1380329999999999E+002","6,10"
"1.137833E+002","2.2510000000000002E+001",10,5,925,"2.25E+001","1.137933E+002","5,10"
"1.1377330000000001E+002","2.2510000000000002E+001",10,4,924,"2.25E+001","1.137833E+002","4,10"
"1.137633E+002","2.2510000000000002E+001",10,3,923,"2.25E+001","1.1377330000000001E+002","3,10"
"1.137533E+002","2.2510000000000002E+001",10,2,922,"2.25E+001","1.137633E+002","2,10"
"1.137433E+002","2.2510000000000002E+001",10,1,921,"2.25E+001","1.137533E+002","1,10"
"1.137333E+002","2.2510000000000002E+001",10,0,920,"2.25E+001","1.137433E+002","0,10"
"1.137333E+002","2.2420000000000002E+001",1,0,92,"2.241E+001","1.137433E+002","0,1"
"1.146433E+002","2.25E+001",9,91,919,"2.2489999999999998E+001","1.146533E+002","91,9"
"1.1463330000000001E+002","2.25E+001",9,90,918,"2.2489999999999998E+001","1.146433E+002","90,9"
"1.146233E+002","2.25E+001",9,89,917,"2.2489999999999998E+001","1.1463330000000001E+002","89,9"
"1.146133E+002","2.25E+001",9,88,916,"2.2489999999999998E+001","1.146233E+002","88,9"
"1.146033E+002","2.25E+001",9,87,915,"2.2489999999999998E+001","1.146133E+002","87,9"
"1.145933E+002","2.25E+001",9,86,914,"2.2489999999999998E+001","1.146033E+002","86,9"
"1.1458329999999999E+002","2.25E+001",9,85,913,"2.2489999999999998E+001","1.145933E+002","85,9"
"1.145733E+002","2.25E+001",9,84,912,"2.2489999999999998E+001","1.1458329999999999E+002","84,9"
"1.145633E+002","2.25E+001",9,83,911,"2.2489999999999998E+001","1.145733E+002","83,9"
"1.1455329999999999E+002","2.25E+001",9,82,910,"2.2489999999999998E+001","1.145633E+002","82,9"
"1.146433E+002","2.241E+001",0,91,91,"2.2399999999999999E+001","1.146533E+002","91,0"
"1.145433E+002","2.25E+001",9,81,909,"2.2489999999999998E+001","1.1455329999999999E+002","81,9"
"1.145333E+002","2.25E+001",9,80,908,"2.2489999999999998E+001","1.145433E+002","80,9"
"1.1452330000000001E+002","2.25E+001",9,79,907,"2.2489999999999998E+001","1.145333E+002","79,9"
"1.145133E+002","2.25E+001",9,78,906,"2.2489999999999998E+001","1.1452330000000001E+002","78,9"
"1.145033E+002","2.25E+001",9,77,905,"2.2489999999999998E+001","1.145133E+002","77,9"
"1.144933E+002","2.25E+001",9,76,904,"2.2489999999999998E+001","1.145033E+002","76,9"
"1.144833E+002","2.25E+001",9,75,903,"2.2489999999999998E+001","1.144933E+002","75,9"
"1.1447329999999999E+002","2.25E+001",9,74,902,"2.2489999999999998E+001","1.144833E+002","74,9"
"1.144633E+002","2.25E+001",9,73,901,"2.2489999999999998E+001","1.1447329999999999E+002","73,9"
"1.144533E+002","2.25E+001",9,72,900,"2.2489999999999998E+001","1.144633E+002","72,9"
"1.1463330000000001E+002","2.241E+001",0,90,90,"2.2399999999999999E+001","1.146433E+002","90,0"
"1.138233E+002","2.241E+001",0,9,9,"2.2399999999999999E+001","1.1383329999999999E+002","9,0"
"1.1444329999999999E+002","2.25E+001",9,71,899,"2.2489999999999998E+001","1.144533E+002","71,9"
"1.144333E+002","2.25E+001",9,70,898,"2.2489999999999998E+001","1.1444329999999999E+002","70,9"
"1.144233E+002","2.25E+001",9,69,897,"2.2489999999999998E+001","1.144333E+002","69,9"
"1.1441330000000001E+002","2.25E+001",9,68,896,"2.2489999999999998E+001","1.144233E+002","68,9"
"1.144033E+002","2.25E+001",9,67,895,"2.2489999999999998E+001","1.1441330000000001E+002","67,9"
"1.143933E+002","2.25E+001",9,66,894,"2.2489999999999998E+001","1.144033E+002","66,9"
"1.1452330000000001E+002","2.2510000000000002E+001",10,79,999,"2.25E+001","1.145333E+002","79,10"
"1.145133E+002","2.2510000000000002E+001",10,78,998,"2.25E+001","1.1452330000000001E+002","78,10"
"1.145033E+002","2.2510000000000002E+001",10,77,997,"2.25E+001","1.145133E+002","77,10"
"1.144933E+002","2.2510000000000002E+001",10,76,996,"2.25E+001","1.145033E+002","76,10"
"1.144833E+002","2.2510000000000002E+001",10,75,995,"2.25E+001","1.144933E+002","75,10"
"1.1447329999999999E+002","2.2510000000000002E+001",10,74,994,"2.25E+001","1.144833E+002","74,10"
"1.144633E+002","2.2510000000000002E+001",10,73,993,"2.25E+001","1.1447329999999999E+002","73,10"
"1.144533E+002","2.2510000000000002E+001",10,72,992,"2.25E+001","1.144633E+002","72,10"
"1.1444329999999999E+002","2.2510000000000002E+001",10,71,991,"2.25E+001","1.144533E+002","71,10"
"1.144333E+002","2.2510000000000002E+001",10,70,990,"2.25E+001","1.1444329999999999E+002","70,10"
"1.1380329999999999E+002","2.2420000000000002E+001",1,7,99,"2.241E+001","1.138133E+002","7,1"
"1.144233E+002","2.2510000000000002E+001",10,69,989,"2.25E+001","1.144333E+002","69,10"
"1.1441330000000001E+002","2.2510000000000002E+001",10,68,988,"2.25E+001","1.144233E+002","68,10"
"1.144033E+002","2.2510000000000002E+001",10,67,987,"2.25E+001","1.1441330000000001E+002","67,10"
"1.143933E+002","2.2510000000000002E+001",10,66,986,"2.25E+001","1.144033E+002","66,10"
"1.1438330000000001E+002","2.2510000000000002E+001",10,65,985,"2.25E+001","1.143933E+002","65,10"
"1.143733E+002","2.2510000000000002E+001",10,64,984,"2.25E+001","1.1438330000000001E+002","64,10"
"1.143633E+002","2.2510000000000002E+001",10,63,983,"2.25E+001","1.143733E+002","63,10"
"1.143533E+002","2.2510000000000002E+001",10,62,982,"2.25E+001","1.143633E+002","62,10"
"1.143433E+002","2.2510000000000002E+001",10,61,981,"2.25E+001","1.143533E+002","61,10"
"1.1433329999999999E+002","2.2510000000000002E+001",10,60,980,"2.25E+001","1.143433E+002","60,10"
"1.137933E+002","2.2420000000000002E+001",1,6,98,"2.241E+001","1.1380329999999999E+002","6,1"
"1.143233E+002","2.2510000000000002E+001",10,59,979,"2.25E+001","1.1433329999999999E+002","59,10"
"1.143133E+002","2.2510000000000002E+001",10,58,978,"2.25E+001","1.143233E+002","58,10"
"1.1430329999999999E+002","2.2510000000000002E+001",10,57,977,"2.25E+001","1.143133E+002","57,10"
"1.142933E+002","2.2510000000000002E+001",10,56,976,"2.25E+001","1.1430329999999999E+002","56,10"
"1.142833E+002","2.2510000000000002E+001",10,55,975,"2.25E+001","1.142933E+002","55,10"
"1.1427330000000001E+002","2.2510000000000002E+001",10,54,974,"2.25E+001","1.142833E+002","54,10"
"1.142633E+002","2.2510000000000002E+001",10,53,973,"2.25E+001","1.1427330000000001E+002","53,10"
"1.142533E+002","2.2510000000000002E+001",10,52,972,"2.25E+001","1.142633E+002","52,10"
"1.142433E+002","2.2510000000000002E+001",10,51,971,"2.25E+001","1.142533E+002","51,10"
"1.142333E+002","2.2510000000000002E+001",10,50,970,"2.25E+001","1.142433E+002","50,10"
"1.137833E+002","2.2420000000000002E+001",1,5,97,"2.241E+001","1.137933E+002","5,1"
"1.1422329999999999E+002","2.2510000000000002E+001",10,49,969,"2.25E+001","1.142333E+002","49,10"
"1.142133E+002","2.2510000000000002E+001",10,48,968,"2.25E+001","1.1422329999999999E+002","48,10"
"1.142033E+002","2.2510000000000002E+001",10,47,967,"2.25E+001","1.142133E+002","47,10"
"1.1419329999999999E+002","2.2510000000000002E+001",10,46,966,"2.25E+001","1.142033E+002","46,10"
"1.141833E+002","2.2510000000000002E+001",10,45,965,"2.25E+001","1.1419329999999999E+002","45,10"
"1.141733E+002","2.2510000000000002E+001",10,44,964,"2.25E+001","1.141833E+002","44,10"
"1.144833E+002","2.2530000000000001E+001",12,75,1179,"2.252E+001","1.144933E+002","75,12"
"1.1447329999999999E+002","2.2530000000000001E+001",12,74,1178,"2.252E+001","1.144833E+002","74,12"
"1.144633E+002","2.2530000000000001E+001",12,73,1177,"2.252E+001","1.1447329999999999E+002","73,12"
"1.144533E+002","2.2530000000000001E+001",12,72,1176,"2.252E+001","1.144633E+002","72,12"
"1.1444329999999999E+002","2.2530000000000001E+001",12,71,1175,"2.252E+001","1.144533E+002","71,12"
"1.144333E+002","2.2530000000000001E+001",12,70,1174,"2.252E+001","1.1444329999999999E+002","70,12"
"1.144233E+002","2.2530000000000001E+001",12,69,1173,"2.252E+001","1.144333E+002","69,12"
"1.1441330000000001E+002","2.2530000000000001E+001",12,68,1172,"2.252E+001","1.144233E+002","68,12"
"1.144033E+002","2.2530000000000001E+001",12,67,1171,"2.252E+001","1.1441330000000001E+002","67,12"
"1.143933E+002","2.2530000000000001E+001",12,66,1170,"2.252E+001","1.144033E+002","66,12"
"1.139833E+002","2.2420000000000002E+001",1,25,117,"2.241E+001","1.139933E+002","25,1"
"1.1438330000000001E+002","2.2530000000000001E+001",12,65,1169,"2.252E+001","1.143933E+002","65,12"
"1.143733E+002","2.2530000000000001E+001",12,64,1168,"2.252E+001","1.1438330000000001E+002","64,12"
"1.143633E+002","2.2530000000000001E+001",12,63,1167,"2.252E+001","1.143733E+002","63,12"
"1.143533E+002","2.2530000000000001E+001",12,62,1166,"2.252E+001","1.143633E+002","62,12"
"1.143433E+002","2.2530000000000001E+001",12,61,1165,"2.252E+001","1.143533E+002","61,12"
"1.1433329999999999E+002","2.2530000000000001E+001",12,60,1164,"2.252E+001","1.143433E+002","60,12"
"1.143233E+002","2.2530000000000001E+001",12,59,1163,"2.252E+001","1.1433329999999999E+002","59,12"
"1.143133E+002","2.2530000000000001E+001",12,58,1162,"2.252E+001","1.143233E+002","58,12"
"1.1430329999999999E+002","2.2530000000000001E+001",12,57,1161,"2.252E+001","1.143133E+002","57,12"
"1.142933E+002","2.2530000000000001E+001",12,56,1160,"2.252E+001","1.1430329999999999E+002","56,12"
"1.1397329999999999E+002","2.2420000000000002E+001",1,24,116,"2.241E+001","1.139833E+002","24,1"
"1.142833E+002","2.2530000000000001E+001",12,55,1159,"2.252E+001","1.142933E+002","55,12"
"1.1427330000000001E+002","2.2530000000000001E+001",12,54,1158,"2.252E+001","1.142833E+002","54,12"
"1.142633E+002","2.2530000000000001E+001",12,53,1157,"2.252E+001","1.1427330000000001E+002","53,12"
"1.142533E+002","2.2530000000000001E+001",12,52,1156,"2.252E+001","1.142633E+002","52,12"
"1.142433E+002","2.2530000000000001E+001",12,51,1155,"2.252E+001","1.142533E+002","51,12"
"1.142333E+002","2.2530000000000001E+001",12,50,1154,"2.252E+001","1.142433E+002","50,12"
"1.1422329999999999E+002","2.2530000000000001E+001",12,49,1153,"2.252E+001","1.142333E+002","49,12"
"1.142133E+002","2.2530000000000001E+001",12,48,1152,"2.252E+001","1.1422329999999999E+002","48,12"
"1.142033E+002","2.2530000000000001E+001",12,47,1151,"2.252E+001","1.142133E+002","47,12"
"1.1419329999999999E+002","2.2530000000000001E+001",12,46,1150,"2.252E+001","1.142033E+002","46,12"
"1.139633E+002","2.2420000000000002E+001",1,23,115,"2.241E+001","1.1397329999999999E+002","23,1"
"1.141833E+002","2.2530000000000001E+001",12,45,1149,"2.252E+001","1.1419329999999999E+002","45,12"
"1.141733E+002","2.2530000000000001E+001",12,44,1148,"2.252E+001","1.141833E+002","44,12"
"1.1416330000000001E+002","2.2530000000000001E+001",12,43,1147,"2.252E+001","1.141733E+002","43,12"
"1.141533E+002","2.2530000000000001E+001",12,42,1146,"2.252E+001","1.1416330000000001E+002","42,12"
"1.141433E+002","2.2530000000000001E+001",12,41,1145,"2.252E+001","1.141533E+002","41,12"
"1.1413330000000001E+002","2.2530000000000001E+001",12,40,1144,"2.252E+001","1.141433E+002","40,12"
"1.141233E+002","2.2530000000000001E+001",12,39,1143,"2.252E+001","1.1413330000000001E+002","39,12"
"1.141133E+002","2.2530000000000001E+001",12,38,1142,"2.252E+001","1.141233E+002","38,12"
"1.141033E+002","2.2530000000000001E+001",12,37,1141,"2.252E+001","1.141133E+002","37,12"
"1.140933E+002","2.2530000000000001E+001",12,36,1140,"2.252E+001","1.141033E+002","36,12"
"1.139533E+002","2.2420000000000002E+001",1,22,114,"2.241E+001","1.139633E+002","22,1"
"1.1408329999999999E+002","2.2530000000000001E+001",12,35,1139,"2.252E+001","1.140933E+002","35,12"
"1.140733E+002","2.2530000000000001E+001",12,34,1138,"2.252E+001","1.1408329999999999E+002","34,12"
"1.140633E+002","2.2530000000000001E+001",12,33,1137,"2.252E+001","1.140733E+002","33,12"
"1.1405329999999999E+002","2.2530000000000001E+001",12,32,1136,"2.252E+001","1.140633E+002","32,12"
"1.140433E+002","2.2530000000000001E+001",12,31,1135,"2.252E+001","1.1405329999999999E+002","31,12"
"1.140333E+002","2.2530000000000001E+001",12,30,1134,"2.252E+001","1.140433E+002","30,12"
"1.1402330000000001E+002","2.2530000000000001E+001",12,29,1133,"2.252E+001","1.140333E+002","29,12"
"1.140133E+002","2.2530000000000001E+001",12,28,1132,"2.252E+001","1.1402330000000001E+002","28,12"
"1.140033E+002","2.2530000000000001E+001",12,27,1131,"2.252E+001","1.140133E+002","27,12"
"1.139933E+002","2.2530000000000001E+001",12,26,1130,"2.252E+001","1.140033E+002","26,12"
"1.1394329999999999E+002","2.2420000000000002E+001",1,21,113,"2.241E+001","1.139533E+002","21,1"
"1.139833E+002","2.2530000000000001E+001",12,25,1129,"2.252E+001","1.139933E+002","25,12"
"1.1397329999999999E+002","2.2530000000000001E+001",12,24,1128,"2.252E+001","1.139833E+002","24,12"
"1.139633E+002","2.2530000000000001E+001",12,23,1127,"2.252E+001","1.1397329999999999E+002","23,12"
"1.139533E+002","2.2530000000000001E+001",12,22,1126,"2.252E+001","1.139633E+002","22,12"
"1.1394329999999999E+002","2.2530000000000001E+001",12,21,1125,"2.252E+001","1.139533E+002","21,12"
"1.139333E+002","2.2530000000000001E+001",12,20,1124,"2.252E+001","1.1394329999999999E+002","20,12"
"1.139233E+002","2.2530000000000001E+001",12,19,1123,"2.252E+001","1.139333E+002","19,12"
"1.1391330000000001E+002","2.2530000000000001E+001",12,18,1122,"2.252E+001","1.139233E+002","18,12"
"1.139033E+002","2.2530000000000001E+001",12,17,1121,"2.252E+001","1.1391330000000001E+002","17,12"
"1.138933E+002","2.2530000000000001E+001",12,16,1120,"2.252E+001","1.139033E+002","16,12"
"1.139333E+002","2.2420000000000002E+001",1,20,112,"2.241E+001","1.1394329999999999E+002","20,1"
"1.1388330000000001E+002","2.2530000000000001E+001",12,15,1119,"2.252E+001","1.138933E+002","15,12"
"1.138733E+002","2.2530000000000001E+001",12,14,1118,"2.252E+001","1.1388330000000001E+002","14,12"
"1.138633E+002","2.2530000000000001E+001",12,13,1117,"2.252E+001","1.138733E+002","13,12"
"1.138533E+002","2.2530000000000001E+001",12,12,1116,"2.252E+001","1.138633E+002","12,12"
"1.138433E+002","2.2530000000000001E+001",12,11,1115,"2.252E+001","1.138533E+002","11,12"
"1.1383329999999999E+002","2.2530000000000001E+001",12,10,1114,"2.252E+001","1.138433E+002","10,12"
"1.138233E+002","2.2530000000000001E+001",12,9,1113,"2.252E+001","1.1383329999999999E+002","9,12"
"1.138133E+002","2.2530000000000001E+001",12,8,1112,"2.252E+001","1.138233E+002","8,12"
"1.1380329999999999E+002","2.2530000000000001E+001",12,7,1111,"2.252E+001","1.138133E+002","7,12"
"1.137933E+002","2.2530000000000001E+001",12,6,1110,"2.252E+001","1.1380329999999999E+002","6,12"
"1.139233E+002","2.2420000000000002E+001",1,19,111,"2.241E+001","1.139333E+002","19,1"
"1.137833E+002","2.2530000000000001E+001",12,5,1109,"2.252E+001","1.137933E+002","5,12"
"1.1377330000000001E+002","2.2530000000000001E+001",12,4,1108,"2.252E+001","1.137833E+002","4,12"
"1.137633E+002","2.2530000000000001E+001",12,3,1107,"2.252E+001","1.1377330000000001E+002","3,12"
"1.137533E+002","2.2530000000000001E+001",12,2,1106,"2.252E+001","1.137633E+002","2,12"
"1.137433E+002","2.2530000000000001E+001",12,1,1105,"2.252E+001","1.137533E+002","1,12"
"1.137333E+002","2.2530000000000001E+001",12,0,1104,"2.252E+001","1.137433E+002","0,12"
"1.146433E+002","2.252E+001",11,91,1103,"2.2510000000000002E+001","1.146533E+002","91,11"
"1.1463330000000001E+002","2.252E+001",11,90,1102,"2.2510000000000002E+001","1.146433E+002","90,11"
"1.146233E+002","2.252E+001",11,89,1101,"2.2510000000000002E+001","1.1463330000000001E+002","89,11"
"1.146133E+002","2.252E+001",11,88,1100,"2.2510000000000002E+001","1.146233E+002","88,11"
"1.1391330000000001E+002","2.2420000000000002E+001",1,18,110,"2.241E+001","1.139233E+002","18,1"
"1.138433E+002","2.241E+001",0,11,11,"2.2399999999999999E+001","1.138533E+002","11,0"
"1.146033E+002","2.252E+001",11,87,1099,"2.2510000000000002E+001","1.146133E+002","87,11"
"1.145933E+002","2.252E+001",11,86,1098,"2.2510000000000002E+001","1.146033E+002","86,11"
"1.1458329999999999E+002","2.252E+001",11,85,1097,"2.2510000000000002E+001","1.145933E+002","85,11"
"1.145733E+002","2.252E+001",11,84,1096,"2.2510000000000002E+001","1.1458329999999999E+002","84,11"
"1.145633E+002","2.252E+001",11,83,1095,"2.2510000000000002E+001","1.145733E+002","83,11"
"1.1455329999999999E+002","2.252E+001",11,82,1094,"2.2510000000000002E+001","1.145633E+002","82,11"
"1.145433E+002","2.252E+001",11,81,1093,"2.2510000000000002E+001","1.1455329999999999E+002","81,11"
"1.145333E+002","2.252E+001",11,80,1092,"2.2510000000000002E+001","1.145433E+002","80,11"
"1.1452330000000001E+002","2.252E+001",11,79,1091,"2.2510000000000002E+001","1.145333E+002","79,11"
"1.145133E+002","2.252E+001",11,78,1090,"2.2510000000000002E+001","1.1452330000000001E+002","78,11"
"1.139033E+002","2.2420000000000002E+001",1,17,109,"2.241E+001","1.1391330000000001E+002","17,1"
"1.145033E+002","2.252E+001",11,77,1089,"2.2510000000000002E+001","1.145133E+002","77,11"
"1.144933E+002","2.252E+001",11,76,1088,"2.2510000000000002E+001","1.145033E+002","76,11"
"1.144833E+002","2.252E+001",11,75,1087,"2.2510000000000002E+001","1.144933E+002","75,11"
"1.1447329999999999E+002","2.252E+001",11,74,1086,"2.2510000000000002E+001","1.144833E+002","74,11"
"1.144633E+002","2.252E+001",11,73,1085,"2.2510000000000002E+001","1.1447329999999999E+002","73,11"
"1.144533E+002","2.252E+001",11,72,1084,"2.2510000000000002E+001","1.144633E+002","72,11"
"1.1444329999999999E+002","2.252E+001",11,71,1083,"2.2510000000000002E+001","1.144533E+002","71,11"
"1.144333E+002","2.252E+001",11,70,1082,"2.2510000000000002E+001","1.1444329999999999E+002","70,11"
"1.144233E+002","2.252E+001",11,69,1081,"2.2510000000000002E+001","1.144333E+002","69,11"
"1.1441330000000001E+002","2.252E+001",11,68,1080,"2.2510000000000002E+001","1.144233E+002","68,11"
"1.138933E+002","2.2420000000000002E+001",1,16,108,"2.241E+001","1.139033E+002","16,1"
"1.144033E+002","2.252E+001",11,67,1079,"2.2510000000000002E+001","1.1441330000000001E+002","67,11"
"1.143933E+002","2.252E+001",11,66,1078,"2.2510000000000002E+001","1.144033E+002","66,11"
"1.1438330000000001E+002","2.252E+001",11,65,1077,"2.2510000000000002E+001","1.143933E+002","65,11"
"1.143733E+002","2.252E+001",11,64,1076,"2.2510000000000002E+001","1.1438330000000001E+002","64,11"
"1.143633E+002","2.252E+001",11,63,1075,"2.2510000000000002E+001","1.143733E+002","63,11"
"1.143533E+002","2.252E+001",11,62,1074,"2.2510000000000002E+001","1.143633E+002","62,11"
"1.143433E+002","2.252E+001",11,61,1073,"2.2510000000000002E+001","1.143533E+002","61,11"
"1.1433329999999999E+002","2.252E+001",11,60,1072,"2.2510000000000002E+001","1.143433E+002","60,11"
"1.143233E+002","2.252E+001",11,59,1071,"2.2510000000000002E+001","1.1433329999999999E+002","59,11"
"1.143133E+002","2.252E+001",11,58,1070,"2.2510000000000002E+001","1.143233E+002","58,11"
"1.1388330000000001E+002","2.2420000000000002E+001",1,15,107,"2.241E+001","1.138933E+002","15,1"
"1.1430329999999999E+002","2.252E+001",11,57,1069,"2.2510000000000002E+001","1.143133E+002","57,11"
"1.142933E+002","2.252E+001",11,56,1068,"2.2510000000000002E+001","1.1430329999999999E+002","56,11"
"1.142833E+002","2.252E+001",11,55,1067,"2.2510000000000002E+001","1.142933E+002","55,11"
"1.1427330000000001E+002","2.252E+001",11,54,1066,"2.2510000000000002E+001","1.142833E+002","54,11"
"1.142633E+002","2.252E+001",11,53,1065,"2.2510000000000002E+001","1.1427330000000001E+002","53,11"
"1.142533E+002","2.252E+001",11,52,1064,"2.2510000000000002E+001","1.142633E+002","52,11"
"1.142433E+002","2.252E+001",11,51,1063,"2.2510000000000002E+001","1.142533E+002","51,11"
"1.142333E+002","2.252E+001",11,50,1062,"2.2510000000000002E+001","1.142433E+002","50,11"
"1.1422329999999999E+002","2.252E+001",11,49,1061,"2.2510000000000002E+001","1.142333E+002","49,11"
"1.142133E+002","2.252E+001",11,48,1060,"2.2510000000000002E+001","1.1422329999999999E+002","48,11"
"1.138733E+002","2.2420000000000002E+001",1,14,106,"2.241E+001","1.1388330000000001E+002","14,1"
"1.142033E+002","2.252E+001",11,47,1059,"2.2510000000000002E+001","1.142133E+002","47,11"
"1.1419329999999999E+002","2.252E+001",11,46,1058,"2.2510000000000002E+001","1.142033E+002","46,11"
"1.141833E+002","2.252E+001",11,45,1057,"2.2510000000000002E+001","1.1419329999999999E+002","45,11"
"1.141733E+002","2.252E+001",11,44,1056,"2.2510000000000002E+001","1.141833E+002","44,11"
"1.1416330000000001E+002","2.252E+001",11,43,1055,"2.2510000000000002E+001","1.141733E+002","43,11"
"1.141533E+002","2.252E+001",11,42,1054,"2.2510000000000002E+001","1.1416330000000001E+002","42,11"
"1.141433E+002","2.252E+001",11,41,1053,"2.2510000000000002E+001","1.141533E+002","41,11"
"1.1413330000000001E+002","2.252E+001",11,40,1052,"2.2510000000000002E+001","1.141433E+002","40,11"
"1.141233E+002","2.252E+001",11,39,1051,"2.2510000000000002E+001","1.1413330000000001E+002","39,11"
"1.141133E+002","2.252E+001",11,38,1050,"2.2510000000000002E+001","1.141233E+002","38,11"
"1.138633E+002","2.2420000000000002E+001",1,13,105,"2.241E+001","1.138733E+002","13,1"
"1.141033E+002","2.252E+001",11,37,1049,"2.2510000000000002E+001","1.141133E+002","37,11"
"1.140933E+002","2.252E+001",11,36,1048,"2.2510000000000002E+001","1.141033E+002","36,11"
"1.1408329999999999E+002","2.252E+001",11,35,1047,"2.2510000000000002E+001","1.140933E+002","35,11"
"1.140733E+002","2.252E+001",11,34,1046,"2.2510000000000002E+001","1.1408329999999999E+002","34,11"
"1.140633E+002","2.252E+001",11,33,1045,"2.2510000000000002E+001","1.140733E+002","33,11"
"1.1405329999999999E+002","2.252E+001",11,32,1044,"2.2510000000000002E+001","1.140633E+002","32,11"
"1.140433E+002","2.252E+001",11,31,1043,"2.2510000000000002E+001","1.1405329999999999E+002","31,11"
"1.140333E+002","2.252E+001",11,30,1042,"2.2510000000000002E+001","1.140433E+002","30,11"
"1.1402330000000001E+002","2.252E+001",11,29,1041,"2.2510000000000002E+001","1.140333E+002","29,11"
"1.140133E+002","2.252E+001",11,28,1040,"2.2510000000000002E+001","1.1402330000000001E+002","28,11"
"1.138533E+002","2.2420000000000002E+001",1,12,104,"2.241E+001","1.138633E+002","12,1"
"1.140033E+002","2.252E+001",11,27,1039,"2.2510000000000002E+001","1.140133E+002","27,11"
"1.139933E+002","2.252E+001",11,26,1038,"2.2510000000000002E+001","1.140033E+002","26,11"
"1.139833E+002","2.252E+001",11,25,1037,"2.2510000000000002E+001","1.139933E+002","25,11"
"1.1397329999999999E+002","2.252E+001",11,24,1036,"2.2510000000000002E+001","1.139833E+002","24,11"
"1.139633E+002","2.252E+001",11,23,1035,"2.2510000000000002E+001","1.1397329999999999E+002","23,11"
"1.139533E+002","2.252E+001",11,22,1034,"2.2510000000000002E+001","1.139633E+002","22,11"
"1.1394329999999999E+002","2.252E+001",11,21,1033,"2.2510000000000002E+001","1.139533E+002","21,11"
"1.139333E+002","2.252E+001",11,20,1032,"2.2510000000000002E+001","1.1394329999999999E+002","20,11"
"1.139233E+002","2.252E+001",11,19,1031,"2.2510000000000002E+001","1.139333E+002","19,11"
"1.1391330000000001E+002","2.252E+001",11,18,1030,"2.2510000000000002E+001","1.139233E+002","18,11"
"1.138433E+002","2.2420000000000002E+001",1,11,103,"2.241E+001","1.138533E+002","11,1"
"1.139033E+002","2.252E+001",11,17,1029,"2.2510000000000002E+001","1.1391330000000001E+002","17,11"
"1.138933E+002","2.252E+001",11,16,1028,"2.2510000000000002E+001","1.139033E+002","16,11"
"1.1388330000000001E+002","2.252E+001",11,15,1027,"2.2510000000000002E+001","1.138933E+002","15,11"
"1.138733E+002","2.252E+001",11,14,1026,"2.2510000000000002E+001","1.1388330000000001E+002","14,11"
"1.138633E+002","2.252E+001",11,13,1025,"2.2510000000000002E+001","1.138733E+002","13,11"
"1.138533E+002","2.252E+001",11,12,1024,"2.2510000000000002E+001","1.138633E+002","12,11"
"1.138433E+002","2.252E+001",11,11,1023,"2.2510000000000002E+001","1.138533E+002","11,11"
"1.1383329999999999E+002","2.252E+001",11,10,1022,"2.2510000000000002E+001","1.138433E+002","10,11"
"1.138233E+002","2.252E+001",11,9,1021,"2.2510000000000002E+001","1.1383329999999999E+002","9,11"
"1.138133E+002","2.252E+001",11,8,1020,"2.2510000000000002E+001","1.138233E+002","8,11"
"1.1383329999999999E+002","2.2420000000000002E+001",1,10,102,"2.241E+001","1.138433E+002","10,1"
"1.1380329999999999E+002","2.252E+001",11,7,1019,"2.2510000000000002E+001","1.138133E+002","7,11"
"1.137933E+002","2.252E+001",11,6,1018,"2.2510000000000002E+001","1.1380329999999999E+002","6,11"
"1.137833E+002","2.252E+001",11,5,1017,"2.2510000000000002E+001","1.137933E+002","5,11"
"1.1377330000000001E+002","2.252E+001",11,4,1016,"2.2510000000000002E+001","1.137833E+002","4,11"
"1.137633E+002","2.252E+001",11,3,1015,"2.2510000000000002E+001","1.1377330000000001E+002","3,11"
"1.137533E+002","2.252E+001",11,2,1014,"2.2510000000000002E+001","1.137633E+002","2,11"
"1.137433E+002","2.252E+001",11,1,1013,"2.2510000000000002E+001","1.137533E+002","1,11"
"1.137333E+002","2.252E+001",11,0,1012,"2.2510000000000002E+001","1.137433E+002","0,11"
"1.146433E+002","2.2510000000000002E+001",10,91,1011,"2.25E+001","1.146533E+002","91,10"
"1.1463330000000001E+002","2.2510000000000002E+001",10,90,1010,"2.25E+001","1.146433E+002","90,10"
"1.138233E+002","2.2420000000000002E+001",1,9,101,"2.241E+001","1.1383329999999999E+002","9,1"
"1.146233E+002","2.2510000000000002E+001",10,89,1009,"2.25E+001","1.1463330000000001E+002","89,10"
"1.146133E+002","2.2510000000000002E+001",10,88,1008,"2.25E+001","1.146233E+002","88,10"
"1.146033E+002","2.2510000000000002E+001",10,87,1007,"2.25E+001","1.146133E+002","87,10"
"1.145933E+002","2.2510000000000002E+001",10,86,1006,"2.25E+001","1.146033E+002","86,10"
"1.1458329999999999E+002","2.2510000000000002E+001",10,85,1005,"2.25E+001","1.145933E+002","85,10"
"1.145733E+002","2.2510000000000002E+001",10,84,1004,"2.25E+001","1.1458329999999999E+002","84,10"
"1.145633E+002","2.2510000000000002E+001",10,83,1003,"2.25E+001","1.145733E+002","83,10"
"1.1455329999999999E+002","2.2510000000000002E+001",10,82,1002,"2.25E+001","1.145633E+002","82,10"
"1.145433E+002","2.2510000000000002E+001",10,81,1001,"2.25E+001","1.1455329999999999E+002","81,10"
"1.145333E+002","2.2510000000000002E+001",10,80,1000,"2.25E+001","1.145433E+002","80,10"
"1.138133E+002","2.2420000000000002E+001",1,8,100,"2.241E+001","1.138233E+002","8,1"
"1.1383329999999999E+002","2.241E+001",0,10,10,"2.2399999999999999E+001","1.138433E+002","10,0"
"1.137433E+002","2.241E+001",0,1,1,"2.2399999999999999E+001","1.137533E+002","1,0"
"1.137333E+002","2.241E+001",0,0,0,"2.2399999999999999E+001","1.137433E+002","0,0"
